capture_utc,resultat,source,octets,sha256,lignes_flux,pdc_distincts,doublons_resolus,etats_contradictoires,etat_reference,changements,entrees,sorties,photo_du_jour,duree_s,erreur
2026-09-19T09:49:45+00:00,ok (photo de reference),github,8948214,5edda94d315c9fe02c1ccac0f84e7aa190e86b97102429e4aa387b7192b94487,121567,110759,10808,1610,aucune photo,0,110759,0,data/collecte/dynamique/instantanes/2026-09-19.csv.gz,5.7,
2026-09-19T10:23:24+00:00,ok,github,8947531,08cad904b4601c52bd198ac90a7e5debe09e6bca32b716034b42e7f37da55897,121567,110759,10808,1604,photo 2026-09-19 + 0 fichiers de changements,9495,0,0,,4.2,
2026-09-19T11:06:08+00:00,ok,local,8947080,ef3cc0b99e516099cb292307d01b3f3639002a89be931162bf8aca3886b62e8a,121567,110759,10808,1599,photo 2026-09-19 + 1 fichiers de changements,9797,0,0,,3.0,
2026-09-19T11:07:01+00:00,ok,local,8947074,8acf39a4895f15857e529bab8b8a4578f18850e52a7b5c5c264187ddbf12e643,121567,110759,10808,1597,photo 2026-09-19 + 2 fichiers de changements,419,0,0,,2.9,
2026-09-19T11:12:01+00:00,ok,local,8947419,5985733bb73bd9b0a212117b3542f0e1c67eb9762fba44ba45ae8765c2ac5436,121567,110759,10808,1601,photo 2026-09-19 + 3 fichiers de changements,1876,0,0,,2.9,
2026-09-19T11:17:00+00:00,ok,local,8947388,01c536222a45bb0429861bc535696485e8b12b02345700bc51e28d86d10a9ad8,121568,110759,10809,1595,photo 2026-09-19 + 4 fichiers de changements,1969,0,0,,2.9,
2026-09-19T11:22:01+00:00,ok,local,8947280,eb29fa9d560d8510384a313ec45a879bd398b14e5cc4c7c308bf66cff0d61dff,121568,110759,10809,1596,photo 2026-09-19 + 5 fichiers de changements,1720,0,0,,2.9,
2026-09-19T11:27:01+00:00,ok,local,8947246,c62f29e64e4d6eacb31ea83cae6c2da71513d52d4c8be52fc504f8bb5034f1fe,121568,110759,10809,1598,photo 2026-09-19 + 6 fichiers de changements,1758,0,0,,3.0,
2026-09-19T11:32:01+00:00,ok,local,8947260,ac0958d63ef82306b9d1a3f484a360c272259df44d25ce2fb662921ab3c2a94d,121568,110759,10809,1600,photo 2026-09-19 + 7 fichiers de changements,1809,0,0,,3.0,
2026-09-19T11:37:01+00:00,ok,local,8947137,23b2bfdb325f13f73ea53f9c7d12fa8eb716ddaca5eaa11862e6fa6a83efcab2,121568,110759,10809,1596,photo 2026-09-19 + 8 fichiers de changements,1630,0,0,,3.0,
2026-09-19T11:42:01+00:00,ok,local,8947005,b325b78e3d5f770c8ca021c4652ecc687cc70ff5c98f0721e90e4c9f2e237c62,121568,110759,10809,1598,photo 2026-09-19 + 9 fichiers de changements,1784,0,0,,3.0,
2026-09-19T11:47:01+00:00,ok,local,8946933,57d4dbeba528bf0b432c03edf3f82472efe29805d626ced0da2a2ddf3b9b31b6,121568,110759,10809,1598,photo 2026-09-19 + 10 fichiers de changements,1840,0,0,,3.0,
2026-09-19T11:52:01+00:00,ok,local,8946965,428740f461a12beaefe2f0b6b002670c2a900a3da1dbfd213a0b7aaba1134734,121568,110759,10809,1594,photo 2026-09-19 + 11 fichiers de changements,1682,0,0,,3.0,
2026-09-19T11:57:01+00:00,ok,local,8946800,0edc4019b57684730390c3f11950f9cc10a0a3e81ccd222eae8cc100f3f41ee4,121568,110759,10809,1592,photo 2026-09-19 + 12 fichiers de changements,1642,0,0,,3.0,
2026-09-19T12:02:01+00:00,ok,local,8946890,b13f9b497cd905e046a2737a6c16110bf79e8b921c49b797ebc89d171a267788,121568,110759,10809,1594,photo 2026-09-19 + 13 fichiers de changements,2151,0,0,,3.1,
2026-09-19T12:07:01+00:00,ok,local,8946761,652fc1e4a0345ecbc9303a19b792cc113488133c81a1a7664c74e949a0578779,121568,110759,10809,1590,photo 2026-09-19 + 14 fichiers de changements,1644,0,0,,3.0,
2026-09-19T12:12:01+00:00,ok,local,8946622,e4c6c27e347aa88d78890705ca22ef4fa596d379f7218253769f484fcb86fbf6,121568,110759,10809,1583,photo 2026-09-19 + 15 fichiers de changements,1784,0,0,,3.0,
2026-09-19T12:17:01+00:00,ok,local,8946530,539b548da3ee17a81a97bdce196469b3b545785609d1d59b61b48d1db5032743,121568,110759,10809,1584,photo 2026-09-19 + 16 fichiers de changements,1783,0,0,,3.1,
2026-09-19T12:22:01+00:00,ok,local,8946593,60000999113c7c7fefac30680661ac87461ffb1831d1cf716f72da423c7c0ed0,121568,110759,10809,1587,photo 2026-09-19 + 17 fichiers de changements,1698,0,0,,3.1,
2026-09-19T12:27:01+00:00,ok,local,8946721,793a2421f9b9e3c256b9b371a9028b0573ad10184444b6f285857654d7d388f3,121569,110759,10810,1585,photo 2026-09-19 + 18 fichiers de changements,1617,0,0,,3.2,
2026-09-19T12:32:01+00:00,ok,local,8946843,b0c610f5501656da3300308550999afccd6014cc4d32735bd1898c215f741b10,121570,110759,10811,1589,photo 2026-09-19 + 19 fichiers de changements,1807,0,0,,5.2,
2026-09-19T12:37:01+00:00,ok,local,8946530,282425076e168e415a83e0f7c8a4e90774daa71d5edb8b2a11fb0ac326d1bce0,121570,110759,10811,1587,photo 2026-09-19 + 20 fichiers de changements,1810,0,0,,3.2,
2026-09-19T12:42:01+00:00,ok,local,8946622,204f31b4652d87f7f3e00d1cc144ba1d6cfec9bf35d4004f57a4f187be692741,121570,110759,10811,1590,photo 2026-09-19 + 21 fichiers de changements,1672,0,0,,3.2,
2026-09-19T12:47:01+00:00,ok,local,8946593,b07307ff3c723e88762274b6e85429027e942cf91fa6ac2ade2a4037e691e9a5,121570,110759,10811,1595,photo 2026-09-19 + 22 fichiers de changements,1596,0,0,,3.2,
2026-09-19T12:52:01+00:00,ok,local,8946708,a405df7e5cb21dd344279201a2fe2fa8848ababc6d768f1c41b307ff33ec7db5,121571,110759,10812,1600,photo 2026-09-19 + 23 fichiers de changements,1793,0,0,,3.2,
2026-09-19T12:57:01+00:00,ok,local,8946772,5a68010b7444a505fb2916181ddeb39ca32c78badfeca3f2ffbd396387b0047d,121572,110759,10813,1602,photo 2026-09-19 + 24 fichiers de changements,1859,0,0,,3.2,
2026-09-19T13:02:01+00:00,ok,local,8947024,7e341ccf67c1849f83b2fd5950c90d4663ba1c00c7247ee72885c78110392b88,121572,110759,10813,1602,photo 2026-09-19 + 25 fichiers de changements,2077,0,0,,3.2,
2026-09-19T13:07:01+00:00,ok,local,8946895,23069cd11e4000a42b5104697bddcb6ae01e0fe6d6df955fed14e077849b39e0,121572,110759,10813,1600,photo 2026-09-19 + 26 fichiers de changements,1715,0,0,,3.2,
2026-09-19T13:12:01+00:00,ok,local,8946866,b2e8605070b5855688f04d30e2b655b8b248383458c8b6dae85f3475ce08c94c,121572,110759,10813,1606,photo 2026-09-19 + 27 fichiers de changements,1885,0,0,,3.2,
2026-09-19T13:17:01+00:00,ok,local,8946827,1997fd550252848d7b9a2d2e67e75da9127d200faafee171a701ad35ffb89b78,121572,110759,10813,1603,photo 2026-09-19 + 28 fichiers de changements,1922,0,0,,2.9,
2026-09-19T13:22:01+00:00,ok,local,8947054,a9266e3ad381b55c2d0a4f218182f86c869d2bdef858e71c8d9a13948963a2e5,121572,110759,10813,1602,photo 2026-09-19 + 29 fichiers de changements,1687,0,0,,2.9,
2026-09-19T13:27:01+00:00,ok,local,8947109,55ef85f18c1c161eebf876e948dea473eb39485f0a208bfe72baedf861ac52be,121572,110759,10813,1599,photo 2026-09-19 + 30 fichiers de changements,1824,0,0,,2.9,
2026-09-19T13:32:01+00:00,ok,local,8947212,f0520a5275da394256dc4139a1c29270dafb3d2889e6172eb13edf0e4536d4a8,121572,110759,10813,1599,photo 2026-09-19 + 31 fichiers de changements,1944,0,0,,2.9,
2026-09-19T13:37:01+00:00,ok,local,8947182,929a55c9d776792ab58bc6615c643db90a409bfae3dab1e9b32e7051ae65e3b2,121572,110759,10813,1601,photo 2026-09-19 + 32 fichiers de changements,1808,0,0,,2.9,
2026-09-19T13:42:01+00:00,ok,local,8947158,87b3086a298814cab74ac939f17f0c0fbac5b43ab79bd191afd98a70cddeb1ed,121572,110759,10813,1594,photo 2026-09-19 + 33 fichiers de changements,1803,0,0,,2.9,
2026-09-19T13:47:01+00:00,ok,local,8947117,65e68b2b212da271b3cff174fbb84cd7f1eb352fc55fc0a0799632e5dae44a5f,121572,110759,10813,1592,photo 2026-09-19 + 34 fichiers de changements,1810,0,0,,2.9,
2026-09-19T13:52:01+00:00,ok,local,8947027,a15fb9f9c63a73bfe96ab2697568206f171197389d2571b536700db2d516abbb,121572,110759,10813,1589,photo 2026-09-19 + 35 fichiers de changements,1917,0,0,,3.0,
2026-09-19T13:57:00+00:00,echec,local,,,,,,,,,,,,40.0,"URLError: <urlopen error [Errno 8] nodename nor servname provided, or not known>"
2026-09-19T14:00:26+00:00,ok,github,8947125,15655c296c4df30075ecb58d89b464acb0ef6088888586f96d1de8155af97940,121572,110759,10813,1583,photo 2026-09-19 + 36 fichiers de changements,3306,0,0,,5.3,
2026-09-19T14:17:12+00:00,ok,local,8947149,bff30b79cc110c5fb297128e15173151fc9f7b1209602eff331fc4236cf560ad,121572,110759,10813,1590,photo 2026-09-19 + 37 fichiers de changements,5266,0,0,,21.3,
2026-09-19T14:20:22+00:00,ok,local,8947217,19de73729d5404578a82652c3d063225f61e163ec4b2938d63fa8753b023dde2,121572,110759,10813,1594,photo 2026-09-19 + 38 fichiers de changements,1169,0,0,,1.9,
2026-09-19T14:22:01+00:00,ok,local,8947218,22e4158796f08fefb7247784ffd582a0f4f4995045c64483b15f27597d3cb6f1,121572,110759,10813,1591,photo 2026-09-19 + 39 fichiers de changements,546,0,0,,3.7,
2026-09-19T14:27:01+00:00,ok,local,8947226,a97c92e7cc7678129097a6246b91724ea1b9094868d1462d8be462a74268e91c,121572,110759,10813,1595,photo 2026-09-19 + 40 fichiers de changements,1816,0,0,,2.1,
2026-09-19T14:32:02+00:00,ok,local,8947028,059ed0df19204b6ea6a24d39b83f61f78d2cffc3bfadb117e44f9f266e92b26b,121572,110759,10813,1597,photo 2026-09-19 + 41 fichiers de changements,2011,0,0,,15.9,
2026-09-19T14:37:02+00:00,ok,local,8947357,737bba6f14fe88fe67e2a7b2ede2724f18181cc8691de82f9fc1d4e0b3422e0a,121574,110759,10815,1603,photo 2026-09-19 + 42 fichiers de changements,1953,0,0,,3.6,
2026-09-19T14:42:01+00:00,ok,local,8947412,006f13bfaf90b5fd74c66f7d21fae5c89c5461a5ca545347d28979aec1c69b3a,121574,110759,10815,1600,photo 2026-09-19 + 43 fichiers de changements,1969,0,0,,3.2,
2026-09-19T14:47:01+00:00,ok,local,8947384,f2b4473872cccf8531960ffd4ea64e5cecafca604fbb8b16dbca3dccfa8083fc,121574,110759,10815,1594,photo 2026-09-19 + 44 fichiers de changements,1806,0,0,,2.6,
2026-09-19T14:52:01+00:00,ok,local,8947397,e97d3affd9d7a93ca3d6d0caacb074e3f8a14e081b593762d433ff7321cad4ed,121574,110759,10815,1595,photo 2026-09-19 + 45 fichiers de changements,1933,0,0,,3.0,
2026-09-19T14:57:01+00:00,ok,local,8947441,ecd7d42f5b50e1e02ac13fecdf80241eef32bb4c12b2c97d229d246da6c3af81,121574,110759,10815,1591,photo 2026-09-19 + 46 fichiers de changements,1746,0,0,,3.2,
2026-09-19T15:02:02+00:00,ok,local,8947346,0ae6637568afdfbd3eaae5c2410b0da3e8fe8c5d0f390b028342f77e37ddfe1b,121574,110759,10815,1592,photo 2026-09-19 + 47 fichiers de changements,2322,0,0,,4.0,
2026-09-19T15:07:00+00:00,echec,local,,,,,,,,,,,,40.0,"URLError: <urlopen error [Errno 8] nodename nor servname provided, or not known>"
2026-09-19T15:12:00+00:00,echec,local,,,,,,,,,,,,40.0,"URLError: <urlopen error [Errno 8] nodename nor servname provided, or not known>"
2026-09-19T15:17:00+00:00,echec,local,,,,,,,,,,,,40.0,"URLError: <urlopen error [Errno 8] nodename nor servname provided, or not known>"
2026-09-19T15:22:00+00:00,echec,local,,,,,,,,,,,,40.0,"URLError: <urlopen error [Errno 8] nodename nor servname provided, or not known>"
2026-09-19T15:27:00+00:00,echec,local,,,,,,,,,,,,40.0,"URLError: <urlopen error [Errno 8] nodename nor servname provided, or not known>"
2026-09-19T15:32:00+00:00,echec,local,,,,,,,,,,,,40.0,"URLError: <urlopen error [Errno 8] nodename nor servname provided, or not known>"
2026-09-19T15:37:00+00:00,echec,local,,,,,,,,,,,,40.0,"URLError: <urlopen error [Errno 8] nodename nor servname provided, or not known>"
2026-09-19T15:42:00+00:00,echec,local,,,,,,,,,,,,40.0,"URLError: <urlopen error [Errno 8] nodename nor servname provided, or not known>"
2026-09-19T15:47:00+00:00,echec,local,,,,,,,,,,,,40.0,"URLError: <urlopen error [Errno 8] nodename nor servname provided, or not known>"
2026-09-19T15:52:00+00:00,echec,local,,,,,,,,,,,,40.0,"URLError: <urlopen error [Errno 8] nodename nor servname provided, or not known>"
2026-09-19T15:57:00+00:00,echec,local,,,,,,,,,,,,40.0,"URLError: <urlopen error [Errno 8] nodename nor servname provided, or not known>"
2026-09-19T16:02:00+00:00,echec,local,,,,,,,,,,,,40.0,"URLError: <urlopen error [Errno 8] nodename nor servname provided, or not known>"
2026-09-19T16:07:00+00:00,echec,local,,,,,,,,,,,,40.0,"URLError: <urlopen error [Errno 8] nodename nor servname provided, or not known>"
2026-09-19T16:12:00+00:00,echec,local,,,,,,,,,,,,40.0,"URLError: <urlopen error [Errno 8] nodename nor servname provided, or not known>"
2026-09-19T16:17:00+00:00,echec,local,,,,,,,,,,,,40.0,"URLError: <urlopen error [Errno 8] nodename nor servname provided, or not known>"
2026-09-19T16:22:00+00:00,echec,local,,,,,,,,,,,,40.0,"URLError: <urlopen error [Errno 8] nodename nor servname provided, or not known>"
2026-09-19T16:27:00+00:00,echec,local,,,,,,,,,,,,40.0,"URLError: <urlopen error [Errno 8] nodename nor servname provided, or not known>"
2026-09-19T16:32:00+00:00,echec,local,,,,,,,,,,,,40.0,"URLError: <urlopen error [Errno 8] nodename nor servname provided, or not known>"
2026-09-19T16:37:00+00:00,echec,local,,,,,,,,,,,,40.0,"URLError: <urlopen error [Errno 8] nodename nor servname provided, or not known>"
2026-09-19T16:42:00+00:00,echec,local,,,,,,,,,,,,40.0,"URLError: <urlopen error [Errno 8] nodename nor servname provided, or not known>"
2026-09-19T16:47:00+00:00,echec,local,,,,,,,,,,,,40.0,"URLError: <urlopen error [Errno 8] nodename nor servname provided, or not known>"
2026-09-19T16:52:00+00:00,echec,local,,,,,,,,,,,,40.0,"URLError: <urlopen error [Errno 8] nodename nor servname provided, or not known>"
2026-09-19T16:57:00+00:00,echec,local,,,,,,,,,,,,40.0,"URLError: <urlopen error [Errno 8] nodename nor servname provided, or not known>"
2026-09-19T17:02:00+00:00,echec,local,,,,,,,,,,,,40.0,"URLError: <urlopen error [Errno 8] nodename nor servname provided, or not known>"
2026-09-19T17:07:00+00:00,echec,local,,,,,,,,,,,,40.0,"URLError: <urlopen error [Errno 8] nodename nor servname provided, or not known>"
2026-09-19T17:12:00+00:00,echec,local,,,,,,,,,,,,40.0,"URLError: <urlopen error [Errno 8] nodename nor servname provided, or not known>"
2026-09-19T17:17:01+00:00,ok,local,8946659,f017043fb85d34d2d25bdd1c42a3ea1edb2351c259a2f05b6222ad500c93d9fd,121577,110760,10817,1617,photo 2026-09-19 + 48 fichiers de changements,12050,1,0,,9.5,
2026-09-19T17:22:03+00:00,ok,local,8946338,09ac69c7df5bb0cd3389161be9eb407c5cc49a5b80f7f898fd380f4f9b00afd5,121577,110760,10817,1615,photo 2026-09-19 + 49 fichiers de changements,1911,1,0,,73.4,
2026-09-19T17:27:22+00:00,ok,local,8946458,ba370f7bb48f06a5bc4524596643c190c7ecf763a31bbc24af646b79fb42fe91,121578,110760,10818,1609,photo 2026-09-19 + 50 fichiers de changements,1282,1,0,,5.1,
2026-09-19T17:32:01+00:00,ok,local,8946379,5c52890846b9f32da33893c8e9eb43bab989714f207d4d9a956563297cc19165,121578,110760,10818,1612,photo 2026-09-19 + 51 fichiers de changements,1408,1,0,,2.8,
2026-09-19T17:37:01+00:00,ok,local,8946391,d3d7890d69946c78e5d30bd5aed87de012973c76ca00ba2bc87e593e8d643e89,121578,110760,10818,1613,photo 2026-09-19 + 52 fichiers de changements,1397,1,0,,6.1,
2026-09-19T17:42:01+00:00,ok,local,8946180,74e8cbacd69f34f58a456994d6252101b672f50356438ce38ecb8d86e4a65e84,121578,110760,10818,1615,photo 2026-09-19 + 53 fichiers de changements,1450,1,0,,1.9,
2026-09-19T17:47:01+00:00,ok,local,8945984,7c87ce9f574be5b8a1763c3d1d682840b0a65b5f33cd28a7a1eb9c99ce262be4,121578,110760,10818,1611,photo 2026-09-19 + 54 fichiers de changements,1343,1,0,,2.4,
2026-09-19T17:52:01+00:00,ok,local,8945869,e70f0cebc94bb4f7fcb44d057685ec945af3b2ed8a2eeeb61e372bb87e487df8,121578,110760,10818,1612,photo 2026-09-19 + 55 fichiers de changements,1232,1,0,,2.8,
2026-09-19T17:57:01+00:00,ok,local,8945682,65f8cc43f5fd823dd4eab05825e742bf4f35b9de3e28a46953644b4540c9d221,121578,110760,10818,1625,photo 2026-09-19 + 56 fichiers de changements,1212,1,0,,2.6,
2026-09-19T18:02:01+00:00,ok,local,8945870,a0bb9546e9319d5ff55bd5bffaa6709507e28604ab634d7f823b6d7786dc098c,121578,110760,10818,1621,photo 2026-09-19 + 57 fichiers de changements,1582,1,0,,12.1,
2026-09-19T18:07:03+00:00,ok,local,8945712,769180fb5a818915bca0cd292c57552d7db5d1b422acd2bac180b1560abddafe,121578,110760,10818,1617,photo 2026-09-19 + 58 fichiers de changements,1150,1,0,,9.3,
2026-09-19T18:12:01+00:00,ok,local,8945759,9b7ea403c794399d4a605ec419a106a575e0476f375d8f826595ede2177020b2,121578,110760,10818,1605,photo 2026-09-19 + 59 fichiers de changements,1052,1,0,,2.8,
2026-09-19T18:17:01+00:00,ok,local,8945725,b78ad60d132a00c6d7cd46d08ee50292931014eef02db5d2b4fa55e3df23e093,121578,110760,10818,1604,photo 2026-09-19 + 60 fichiers de changements,1029,1,0,,3.0,
2026-09-19T18:22:01+00:00,ok,local,8945657,0bab194e3443e99cef1dbc938563f319ac769e1a9ab6a9628c5c2f328c025c7e,121578,110760,10818,1606,photo 2026-09-19 + 61 fichiers de changements,1060,1,0,,34.9,
2026-09-19T18:27:01+00:00,ok,local,8945559,c1c9199dd426799a77f3070b4f83cb5ef333d5d0fad1e17929805aae964ce386,121578,110760,10818,1606,photo 2026-09-19 + 62 fichiers de changements,1022,1,0,,3.3,
2026-09-19T18:32:03+00:00,ok,local,8945483,f460b76dd8f8566d47651bd52953b9bb968e0889952883c940cad7338ead86fd,121578,110760,10818,1609,photo 2026-09-19 + 63 fichiers de changements,921,1,0,,4.0,
2026-09-19T18:37:01+00:00,ok,local,8945289,443e2115565bf6f50fa2514abb4046450fee43a292aea75ba9c4ae988c39e5c5,121578,110760,10818,1607,photo 2026-09-19 + 64 fichiers de changements,870,1,0,,2.2,
2026-09-19T18:42:01+00:00,ok,local,8945268,042a5a73d4adb64e3d054745c657ff649cfe17b54175b4d0a0913c7681beac72,121578,110760,10818,1602,photo 2026-09-19 + 65 fichiers de changements,928,1,0,,3.7,
2026-09-19T18:47:01+00:00,ok,local,8945368,d24a6338b9a9ed9ca9156c0c15a19a9c00ba07750d56f8d3e193d25d3afc2d4d,121579,110760,10819,1602,photo 2026-09-19 + 66 fichiers de changements,830,1,0,,3.4,
2026-09-19T18:52:01+00:00,ok,local,8945306,8b9214f4861bab1232f948be9f79cfe1d130345a3e541ed04f72be24ee56b7a3,121579,110760,10819,1606,photo 2026-09-19 + 67 fichiers de changements,838,1,0,,2.8,
2026-09-19T18:57:01+00:00,ok,local,8945119,ce822247a40564b191930bcdc8ace7362672e157fc015e0e054e87836b0010fa,121579,110760,10819,1606,photo 2026-09-19 + 68 fichiers de changements,808,1,0,,1.7,
2026-09-19T19:02:01+00:00,ok,local,8945155,ee10b1770ed806c9c81696b2063c3d5562f2b2fdb04c71a71b5a23f3b72eca05,121579,110760,10819,1609,photo 2026-09-19 + 69 fichiers de changements,1094,1,0,,1.5,
2026-09-19T19:07:01+00:00,ok,local,8945025,98f0aed99a53697831beb68babe1b275788fc2da00ed6a661465e340d6e8df16,121579,110760,10819,1610,photo 2026-09-19 + 70 fichiers de changements,899,1,0,,1.4,
2026-09-19T19:12:01+00:00,ok,local,8945127,effef379107d81975384e7c56653a3ac684016d90f1b4ff11d63a50d98c2cba4,121579,110760,10819,1604,photo 2026-09-19 + 71 fichiers de changements,847,1,0,,1.5,
2026-09-19T19:17:01+00:00,ok,local,8945037,61a3ff3d7d8ffad17277f201c3fbc3f6eca88e7772a62895d178150d0130befa,121579,110760,10819,1608,photo 2026-09-19 + 72 fichiers de changements,808,1,0,,1.5,
2026-09-19T19:22:01+00:00,ok,local,8944877,100ba93ecb0e759b47958d318910930661087c295987746603028853b36a9521,121579,110760,10819,1601,photo 2026-09-19 + 73 fichiers de changements,781,1,0,,1.5,
2026-09-19T19:27:01+00:00,ok,local,8944795,2798b49b38093d4082afe4bf8dc69a05ad2c5e9e3bc0a3ad8f4e8ffa43f240d2,121579,110760,10819,1605,photo 2026-09-19 + 74 fichiers de changements,683,1,0,,1.5,
2026-09-19T19:32:01+00:00,ok,local,8944698,501896d334c88aedcc1ac7e789fdab0faad818caa1df4a06d8b9163a92a077ff,121579,110760,10819,1604,photo 2026-09-19 + 75 fichiers de changements,782,1,0,,1.5,
2026-09-19T19:37:01+00:00,ok,local,8944513,7e87f34dde11b6c1db94636e0b95e74532db3795e5f637a50696755351af2bdb,121579,110760,10819,1604,photo 2026-09-19 + 76 fichiers de changements,692,1,0,,1.5,
2026-09-19T19:42:01+00:00,ok,local,8944390,7103a04f436861bb361e3361c61635e34704c60f8fb1a6a05d0d5cef31b6074a,121579,110760,10819,1602,photo 2026-09-19 + 77 fichiers de changements,731,1,0,,1.5,
2026-09-19T19:47:01+00:00,ok,local,8944457,7d07058f52a1a059e973f59d5085237675089b9bc115b0280280083487bacc42,121579,110760,10819,1604,photo 2026-09-19 + 78 fichiers de changements,684,1,0,,1.5,
2026-09-19T19:52:01+00:00,ok,local,8944365,5d354f3b3bc65c812698d17fa69b02c29f8286ef90e109cd9cc07f8a457328b0,121579,110760,10819,1613,photo 2026-09-19 + 79 fichiers de changements,620,1,0,,1.5,
2026-09-19T19:57:01+00:00,ok,local,8944338,b516f2eb4367d73572fe663794d23b4cc9e2053165742e7d066314b43b1f2f28,121579,110760,10819,1623,photo 2026-09-19 + 80 fichiers de changements,693,1,0,,1.6,
2026-09-19T20:07:01+00:00,ok,local,8945990,2bb94aea2f1e4047016fd2226b07a0409d782b964b1075bff53da7afbf340330,121582,110763,10819,1636,photo 2026-09-19 + 81 fichiers de changements,2448,4,0,,1.6,
2026-09-19T20:22:01+00:00,ok,local,8946832,3bf1a5d1d8615df0430917f8fd0e2497c0b7272baa143cc3eedc2c92cd4dc69c,121582,110763,10819,1658,photo 2026-09-19 + 82 fichiers de changements,2257,4,0,,1.6,
2026-09-19T20:37:01+00:00,ok,local,8945004,a8ba7e32659798a6218e1a12b0a7257507075b830d6f75f5b4ab5a5c4c8a2a62,121582,110763,10819,1621,photo 2026-09-19 + 83 fichiers de changements,2366,4,0,,1.6,
2026-09-19T20:52:01+00:00,ok,local,8944241,022daae57a5de7c897a6b0c25dfde931110467eeeca2397c1852710262195504,121583,110763,10820,1609,photo 2026-09-19 + 84 fichiers de changements,1936,4,0,,1.6,
2026-09-19T21:07:01+00:00,ok,local,8943522,907711d6850954c7b6ba9bf18f6e79e00ee49bc01ff56c231ab70fc628d828c2,121583,110763,10820,1615,photo 2026-09-19 + 85 fichiers de changements,1983,4,0,,1.6,
2026-09-19T21:22:01+00:00,ok,local,8944590,d536c2d0801b1fe87efb96815c4d23115924c5b40ed02d049637997da7d21d01,121584,110764,10820,1664,photo 2026-09-19 + 86 fichiers de changements,1889,5,0,,1.6,
2026-09-19T21:37:01+00:00,ok,local,8945095,b3ee23787b4893d8af96f6050d71f769a95f755c609f324ab2d3b2b3b6a2d285,121584,110764,10820,1652,photo 2026-09-19 + 87 fichiers de changements,2159,5,0,,1.6,
2026-09-19T21:52:01+00:00,ok,local,8944142,aa1149815a37ae464fc65cd6dea919ae9ad0b19c33f056a2ed2b463b097d29c6,121584,110764,10820,1630,photo 2026-09-19 + 88 fichiers de changements,1619,5,0,,1.6,
2026-09-19T22:07:01+00:00,ok,local,8944234,c16f578ba7bd8d6b2b499151dbd579833838062658ac0c26c6eef0c6cfe878c4,121586,110766,10820,1613,photo 2026-09-19 + 89 fichiers de changements,1386,7,0,,1.7,
2026-09-19T22:22:01+00:00,ok,local,8943420,f45ff7a8930863b731dc024bfe8ffaae699fff88559c1ee7e2445228eba26e67,121586,110766,10820,1610,photo 2026-09-19 + 90 fichiers de changements,1615,7,0,,1.7,
2026-09-19T22:37:01+00:00,ok,local,8943425,c5a3f817ec89715856b3b47e4e8b1205bb91a8a0d49bccc6467564e57f5cee08,121586,110766,10820,1615,photo 2026-09-19 + 91 fichiers de changements,1048,7,0,,1.7,
2026-09-19T22:52:01+00:00,ok,local,8943417,dd601938623bbbadd928775efffcea47b1e4c9d0f3e867d058084700009e774e,121586,110766,10820,1617,photo 2026-09-19 + 92 fichiers de changements,1026,7,0,,1.7,
2026-09-19T23:07:01+00:00,ok,local,8943320,946777b749d432084ed46a82bd162d82a3118abe87496ac427468087b8cbb063,121586,110766,10820,1622,photo 2026-09-19 + 93 fichiers de changements,1014,7,0,,1.7,
2026-09-19T23:22:01+00:00,ok,local,8943294,2679a45fefe87c52e51b9039f8205039f6b427df05b20b1c1681ce224d888dbe,121586,110766,10820,1619,photo 2026-09-19 + 94 fichiers de changements,856,7,0,,1.7,
2026-09-19T23:37:01+00:00,ok,local,8943337,eca269187b12e5342ddaadae114353a4ba1aa1517532659150ab2f004415661e,121586,110766,10820,1623,photo 2026-09-19 + 95 fichiers de changements,830,7,0,,1.7,
2026-09-19T23:52:01+00:00,ok,local,8943184,738d1f72c6b7d630bbf553b14743e7afb3980cbeaad0ec961d8ec40b24cf9dc8,121586,110766,10820,1625,photo 2026-09-19 + 96 fichiers de changements,811,7,0,,1.7,
2026-09-20T00:07:01+00:00,ok,local,8943725,28d89d14b35f060e0c42563f56f3d82d560a935edd916989b1c361e6209bba31,121596,110776,10820,1626,photo 2026-09-19 + 97 fichiers de changements,800,17,0,data/collecte/dynamique/instantanes/2026-09-20.csv.gz,2.0,
2026-09-20T00:22:01+00:00,ok,local,8943931,13e7923915d77507d92fc32d4038808107b6851b331d85b8efdc06ca22dc95a1,121596,110776,10820,1626,photo 2026-09-20 + 1 fichiers de changements,751,0,0,,1.0,
2026-09-20T00:37:01+00:00,ok,local,8944565,5af505523904c38ed004bc98620b32f25281af8cd50c1c69b12f86bf134ed2d9,121596,110776,10820,1626,photo 2026-09-20 + 2 fichiers de changements,721,0,0,,0.9,
2026-09-20T00:52:01+00:00,ok,local,8944454,1dd6e964cc49ffd6c058cf21d3906bfb7e9f7903c262b4b39d35272dfdb1bef7,121596,110776,10820,1619,photo 2026-09-20 + 3 fichiers de changements,704,0,0,,0.9,
2026-09-20T01:07:01+00:00,ok,local,8944861,cf35a5a8a43bf2e871c9b45b937eae4e50aa1f06b08cb620c1e4f43a1c95f528,121596,110776,10820,1629,photo 2026-09-20 + 4 fichiers de changements,795,0,0,,1.0,
2026-09-20T01:22:01+00:00,ok,local,8944786,dfea50787cb9db1b0f3c837034cbea8187304e07152be39904f68f1386b3d5dc,121596,110776,10820,1627,photo 2026-09-20 + 5 fichiers de changements,645,0,0,,1.0,
2026-09-20T01:37:01+00:00,ok,local,8944853,546203c3a23e4ccc8e4b0a04acf5b92d0e3b270e818790ccd36f7a9cfb775203,121596,110776,10820,1632,photo 2026-09-20 + 6 fichiers de changements,565,0,0,,1.0,
2026-09-20T01:52:01+00:00,ok,local,8944798,283846fc8eb8ba5d98b869d09a8041efa6ca1dfb6846ceba68825f123dc8b44c,121596,110776,10820,1620,photo 2026-09-20 + 7 fichiers de changements,648,0,0,,1.0,
2026-09-20T02:07:01+00:00,ok,local,8944688,5b0511889aba7cb5b0ce309e79df1be8a97cf556b28646da077f5b4ff28a4c87,121596,110776,10820,1628,photo 2026-09-20 + 8 fichiers de changements,610,0,0,,2.5,
2026-09-20T02:22:01+00:00,ok,local,8944625,ce54b49d8c6a293ceeb9477e23aeab5ab6c521bb17cefa67ba38fb2c31a164eb,121596,110776,10820,1628,photo 2026-09-20 + 9 fichiers de changements,488,0,0,,2.5,
2026-09-20T20:01:56+00:00,ok,local,8946055,4f177d2650cee7c57d408cda3a41a93f1dac1e8e560f9405b05620bdf0dd80de,121598,110778,10820,1649,photo 2026-09-20 + 10 fichiers de changements,7777,7,5,,1.1,
2026-09-20T20:07:01+00:00,ok,local,8946038,3b6178ffd77c01148996e2fde33f65df224b7d5f69e71b2b6dca2124a08e49e4,121598,110778,10820,1648,photo 2026-09-20 + 11 fichiers de changements,641,7,5,,1.0,
2026-09-20T20:15:29+00:00,ok,github,8945913,4800e6398fbee62aa2797e13a1d1fc560eb651ee898553563950b46fe8633a7a,121598,110778,10820,1647,photo 2026-09-20 + 12 fichiers de changements,1094,7,5,,4.0,
2026-09-20T20:22:01+00:00,ok,local,8945840,53bc9b3ed20012b96e34b94bfdb125c78e459217e6191d92ade144d3d4dda46f,121598,110778,10820,1647,photo 2026-09-20 + 13 fichiers de changements,736,7,5,,1.1,
2026-09-20T20:22:00+00:00,ok,github,8945840,53bc9b3ed20012b96e34b94bfdb125c78e459217e6191d92ade144d3d4dda46f,121598,110778,10820,1647,photo 2026-09-20 + 13 fichiers de changements,736,7,5,,4.1,
2026-09-20T20:37:00+00:00,ok,github,8945729,ff4bfbaaacf28bd988715da7ad8195d1e813b02bc5de4a5aa4b00e7ad2b48ff2,121599,110778,10821,1653,photo 2026-09-20 + 15 fichiers de changements,1557,7,5,,4.3,
2026-09-20T20:37:23+00:00,ok,local,8945660,86788034e2bee3c5377e7b20a22732c7549515af4d4798548819c1ffd197df24,121599,110778,10821,1653,photo 2026-09-20 + 15 fichiers de changements,1590,7,5,,1.5,
2026-09-20T20:39:09+00:00,ok,github,8945682,af3616b71e688b360a53ac93adb9a78264d799d38ce025b2cc528e794dff78fe,121599,110778,10821,1653,photo 2026-09-20 + 17 fichiers de changements,177,7,5,,5.7,
2026-09-20T20:52:00+00:00,ok,github,8945383,c4cebb972e8a4969f6de49d8c0d5a82e3e4b73c5ef8cdda4e504d100beca802d,121599,110778,10821,1653,photo 2026-09-20 + 18 fichiers de changements,1158,7,5,,6.1,
2026-09-20T21:16:36+00:00,ok,github,8945211,a14f447fac085608de2bceb338d95e4d6e2ce115578f67eb82e26c01c43cba03,121599,110778,10821,1635,photo 2026-09-20 + 19 fichiers de changements,1887,7,5,,4.0,
2026-09-20T21:22:00+00:00,ok,github,8945244,c056af57f817e46039bafa62dcd01bc6cbd032530be03743652a478cf158bd9e,121599,110778,10821,1635,photo 2026-09-20 + 20 fichiers de changements,470,7,5,,4.4,
2026-09-20T21:37:00+00:00,ok,github,8945065,44148d1132ed34cdf031e411a2c4a97224b8996bdd497c50329ba6037b14a312,121599,110778,10821,1642,photo 2026-09-20 + 21 fichiers de changements,1020,7,5,,4.4,
2026-09-20T21:52:00+00:00,ok,github,8945011,654fc6c5c6fe50531617a6c3c4fd72747ee1a4429bb62ea08e1815c4e89dec70,121599,110778,10821,1645,photo 2026-09-20 + 22 fichiers de changements,865,7,5,,4.2,
2026-09-20T22:07:00+00:00,ok,github,8944827,8864eeb7a50466c5425fe5235124b10597588c2ea83622f245d602d6cb6f9191,121599,110778,10821,1637,photo 2026-09-20 + 23 fichiers de changements,994,7,5,,4.5,
2026-09-20T22:22:00+00:00,ok,github,8944932,10768f76f5aa236e7d338b013a0ccd0550a5eabd23e03c2ab7a17e1a6c431454,121599,110778,10821,1638,photo 2026-09-20 + 24 fichiers de changements,801,7,5,,4.5,
2026-09-20T22:37:00+00:00,ok,github,8944822,6fee0f4b8363571cb53726619cdb4a86c10a67f864b0ff51af9bebc05f83a6a9,121599,110778,10821,1634,photo 2026-09-20 + 25 fichiers de changements,746,7,5,,4.7,
2026-09-20T22:52:00+00:00,ok,github,8944701,c555d5c63c78ab342ca9da49e348ce7ca939c57371dd14aa84ab58029e1bc634,121599,110778,10821,1636,photo 2026-09-20 + 26 fichiers de changements,701,7,5,,4.5,
2026-09-20T23:07:00+00:00,ok,github,8944521,242772950e224c495fcaf09c1cba2437f80a0b20eb42d1066446cdb7ece0635d,121599,110778,10821,1622,photo 2026-09-20 + 27 fichiers de changements,743,7,5,,4.8,
2026-09-20T23:22:00+00:00,ok,github,8944286,772f4637bb2e035d8ad8a236473d400685c73ef284ed866dfa21e1287042d161,121599,110778,10821,1625,photo 2026-09-20 + 28 fichiers de changements,552,7,5,,4.6,
2026-09-20T23:37:00+00:00,ok,github,8944235,f276dc635eb0b518793ef3c0ebbcbaf6e53dd2d1c5d3ec04c2a122dde770802b,121599,110778,10821,1629,photo 2026-09-20 + 29 fichiers de changements,515,7,5,,4.7,
2026-09-20T23:52:00+00:00,ok,github,8944312,1d4012a40d9fa353a7927ec7b13224640460b41d1a20b4a99f6effe5ec3c9020,121599,110778,10821,1632,photo 2026-09-20 + 30 fichiers de changements,506,7,5,,4.5,
2026-09-21T00:07:24+00:00,ok,github,8944084,0a75feff35d0a52c8f4523741e79df91eb98b88518006f8611d99d96b16629ed,121599,110778,10821,1644,photo 2026-09-20 + 31 fichiers de changements,670,7,5,data/collecte/dynamique/instantanes/2026-09-21.csv.gz,6.8,
2026-09-21T00:22:00+00:00,ok,github,8944461,0013f5cf8717a8a4ac512a43e2753efd4e2b832bb6ad9fd97042b276b6796bc4,121599,110778,10821,1641,photo 2026-09-21 + 1 fichiers de changements,496,0,0,,6.0,
2026-09-21T00:37:00+00:00,ok,github,8944621,e8ab71932bdb9920c51882d5dff3592d3b98e2eb3235298d8a63657b88b5bd90,121599,110778,10821,1647,photo 2026-09-21 + 2 fichiers de changements,566,0,0,,6.0,
2026-09-21T00:52:00+00:00,ok,github,8944321,ad15bd1c8b9f916e84a1a40b02fa434a697db0287fe01cd592024284781bdab4,121599,110778,10821,1644,photo 2026-09-21 + 3 fichiers de changements,441,0,0,,5.8,
2026-09-21T01:07:00+00:00,ok,github,8944817,fa282e9a6ca7d1dc818b1d8b3d6dc40204811858be611c7068a4d081436ebdb3,121599,110778,10821,1647,photo 2026-09-21 + 4 fichiers de changements,563,0,0,,5.6,
2026-09-21T01:22:00+00:00,ok,github,8944525,99830d9401e29872023d99b44d97f675b6b854c8bf1e70651156f55997c995ca,121599,110778,10821,1650,photo 2026-09-21 + 5 fichiers de changements,555,0,0,,5.7,
2026-09-21T01:37:00+00:00,ok,github,8944401,b7aacb0e692498a7082afddd2700dc18edc5bc9f24fc20e020e940353a50144b,121599,110778,10821,1652,photo 2026-09-21 + 6 fichiers de changements,458,0,0,,5.8,
2026-09-21T01:52:00+00:00,ok,github,8944463,82c8179b23448a146c607996fe5f49ae92eb813c16ae03dd0ddb446263be8e2e,121599,110778,10821,1651,photo 2026-09-21 + 7 fichiers de changements,469,0,0,,5.9,
2026-09-21T02:07:00+00:00,ok,github,8944328,6254cf435abb8a84f134800f48fdbb090f5fa76a6b045385b19603bc982d6301,121599,110778,10821,1651,photo 2026-09-21 + 8 fichiers de changements,471,0,0,,6.0,
2026-09-21T02:22:00+00:00,ok,github,8944159,ad66c6a907045db2cdd21637c1832b02bfa906b3b3032588bb3a9a39e2c5592d,121599,110778,10821,1654,photo 2026-09-21 + 9 fichiers de changements,432,0,0,,5.6,
2026-09-21T02:37:00+00:00,ok,github,8944308,5302fe6f514cab7f20f2fcbae93eb7aad5c89ddb74a61d0c5cde94143cdc542b,121599,110778,10821,1654,photo 2026-09-21 + 10 fichiers de changements,412,0,0,,5.7,
2026-09-21T02:52:00+00:00,ok,github,8944402,04e2d4610e4862256c5947ee6fc37dc8c4fddc78a09296ab0c587750f091d544,121599,110778,10821,1654,photo 2026-09-21 + 11 fichiers de changements,495,0,0,,6.2,
2026-09-21T03:07:00+00:00,ok,github,8944377,184047b73b534569082cf37d4673a23e29451e8b4192366d662f421a01902757,121599,110778,10821,1651,photo 2026-09-21 + 12 fichiers de changements,555,0,0,,5.4,
2026-09-21T03:22:00+00:00,ok,github,8944302,e6fed96aaf48a51382df566b62955c145e40579ab7be0fbefd59e242da8c1cc4,121599,110778,10821,1652,photo 2026-09-21 + 13 fichiers de changements,485,0,0,,6.0,
2026-09-21T03:37:00+00:00,ok,github,8944359,6d595c538f06e1e4fac67cc4d0a8eb875db51804f06e759806a0400ba635646b,121599,110778,10821,1655,photo 2026-09-21 + 14 fichiers de changements,528,0,0,,6.1,
2026-09-21T03:52:00+00:00,ok,github,8944293,e5e9ac54e36842b6460a2fb10dde2887adda5164b9b398e252a20ac408805261,121599,110778,10821,1661,photo 2026-09-21 + 15 fichiers de changements,670,0,0,,5.9,
2026-09-21T04:07:00+00:00,ok,github,8944672,5e81db3188979f60a32a6e8c1be0c71913960f32d41cd0e9fca7faee218f7cd4,121599,110778,10821,1662,photo 2026-09-21 + 16 fichiers de changements,910,0,0,,6.2,
2026-09-21T04:22:00+00:00,ok,github,8944678,f299d88ab882b70e5c6abb023360407e9ac20f8166d18971d60b95850f0bdb5f,121599,110778,10821,1659,photo 2026-09-21 + 17 fichiers de changements,973,0,0,,8.4,
2026-09-21T04:37:00+00:00,ok,github,8944961,5bba716cd18fb2d0b92bc430fcbcd124e8720176ae31038836ccd5a66d3b1a6c,121599,110778,10821,1656,photo 2026-09-21 + 18 fichiers de changements,1105,0,0,,5.8,
2026-09-21T04:52:00+00:00,ok,github,8944923,9f3ae58baf3cc236ed4f6256af198cdf909d065862c299833fc8f6b53059e37a,121600,110779,10821,1669,photo 2026-09-21 + 19 fichiers de changements,1353,1,0,,6.0,
2026-09-21T05:07:00+00:00,ok,github,8945204,869352b00222d2ececd1fdcd273f7d59012ee2ecd4ab7647adbfe273fbdf5306,121600,110779,10821,1655,photo 2026-09-21 + 20 fichiers de changements,1574,1,0,,6.0,
2026-09-21T05:22:00+00:00,ok,github,8945645,5a256588aebea57879315b22a60da2296f156767f2e393ce8f1a299951765ff0,121600,110779,10821,1657,photo 2026-09-21 + 21 fichiers de changements,1677,1,0,,5.9,
2026-09-21T05:37:00+00:00,ok,github,8945702,ed6d4a33c82b955730bede7c8f286bda09bba0d15f80e1b6fa4d7c329f7fed59,121600,110779,10821,1656,photo 2026-09-21 + 22 fichiers de changements,1936,1,0,,6.1,
2026-09-21T05:52:00+00:00,ok,github,8946066,3d122f6e8700aae2f53a4a7af933ca7dde25a3378a30a7b9cb47e9bd65c4dcd9,121600,110779,10821,1658,photo 2026-09-21 + 23 fichiers de changements,2295,1,0,,5.7,
2026-09-21T06:02:00+00:00,ok,github,8946280,d8bd067d52d198f15c219c99e630093d1b617e0bce13ccf60b47cc083c55dfe1,121600,110779,10821,1656,photo 2026-09-21 + 24 fichiers de changements,2177,1,0,,5.8,
2026-09-21T06:03:13+00:00,ok,github,8946371,1311cef1499606af8624c6111380eda1b3637250d8504c1c8a21cd49d0a1eef0,121600,110779,10821,1656,photo 2026-09-21 + 25 fichiers de changements,214,1,0,,5.1,
2026-09-21T06:29:51+00:00,ok,local,8947906,f1622416950b65174cf80551b2689f210e3b0bfc4a9372adc689e270a18c0dd7,121600,110779,10821,1650,photo 2026-09-21 + 26 fichiers de changements,4397,1,0,,4.0,
2026-09-21T06:55:15+00:00,ok,local,8948720,4d1cacef205c9bca19de6085de296f452bd19f96bd41e1092b0dda625d7a0246,121600,110779,10821,1648,photo 2026-09-21 + 27 fichiers de changements,5010,1,0,,2.0,
2026-09-21T07:20:23+00:00,ok,local,8949678,e06dc02ae3a796ff3787fa8d6ba48f2dda1a3ce010ba3cd6a955c8159ced468f,121601,110780,10821,1694,photo 2026-09-21 + 28 fichiers de changements,5814,2,0,,2.2,
2026-09-21T07:45:31+00:00,ok,local,8950171,df98cb1ab951816c0ab5a72e7b431aee9658a971c83af8827cdfe0704a41ebde,121603,110782,10821,1671,photo 2026-09-21 + 29 fichiers de changements,5087,4,0,,3.6,
2026-09-21T08:10:41+00:00,ok,local,8950679,33b3285c3ae0e172c9b9ffb395eb79f175689a60180049c1f1cbed8f42d9db3c,121603,110782,10821,1663,photo 2026-09-21 + 30 fichiers de changements,5808,4,0,,10.5,
2026-09-21T08:35:57+00:00,ok,local,8950823,1d13c9f74b50b951864198edf3694ab481f379b3b796ee5b2db14fccb80974be,121604,110782,10822,1660,photo 2026-09-21 + 31 fichiers de changements,5596,4,0,,2.0,
2026-09-21T09:01:05+00:00,ok,local,8951099,7c638a972fd8c4b58a6d211a851ff809eb7bfae8ea2de6945fe45a8f6e9d5f34,121605,110783,10822,1664,photo 2026-09-21 + 32 fichiers de changements,5899,5,0,,1.9,
2026-09-21T09:26:14+00:00,ok,local,8951052,c4df5de24e062ec7b4b04cb17a70e72c5fa25e64b6676c31cc7ce3224a381777,121605,110783,10822,1659,photo 2026-09-21 + 33 fichiers de changements,5844,5,0,,1.9,
2026-09-21T09:51:23+00:00,ok,local,8951049,8278d11bf4c440fd9cb7876563ff09e2de04161112e3e0671a7f038826202f1c,121608,110786,10822,1656,photo 2026-09-21 + 34 fichiers de changements,5999,8,0,,3.4,
2026-09-21T10:37:02+00:00,ok,github,8951955,c89191ff5345e216651b1df7b289d3fdf5655856322d831b74e6bbba27c3720f,121609,110786,10823,1653,photo 2026-09-21 + 35 fichiers de changements,9879,8,0,,6.0,
2026-09-21T10:42:00+00:00,ok,github,8951946,2edbb1ab2fbbf9b3c76b5fb9cefebb4127d7b7d19257c99e949a8da71d8b17a8,121609,110786,10823,1651,photo 2026-09-21 + 36 fichiers de changements,1864,8,0,,5.4,
2026-09-21T10:47:00+00:00,ok,github,8952434,b1aca95df92541f0e234c584858339617908543e33b727d13144e5d379fca908,121609,110786,10823,1652,photo 2026-09-21 + 37 fichiers de changements,2023,8,0,,6.0,
2026-09-21T10:52:00+00:00,ok,github,8952323,4c6d36f9af11cca2056183977c3831a2ac6e96807eecfae03ecd3a7e902897d6,121609,110786,10823,1654,photo 2026-09-21 + 38 fichiers de changements,1962,8,0,,5.7,
2026-09-21T10:57:00+00:00,ok,github,8952277,39032620fc2b37e0853475eb38bb34f124e87c8876f88d5b4529233108b740a0,121609,110786,10823,1656,photo 2026-09-21 + 39 fichiers de changements,1852,8,0,,5.2,
2026-09-21T11:02:00+00:00,ok,github,8958132,8c54790fc7233887d95c018476bbe650bd95c5c6df296183457dd79342524329,121723,110900,10823,1629,photo 2026-09-21 + 40 fichiers de changements,2442,122,0,,5.7,
2026-09-21T11:07:00+00:00,ok,github,8957994,7cf7248d8f9ca5564126f07b6b5300a0636fdd8f111149d29d7c00f5afcae11b,121723,110900,10823,1627,photo 2026-09-21 + 41 fichiers de changements,1755,122,0,,5.4,
2026-09-21T11:12:00+00:00,ok,github,8958024,b11b185a927ce44747b74bfd599c07d0d1e5b5c5c7ee5d1f9c1710db3608d09b,121723,110900,10823,1624,photo 2026-09-21 + 42 fichiers de changements,1849,122,0,,6.3,
2026-09-21T11:17:00+00:00,ok,github,8957741,be076c6d35d7dfbe52f584c78b3dfbfdd29a4b567f95b3b828c938f966e79a4f,121723,110900,10823,1619,photo 2026-09-21 + 43 fichiers de changements,1962,122,0,,6.0,
2026-09-21T11:22:00+00:00,ok,github,8957710,839ed975daf8b8536ee9aef51b1f3594676a1806344c88eaf35e15f96d30197a,121723,110900,10823,1620,photo 2026-09-21 + 44 fichiers de changements,1814,122,0,,5.7,
2026-09-21T11:27:00+00:00,ok,github,8957377,c1305947cdecff85866c9099c3bf7715f4dfd24d3028bcd63cf731cb8b11e867,121723,110900,10823,1618,photo 2026-09-21 + 45 fichiers de changements,1821,122,0,,5.9,
2026-09-21T11:32:00+00:00,ok,github,8957343,32a21bc51f367259d8ad360d6abe5ec3ff89b5cdecb59c3c1a03c17e8eb3a6f5,121723,110900,10823,1623,photo 2026-09-21 + 46 fichiers de changements,1983,122,0,,6.2,
2026-09-21T11:37:00+00:00,ok,github,8957285,e58eca7e3d97d6300fb2b7161ec2bfeb95c453d51594281e21f9992b5aae22c4,121723,110900,10823,1622,photo 2026-09-21 + 47 fichiers de changements,1754,122,0,,6.3,
2026-09-21T11:42:00+00:00,ok,github,8956912,5d8df9af92694bf56e8f5d15ab19da366889903ab4dce96520216a94f611813a,121723,110900,10823,1626,photo 2026-09-21 + 48 fichiers de changements,1774,122,0,,6.7,
2026-09-21T11:47:00+00:00,ok,github,8956858,c819d9143eba00d3cefad20cefaa3e7a029939017391aed73c8c0a4cf219ddb2,121723,110900,10823,1628,photo 2026-09-21 + 49 fichiers de changements,1740,122,0,,6.3,
2026-09-21T11:52:00+00:00,ok,github,8956733,582f452ab78ec2cf6bb325793cc2893bdab360f9a89dfbd3456d2cfbcb8d1cb0,121723,110900,10823,1630,photo 2026-09-21 + 50 fichiers de changements,1533,122,0,,6.7,
2026-09-21T11:57:00+00:00,ok,github,8956538,0f5e3b256fb18dec54db6a65aba520c1373cb44ef6132f4344274f018c4631fb,121723,110900,10823,1632,photo 2026-09-21 + 51 fichiers de changements,1614,122,0,,6.5,
2026-09-21T12:02:00+00:00,ok,github,8956404,d16c1984ae4221e6c1722b85dde41800335b6714c192f8a4ae20f047e08476a5,121723,110900,10823,1639,photo 2026-09-21 + 52 fichiers de changements,2035,122,0,,6.7,
2026-09-21T13:27:19+00:00,ok,github,8956096,6f7d2a1c6fe9b4e31a4260e5a366126054093a3de04e68ee669dc606a97d0b6d,121722,110896,10826,1656,photo 2026-09-21 + 53 fichiers de changements,9604,122,4,,5.9,
2026-09-21T10:16:30+00:00,echec,local,,,,,,,,,,,,40.0,"URLError: <urlopen error [Errno 8] nodename nor servname provided, or not known>"
2026-09-21T10:23:11+00:00,echec,local,,,,,,,,,,,,40.0,"URLError: <urlopen error [Errno 8] nodename nor servname provided, or not known>"
2026-09-21T10:29:52+00:00,echec,local,,,,,,,,,,,,40.0,"URLError: <urlopen error [Errno 8] nodename nor servname provided, or not known>"
2026-09-21T10:36:33+00:00,echec,local,,,,,,,,,,,,40.0,"URLError: <urlopen error [Errno 8] nodename nor servname provided, or not known>"
2026-09-21T10:43:14+00:00,echec,local,,,,,,,,,,,,40.0,"URLError: <urlopen error [Errno 8] nodename nor servname provided, or not known>"
2026-09-21T10:49:56+00:00,echec,local,,,,,,,,,,,,40.0,"URLError: <urlopen error [Errno 8] nodename nor servname provided, or not known>"
2026-09-21T10:56:37+00:00,echec,local,,,,,,,,,,,,40.0,"URLError: <urlopen error [Errno 8] nodename nor servname provided, or not known>"
2026-09-21T11:03:18+00:00,echec,local,,,,,,,,,,,,40.0,"URLError: <urlopen error [Errno 8] nodename nor servname provided, or not known>"
2026-09-21T11:09:59+00:00,echec,local,,,,,,,,,,,,40.0,"URLError: <urlopen error [Errno 8] nodename nor servname provided, or not known>"
2026-09-21T11:16:41+00:00,echec,local,,,,,,,,,,,,40.0,"URLError: <urlopen error [Errno 8] nodename nor servname provided, or not known>"
2026-09-21T11:23:23+00:00,echec,local,,,,,,,,,,,,40.0,"URLError: <urlopen error [Errno 8] nodename nor servname provided, or not known>"
2026-09-21T11:30:04+00:00,echec,local,,,,,,,,,,,,40.0,"URLError: <urlopen error [Errno 8] nodename nor servname provided, or not known>"
2026-09-21T11:36:46+00:00,echec,local,,,,,,,,,,,,40.0,"URLError: <urlopen error [Errno 8] nodename nor servname provided, or not known>"
2026-09-21T11:43:27+00:00,echec,local,,,,,,,,,,,,40.0,"URLError: <urlopen error [Errno 8] nodename nor servname provided, or not known>"
2026-09-21T11:50:09+00:00,echec,local,,,,,,,,,,,,40.0,"URLError: <urlopen error [Errno 8] nodename nor servname provided, or not known>"
2026-09-21T11:56:50+00:00,echec,local,,,,,,,,,,,,40.0,"URLError: <urlopen error [Errno 8] nodename nor servname provided, or not known>"
2026-09-21T12:03:31+00:00,echec,local,,,,,,,,,,,,40.0,"URLError: <urlopen error [Errno 8] nodename nor servname provided, or not known>"
2026-09-21T12:10:12+00:00,echec,local,,,,,,,,,,,,40.0,"URLError: <urlopen error [Errno 8] nodename nor servname provided, or not known>"
2026-09-21T12:16:54+00:00,echec,local,,,,,,,,,,,,40.0,"URLError: <urlopen error [Errno 8] nodename nor servname provided, or not known>"
2026-09-21T12:23:35+00:00,echec,local,,,,,,,,,,,,40.0,"URLError: <urlopen error [Errno 8] nodename nor servname provided, or not known>"
2026-09-21T12:30:16+00:00,echec,local,,,,,,,,,,,,40.0,"URLError: <urlopen error [Errno 8] nodename nor servname provided, or not known>"
2026-09-21T12:36:57+00:00,echec,local,,,,,,,,,,,,40.0,"URLError: <urlopen error [Errno 8] nodename nor servname provided, or not known>"
2026-09-21T12:43:39+00:00,echec,local,,,,,,,,,,,,40.0,"URLError: <urlopen error [Errno 8] nodename nor servname provided, or not known>"
2026-09-21T12:50:20+00:00,echec,local,,,,,,,,,,,,40.0,"URLError: <urlopen error [Errno 8] nodename nor servname provided, or not known>"
2026-09-21T12:57:01+00:00,echec,local,,,,,,,,,,,,40.0,"URLError: <urlopen error [Errno 8] nodename nor servname provided, or not known>"
2026-09-21T13:03:42+00:00,echec,local,,,,,,,,,,,,40.0,"URLError: <urlopen error [Errno 8] nodename nor servname provided, or not known>"
2026-09-21T13:10:24+00:00,echec,local,,,,,,,,,,,,40.0,"URLError: <urlopen error [Errno 8] nodename nor servname provided, or not known>"
2026-09-21T13:17:05+00:00,echec,local,,,,,,,,,,,,40.0,"URLError: <urlopen error [Errno 8] nodename nor servname provided, or not known>"
2026-09-21T13:23:46+00:00,echec,local,,,,,,,,,,,,40.0,"URLError: <urlopen error [Errno 8] nodename nor servname provided, or not known>"
2026-09-21T13:32:01+00:00,ok,github,8955994,7645ac2812552317281167c4a36a8405eebe9d01363ab350cd602bebf53e1a92,121722,110896,10826,1656,photo 2026-09-21 + 54 fichiers de changements,1480,122,4,,5.8,
2026-09-21T13:37:00+00:00,ok,github,8955962,f54cf88b3875ec11b24fcd4efa68491d3878d1cf6a9f7402120310893bb683c7,121722,110896,10826,1654,photo 2026-09-21 + 55 fichiers de changements,1589,122,4,,5.9,
2026-09-21T13:42:00+00:00,ok,github,8955920,dd38118608d024990662c76ad2109b495a45bbb040a72a00250d6cab1863f2a6,121722,110896,10826,1656,photo 2026-09-21 + 56 fichiers de changements,1675,122,4,,5.4,
2026-09-21T13:47:00+00:00,ok,github,8955960,15e00e25a7f01cb673943523d5ffa28b20f7174afc9f8b3e9ca43c5a82b3e992,121723,110897,10826,1653,photo 2026-09-21 + 57 fichiers de changements,1735,123,4,,6.3,
2026-09-21T13:52:00+00:00,ok,github,8955610,31da9e0f38937dc7fe06a2ad06c03df2fb751f62f97bd296527b317ca71f09c6,121723,110897,10826,1646,photo 2026-09-21 + 58 fichiers de changements,1583,123,4,,5.6,
2026-09-21T13:57:00+00:00,ok,github,8955719,b10fc66c895e708fd8e0f56ac5da416fb4002840244934a848a58a54999bb98b,121724,110898,10826,1646,photo 2026-09-21 + 59 fichiers de changements,1515,124,4,,6.3,
2026-09-21T14:02:00+00:00,ok,github,8955363,e4a3f03f2ae5d3b81eec6fa8ecd92ea655460d146764541c9fc5225779e7c870,121724,110898,10826,1640,photo 2026-09-21 + 60 fichiers de changements,2013,124,4,,5.6,
2026-09-21T14:07:00+00:00,ok,github,8955722,1ae20f9c02dd4906263e92fc3c7b676a78dd9c076f81b99e901748ca3aa3a482,121724,110898,10826,1642,photo 2026-09-21 + 61 fichiers de changements,1594,124,4,,5.9,
2026-09-21T14:12:00+00:00,ok,github,8955549,f8d051d1f8e32c78c8f3f2c38206b4bcad9411483d172ae453280eb4de434796,121724,110898,10826,1638,photo 2026-09-21 + 62 fichiers de changements,1603,124,4,,5.9,
2026-09-21T14:17:00+00:00,ok,github,8955640,6c3638ecc65b886ba56344eade5f66e0860f1be305182a1229a8c135321f643d,121724,110898,10826,1638,photo 2026-09-21 + 63 fichiers de changements,1451,124,4,,6.1,
2026-09-21T14:22:00+00:00,ok,github,8955683,85f7b5b37f99dea4f51de4d68844add90c9afba6839a17d7a6caee33b7393d07,121724,110898,10826,1637,photo 2026-09-21 + 64 fichiers de changements,1649,124,4,,7.0,
2026-09-21T14:27:00+00:00,ok,github,8955843,58af2c7f3f98d365150a5614d12d1d36cf13e479700d9df6ac74aec0718b245f,121724,110898,10826,1636,photo 2026-09-21 + 65 fichiers de changements,1755,124,4,,5.7,
2026-09-21T14:32:00+00:00,ok,github,8955918,b94dfe922ff43464706583716d8fd31733528530571da8d60d8a6afbe40e7af3,121724,110898,10826,1638,photo 2026-09-21 + 66 fichiers de changements,1613,124,4,,6.1,
2026-09-21T14:37:00+00:00,ok,github,8955872,bfe23ad123b107c34a64ecbef42b1eff0462449c50692dd67c89ecce60826549,121724,110898,10826,1633,photo 2026-09-21 + 67 fichiers de changements,1581,124,4,,6.4,
2026-09-21T14:42:00+00:00,ok,github,8955664,d919a371dc061e0cb0f6b68347d991c729a8bab59194484e12818fedd1b3a20d,121724,110898,10826,1632,photo 2026-09-21 + 68 fichiers de changements,1685,124,4,,5.7,
2026-09-21T14:47:00+00:00,ok,github,8955623,bf207d8c4d0247da986f7d3e288271a667fffd0feb8d1ca007f5a3899d690ba7,121724,110898,10826,1634,photo 2026-09-21 + 69 fichiers de changements,1733,124,4,,6.7,
2026-09-21T14:52:00+00:00,ok,github,8955396,df805e6cd0ffecf0fb475384ed5d7315c5ff6532567754bea6d8428c46fe4a24,121724,110898,10826,1637,photo 2026-09-21 + 70 fichiers de changements,1515,124,4,,6.4,
2026-09-21T14:57:00+00:00,ok,github,8955386,302d6a2e788aaf1d7ae523d2e7c6fc7bcac51515c3a2bc1b9466dbdfb21bdced,121724,110898,10826,1649,photo 2026-09-21 + 71 fichiers de changements,1583,124,4,,6.1,
2026-09-21T15:02:00+00:00,ok,github,8955346,2c7b971d97a016c9f3fca6d0ea20f4e060b014b9686704477420272f5551062d,121724,110898,10826,1634,photo 2026-09-21 + 72 fichiers de changements,2141,124,4,,6.4,
2026-09-21T15:07:00+00:00,ok,github,8955453,8dd254edd39831fb867ad607a2c4e0cd999712b3ad7186e66a99fb433239cd06,121724,110898,10826,1637,photo 2026-09-21 + 73 fichiers de changements,1796,124,4,,5.9,
2026-09-21T15:12:00+00:00,ok,github,8955512,d2cf29673005ce4c577d5534a39de1ed275bc9d0a1bff4d8039d61462979aed8,121724,110898,10826,1639,photo 2026-09-21 + 74 fichiers de changements,1496,124,4,,6.1,
2026-09-21T15:17:00+00:00,ok,github,8955376,f5bf34c4a8bad37f65ff5651ac4c1be44560a744b6a9ef373bbe88879977d723,121724,110898,10826,1626,photo 2026-09-21 + 75 fichiers de changements,1607,124,4,,6.4,
2026-09-21T15:22:00+00:00,ok,github,8955317,ab104bff9cef6c289438a1a4b65c397af9ac6d489cdcc111abad927c9302caa2,121724,110898,10826,1621,photo 2026-09-21 + 76 fichiers de changements,1682,124,4,,6.3,
2026-09-21T15:27:00+00:00,ok,github,8955293,f859bfb168da3f4afec5f75fcba000287140c37e9f85967e8aefb5df46355a39,121724,110898,10826,1622,photo 2026-09-21 + 77 fichiers de changements,1781,124,4,,6.6,
2026-09-21T15:32:00+00:00,ok,github,8955460,4cdb8f2c1f17fcd94919a3faba1c2af0cfdf468b700584796e5c43040107fbd6,121724,110898,10826,1621,photo 2026-09-21 + 78 fichiers de changements,1545,124,4,,6.2,
2026-09-21T15:37:00+00:00,ok,github,8955436,a3815dd6516dc38f83a505ed185593d77c8bd2aa362d3e825f99a7349632b9d3,121724,110898,10826,1621,photo 2026-09-21 + 79 fichiers de changements,1755,124,4,,5.8,
2026-09-21T15:42:00+00:00,ok,github,8955544,d1d0ed6c3ded82878b3134a6aa2fbde4559ec2f611848e5179a4bed3bf7cc4dc,121724,110898,10826,1624,photo 2026-09-21 + 80 fichiers de changements,1737,124,4,,7.1,
2026-09-21T15:47:00+00:00,ok,github,8955622,e99c09bc79022c3308fee7ed818cdbfc08bdf3ed17d68d229917142818edf6f0,121724,110898,10826,1623,photo 2026-09-21 + 81 fichiers de changements,1789,124,4,,6.2,
2026-09-21T15:52:00+00:00,ok,github,8955466,93cf96374ac4c2f1f0eb482aed834d9a68e7626882ff58f1aede5eb87ac472dd,121724,110898,10826,1630,photo 2026-09-21 + 82 fichiers de changements,1607,124,4,,6.5,
2026-09-21T15:57:00+00:00,ok,github,8955285,a2284ecd753c14f439943ddf105efba2a344cdf8efc4e05a377f37ea7b43fcc8,121724,110898,10826,1626,photo 2026-09-21 + 83 fichiers de changements,1711,124,4,,6.5,
2026-09-21T16:02:00+00:00,ok,github,8955415,d5dc19174dacc1dd441841f768c906adc94d1c6c53922bb7f0a9becb062ebb7e,121724,110898,10826,1627,photo 2026-09-21 + 84 fichiers de changements,2334,124,4,,6.1,
2026-09-21T16:07:00+00:00,ok,github,8955483,955b3b9695a7269aca7c21f2ba6e7f0c65c7b54d3dd1450a048c79f8fdb8d8a0,121724,110898,10826,1620,photo 2026-09-21 + 85 fichiers de changements,1688,124,4,,6.4,
2026-09-21T16:12:00+00:00,ok,github,8955417,970c54944a9bb8cc831d0acb194a0fe154cbfeb5cd2792f22c4d8a4e29797741,121724,110898,10826,1618,photo 2026-09-21 + 86 fichiers de changements,1802,124,4,,7.0,
2026-09-21T16:17:00+00:00,ok,github,8955202,dfb5c21f40cfcc5e96ddc57261785c43d7a5b0c12ec8417664ac701d6d64df1d,121724,110898,10826,1617,photo 2026-09-21 + 87 fichiers de changements,1750,124,4,,6.7,
2026-09-21T16:22:00+00:00,ok,github,8955371,54cb85bfc4c126b5e4609a8175d60e3efd24bd3d885c8931fca0e00715c9fce9,121724,110898,10826,1618,photo 2026-09-21 + 88 fichiers de changements,1848,124,4,,6.1,
2026-09-21T16:27:00+00:00,ok,github,8955422,af52544095c28cc813a0720a2c58e674f582be20a83790acc99046a4577c8815,121724,110898,10826,1622,photo 2026-09-21 + 89 fichiers de changements,1757,124,4,,7.1,
2026-09-21T16:32:00+00:00,ok,github,8955324,e91df948df621d6e0cca5ab4e992d89eb62b86bb54b4b7c20fc48fadd510fdce,121724,110898,10826,1633,photo 2026-09-21 + 90 fichiers de changements,1688,124,4,,6.3,
2026-09-21T16:37:00+00:00,ok,github,8955484,8aaa4ee2fdc8ad38dae3b050dacfb078779b85832a025cd43f93209e8e95d61a,121726,110900,10826,1633,photo 2026-09-21 + 91 fichiers de changements,1770,126,4,,6.5,
2026-09-21T16:42:00+00:00,ok,github,8955701,bd1c62da29fa6494f2bbaf8e26509433a1b18a0dc937067219cb1992c21da311,121727,110900,10827,1623,photo 2026-09-21 + 92 fichiers de changements,1807,126,4,,6.7,
2026-09-21T16:47:00+00:00,ok,github,8955480,113de87905a23efa83208cbdcd7c87d57fca9cca535c213ed4e8d5d567ccbba0,121727,110900,10827,1621,photo 2026-09-21 + 93 fichiers de changements,1740,126,4,,7.0,
2026-09-21T16:52:00+00:00,ok,github,8955564,816fc48fc6b92fce800370e712cbf8f0b2b6c0dc4d0e466786e009678d02ca6b,121727,110900,10827,1625,photo 2026-09-21 + 94 fichiers de changements,1561,126,4,,6.5,
2026-09-21T16:57:00+00:00,ok,github,8955615,b59889eba6ba3ac2cab2d7f6f590c2cba8433502be8afb7c6e1ffb98efca8ada,121728,110901,10827,1623,photo 2026-09-21 + 95 fichiers de changements,1616,127,4,,7.1,
2026-09-21T17:02:00+00:00,ok,github,8955324,1319e74b21a9b033f431963265696f604dae5d6679cc35d4e996b77717144bea,121728,110901,10827,1600,photo 2026-09-21 + 96 fichiers de changements,2161,127,4,,6.8,
2026-09-21T17:07:00+00:00,ok,github,8955364,d8386672375cdc01111fecc48dca8f378507ee0f464d0027615c01273045c7a6,121728,110901,10827,1596,photo 2026-09-21 + 97 fichiers de changements,1590,127,4,,6.6,
2026-09-21T17:12:00+00:00,ok,github,8957342,e8bf03163b884607a41a4db5017ae766b6b18a7cc7799973812a20f1d96610db,121728,110901,10827,1597,photo 2026-09-21 + 98 fichiers de changements,1923,127,4,,6.8,
2026-09-21T17:17:00+00:00,ok,github,8955627,218b3b4ac520a18884599bc974fafd4b189f729a278a9c7ce7ef658d51b9b4b4,121730,110901,10829,1593,photo 2026-09-21 + 99 fichiers de changements,1982,127,4,,7.3,
2026-09-21T17:22:00+00:00,ok,github,8955428,ab967c63edc221bbf5b22ec12e0f0c819eb52c960e74b48336b7e3fc3490fc60,121730,110901,10829,1589,photo 2026-09-21 + 100 fichiers de changements,1520,127,4,,7.0,
2026-09-21T17:27:00+00:00,ok,github,8955323,47e07b0983283dff72e071a6af03984ca213f9eb8f374096604f6615cd160858,121730,110901,10829,1593,photo 2026-09-21 + 101 fichiers de changements,1537,127,4,,6.9,
2026-09-21T17:32:00+00:00,ok,github,8955162,3d3278df36d857bd9c518afaa7eb903a6a6d8294847e09d3193baf5060031487,121730,110901,10829,1600,photo 2026-09-21 + 102 fichiers de changements,1299,127,4,,7.0,
2026-09-21T17:37:00+00:00,ok,github,8955304,2f171cca3781fa00ee5b8a1e17092b9b937ba14b70585f2087f438f9b9cb5f1b,121730,110901,10829,1599,photo 2026-09-21 + 103 fichiers de changements,1223,127,4,,8.2,
2026-09-21T17:42:00+00:00,ok,github,8955218,cff8cf7736b031113683a4b2f70fe6e3e9de55309966a317a7991ca8c8d3447b,121730,110901,10829,1602,photo 2026-09-21 + 104 fichiers de changements,1360,127,4,,9.2,
2026-09-21T17:47:00+00:00,ok,github,8955072,a95064a5026a69b9ff5bcd29805f403f69922968a788939c92cfc94619a256d9,121730,110901,10829,1604,photo 2026-09-21 + 105 fichiers de changements,1270,127,4,,9.0,
2026-09-21T17:52:00+00:00,ok,github,8954956,0f6fb1282cc492e4fb31827d272cd5466e33db7371a05cc367251b0e5e2f5396,121730,110901,10829,1600,photo 2026-09-21 + 106 fichiers de changements,1110,127,4,,6.9,
2026-09-21T17:57:00+00:00,ok,github,8955103,f4f799d5af6205692328531d07a3b092be6ffb16dfce5c6f9bd55ae07ab9ba93,121730,110901,10829,1607,photo 2026-09-21 + 107 fichiers de changements,1120,127,4,,7.0,
2026-09-21T18:02:00+00:00,ok,github,8955038,13151401100d42a21d218f0f9baef4e4e1703536ec2cebd94452379c91000dc0,121730,110901,10829,1621,photo 2026-09-21 + 108 fichiers de changements,1721,127,4,,6.7,
2026-09-21T14:55:54+00:00,echec,local,,,,,,,,,,,,40.0,"URLError: <urlopen error [Errno 8] nodename nor servname provided, or not known>"
2026-09-21T15:02:35+00:00,echec,local,,,,,,,,,,,,40.0,"URLError: <urlopen error [Errno 8] nodename nor servname provided, or not known>"
2026-09-21T15:09:17+00:00,echec,local,,,,,,,,,,,,40.0,"URLError: <urlopen error [Errno 8] nodename nor servname provided, or not known>"
2026-09-21T15:15:58+00:00,echec,local,,,,,,,,,,,,40.0,"URLError: <urlopen error [Errno 8] nodename nor servname provided, or not known>"
2026-09-21T15:22:39+00:00,echec,local,,,,,,,,,,,,40.0,"URLError: <urlopen error [Errno 8] nodename nor servname provided, or not known>"
2026-09-21T18:29:59+00:00,ok,local,8954779,18e28184c79da057b493511cc5b6dbd4fbfd20e0c911b4a08ad18483101794b7,121730,110901,10829,1611,photo 2026-09-21 + 109 fichiers de changements,4176,127,4,,1.9,
2026-09-21T18:53:18+00:00,ok,github,8954282,015895b686014a7580ee241b1977f6a5a13da02f3bb235ec74ed17696c6b9a07,121730,110901,10829,1615,photo 2026-09-21 + 110 fichiers de changements,3240,127,4,,5.8,
2026-09-21T18:57:00+00:00,ok,github,8954245,41de3756380829b24f2bddbfb630f8e74c7dda4cc797b44b6212eb8ccbfafa43,121730,110901,10829,1614,photo 2026-09-21 + 111 fichiers de changements,701,127,4,,5.9,
2026-09-21T19:02:00+00:00,ok,github,8954040,1c4099bd4fec6ab59f3b6011db5e367c75dfb5708da823d4060449c721759983,121730,110901,10829,1620,photo 2026-09-21 + 112 fichiers de changements,1076,127,4,,5.9,
2026-09-21T19:07:00+00:00,ok,github,8954059,50f999de73aa71be09385983fcadadbb2e562b095f19f82c7397e13875f1c98f,121730,110901,10829,1620,photo 2026-09-21 + 113 fichiers de changements,825,127,4,,6.0,
2026-09-21T19:12:00+00:00,ok,github,8953842,e9019e7dc2cdd032551bc98d3d1130d9695dce3b72e3a254b74480f7cde81809,121730,110901,10829,1622,photo 2026-09-21 + 114 fichiers de changements,866,127,4,,5.9,
2026-09-21T19:17:00+00:00,ok,github,8953835,717956e738d1bd495e6caf58f448e30fb6c43d3b984a36b436fc22f6c68e1e89,121730,110901,10829,1617,photo 2026-09-21 + 115 fichiers de changements,772,127,4,,5.7,
2026-09-21T19:22:00+00:00,ok,github,8953720,2d27fc382dad7ee046c0c50baf226242f6c2db061a476081e837a45e4e2c81db,121730,110901,10829,1614,photo 2026-09-21 + 116 fichiers de changements,691,127,4,,6.4,
2026-09-21T19:27:00+00:00,ok,github,8953647,d609507cb9c744f2f8f046f036c324a1c71556bff53ff060626874d72a3608dc,121730,110901,10829,1616,photo 2026-09-21 + 117 fichiers de changements,618,127,4,,5.7,
2026-09-21T19:32:00+00:00,ok,github,8953520,a2e9c84ae9a24ea1f27bf0cf54ebb32d82ec0f5f8359a2c5558b81a548054eba,121730,110901,10829,1616,photo 2026-09-21 + 118 fichiers de changements,671,127,4,,6.2,
2026-09-21T19:37:00+00:00,ok,github,8953399,c4180c6f52a200969397d0e3bbc25df141ca1cd39cc43c6f55b515d6d599b0af,121730,110901,10829,1621,photo 2026-09-21 + 119 fichiers de changements,718,127,4,,5.9,
2026-09-21T19:42:00+00:00,ok,github,8953311,974ff22241ea7bdd7fce3c771f8ca0a019ba2592c26d7dea3081843492c27224,121730,110901,10829,1620,photo 2026-09-21 + 120 fichiers de changements,594,127,4,,6.3,
2026-09-21T19:47:00+00:00,ok,github,8953235,f42feb7fbbfa8ea8b13c411825f315e971078bbc4c99a834b41a1459547870f7,121730,110901,10829,1618,photo 2026-09-21 + 121 fichiers de changements,557,127,4,,5.8,
2026-09-21T19:52:00+00:00,ok,github,8953103,153adbf23ec51d58948179e72f4585c805b08463b4829fe13c2a864c186e1ef9,121730,110901,10829,1619,photo 2026-09-21 + 122 fichiers de changements,630,127,4,,6.3,
2026-09-21T19:57:00+00:00,ok,github,8953111,8fc8383e3672e9427253b3a012f0cbd9c8f68e34402eeeda9e36a901e93cab82,121730,110901,10829,1620,photo 2026-09-21 + 123 fichiers de changements,536,127,4,,6.1,
2026-09-21T20:07:00+00:00,ok,github,8952910,b695eff6bbd8c12e4ccfff2502cb746043f261442ce96856bd1206d263d0b1d3,121732,110903,10829,1615,photo 2026-09-21 + 124 fichiers de changements,1346,129,4,,6.3,
2026-09-21T20:22:00+00:00,ok,github,8952781,e644c0acc3ab6a4e497624ce529ca2af31aa314dd7b8d391e62ebf4068687c0b,121732,110903,10829,1617,photo 2026-09-21 + 125 fichiers de changements,1541,129,4,,6.2,
2026-09-21T20:37:00+00:00,ok,github,8952398,e3cb3afe14a49b7c14e96206b86bf22ecaac60348f52ed7009bd86f4370dbcc4,121732,110903,10829,1620,photo 2026-09-21 + 126 fichiers de changements,1348,129,4,,6.1,
2026-09-21T20:52:00+00:00,ok,github,8952442,5b9ad2eab5fdc60a30d52ff99f0cade35a8ee19c2ab483314e0cbf8fce3982eb,121732,110903,10829,1614,photo 2026-09-21 + 127 fichiers de changements,1212,129,4,,6.3,
2026-09-21T21:07:00+00:00,ok,github,8952265,053cd570c8a9a143da60340f413e7ee7aa1734838973a5c01d694855d117c8ef,121736,110907,10829,1619,photo 2026-09-21 + 128 fichiers de changements,1332,133,4,,6.4,
2026-09-21T21:22:00+00:00,ok,github,8955161,9772bb910ce5ee2a536b19f406dfffb44a420a73be8965c7966e324963fe7848,121736,110907,10829,1618,photo 2026-09-21 + 129 fichiers de changements,1699,133,4,,6.6,
2026-09-21T21:37:00+00:00,ok,github,8955869,0c9416d4b262d42e8e9c5953b2b3c133c8389bf0afa73fdf78af78b9b9105f47,121736,110907,10829,1624,photo 2026-09-21 + 130 fichiers de changements,2127,133,4,,6.3,
2026-09-21T21:52:00+00:00,ok,github,8955970,5a96c4993b3ae341518b2a5792b8a860756d979af1ec6fdd156e679ba9e12752,121736,110907,10829,1617,photo 2026-09-21 + 131 fichiers de changements,861,133,4,,6.2,
2026-09-21T22:07:00+00:00,ok,github,8956703,dd7472a0bc031ff5d3a48f4d3a6237be6804f5dab099ec976cb79c4dd018959a,121735,110906,10829,1720,photo 2026-09-21 + 132 fichiers de changements,1034,133,5,,6.4,
2026-09-21T22:22:00+00:00,ok,github,8959338,38e0bb922d321f633c0dce5925928839477786de531703b8c572db757995fc3d,121735,110906,10829,1712,photo 2026-09-21 + 133 fichiers de changements,2066,133,5,,6.6,
2026-09-21T22:37:00+00:00,ok,github,8958970,c9b7fe61ace04b96709ed829df15a828dafc7e563521242c5d28059688142b3f,121735,110906,10829,1716,photo 2026-09-21 + 134 fichiers de changements,823,133,5,,6.6,
2026-09-21T22:52:00+00:00,ok,github,8958497,599f0cebe3f44df391e7314900f435382c25335db26467f2cf77f3801f31b30f,121735,110906,10829,1720,photo 2026-09-21 + 135 fichiers de changements,609,133,5,,6.6,
2026-09-21T23:07:00+00:00,ok,github,8957537,3c5bb42a5582836eeb7d6f8604695e8fb8a743863465cc868bf51634b10ff3de,121735,110906,10829,1613,photo 2026-09-21 + 136 fichiers de changements,853,133,5,,6.7,
2026-09-21T23:22:00+00:00,ok,github,8957367,f8fe903b0471bdb1c5422da14a5e3a157fe4a4e5ce98229c47b51fd076a6a672,121735,110906,10829,1618,photo 2026-09-21 + 137 fichiers de changements,565,133,5,,6.4,
2026-09-21T23:37:00+00:00,ok,github,8957005,93ad5aef66b8a6148403cca7123c6019ed345efb8965cec2af0e39a56c59b51d,121735,110906,10829,1615,photo 2026-09-21 + 138 fichiers de changements,483,133,5,,6.8,
2026-09-21T23:52:00+00:00,ok,github,8956712,26b89f3293875e380ecbd3de647ea60bd287ee6cae46266adb7980e7862a3d1a,121735,110906,10829,1615,photo 2026-09-21 + 139 fichiers de changements,519,133,5,,6.5,
2026-09-22T00:07:19+00:00,ok,github,8956211,e343b5616e6cd239779fa5d2388ece1ac5654f64339cd11656e305258012ad86,121735,110906,10829,1616,photo 2026-09-21 + 140 fichiers de changements,632,133,5,data/collecte/dynamique/instantanes/2026-09-22.csv.gz,7.9,
2026-09-22T00:22:00+00:00,ok,github,8955723,9bb939199fbd0b83a8608cada6ee152f5f87e13df52a4b26dd28e36000111fb9,121735,110906,10829,1616,photo 2026-09-22 + 1 fichiers de changements,657,0,0,,4.8,
2026-09-22T00:37:00+00:00,ok,github,8955741,990c82f4397c50e7a1770b21425adb90f1f73e44484cb4f7cefa664622c8ccc4,121735,110906,10829,1617,photo 2026-09-22 + 2 fichiers de changements,553,0,0,,4.7,
2026-09-22T00:52:00+00:00,ok,github,8955317,1a07894bb31e22ab0357b195272cbeaf7fc2ec15454c8b7c1f5f3859e63f7385,121735,110906,10829,1615,photo 2026-09-22 + 3 fichiers de changements,468,0,0,,4.6,
2026-09-22T01:07:00+00:00,ok,github,8955120,cc232df8963b148afaacdd5a845a6125caaeeee73d2e998ca187c1dee67feb10,121730,110901,10829,1615,photo 2026-09-22 + 4 fichiers de changements,677,0,5,,4.8,
2026-09-22T01:22:00+00:00,ok,github,8954601,bafc60669cb5b9edbdca0fdada7ba539b37c5ecdaad4e7f5cbc3eeff05a8a8ef,121730,110901,10829,1618,photo 2026-09-22 + 5 fichiers de changements,606,0,5,,4.9,
2026-09-22T01:37:00+00:00,ok,github,8954188,1ab48ad2e4e7415d625ee4eb801faca2a0ff5243cf881f57a4648d57ec8eaaa3,121730,110901,10829,1616,photo 2026-09-22 + 6 fichiers de changements,443,0,5,,4.9,
2026-09-22T01:52:00+00:00,ok,github,8954024,dd2c9b7cec438e1652b4da3951ce7d895493b365c5e8f66394a2b745aa4fcc05,121730,110901,10829,1616,photo 2026-09-22 + 7 fichiers de changements,372,0,5,,5.0,
2026-09-22T02:07:00+00:00,ok,github,8954000,d470dad5a86c239c56045fa7239c44ccdc6e7a2b494ceb3f6e958497452bdcfd,121730,110901,10829,1626,photo 2026-09-22 + 8 fichiers de changements,451,0,5,,4.7,
2026-09-22T02:22:00+00:00,ok,github,8953768,a8eb3eb10eb3cc86eac2155291ee5fd8c00e8ab271e6ad45ed402c4bda20e859,121730,110901,10829,1625,photo 2026-09-22 + 9 fichiers de changements,402,0,5,,5.1,
2026-09-22T02:37:00+00:00,ok,github,8953618,eed3d3c489137f12a9ee1f731e7d2484295fc850deb1c18a7c52e8bfe2220859,121730,110901,10829,1621,photo 2026-09-22 + 10 fichiers de changements,387,0,5,,4.6,
2026-09-22T02:52:00+00:00,ok,github,8953708,feb67c63a4ff41d44e0389285f0b04536c77705b379e440209f8700915ba902a,121730,110901,10829,1631,photo 2026-09-22 + 11 fichiers de changements,433,0,5,,4.7,
2026-09-22T03:07:00+00:00,ok,github,8953736,e9cd16c540d9ff6f8ff8d7c2cb437fb1b9c8080544be82c0875126b700df2cd6,121730,110901,10829,1628,photo 2026-09-22 + 12 fichiers de changements,554,0,5,,4.8,
2026-09-22T03:22:00+00:00,ok,github,8953485,c5c08aa221968475bfda73674152c00f6621581ef6ce12cc598418f259dfcd90,121730,110901,10829,1626,photo 2026-09-22 + 13 fichiers de changements,533,0,5,,5.2,
2026-09-22T03:37:00+00:00,ok,github,8953597,3b41c9576dc2ba40ebc7452e4945676c455700583619b20693d7fca84527c91d,121730,110901,10829,1624,photo 2026-09-22 + 14 fichiers de changements,568,0,5,,4.9,
2026-09-22T03:52:00+00:00,ok,github,8953722,fe9150abb8719e7f9dad33a8264021ed5ec64b181eaf583080601aa32cbea8dd,121730,110901,10829,1627,photo 2026-09-22 + 15 fichiers de changements,697,0,5,,4.9,
2026-09-22T04:07:00+00:00,ok,github,8953616,5422ffc4438a37f003c243ff5fcdbecbb7569d85fadb269363326327a3ab9085,121730,110901,10829,1619,photo 2026-09-22 + 16 fichiers de changements,902,0,5,,5.1,
2026-09-22T04:22:00+00:00,ok,github,8953522,c892a0dda2d36efe149cfc458ad2c7be69372822f910bfdf7c48ca0a2cc6ec64,121730,110901,10829,1621,photo 2026-09-22 + 17 fichiers de changements,1054,0,5,,5.0,
2026-09-22T04:37:00+00:00,ok,github,8953929,f29a799107a51f0fba9883efd79ca484285490d5ea824e62b8ea6e17af7ae366,121730,110901,10829,1624,photo 2026-09-22 + 18 fichiers de changements,1102,0,5,,5.1,
2026-09-22T04:52:00+00:00,ok,github,8953740,b516f875001eb7b0b209e3567f0def41643e0592478d63c072733d34c4eaeebf,121730,110901,10829,1618,photo 2026-09-22 + 19 fichiers de changements,1195,0,5,,5.0,
2026-09-22T05:07:00+00:00,ok,github,8954032,4a5da0b1c5f0b98c8defafd49b71f3ced6e240a5d89fd0ccaa8a72004833799c,121730,110901,10829,1623,photo 2026-09-22 + 20 fichiers de changements,1570,0,5,,4.9,
2026-09-22T05:22:00+00:00,ok,github,8954048,ed502b2045f9c5a87afedd2f9c7de8558cbdbc1db3c99c8901a9b3a0e8117a34,121730,110901,10829,1622,photo 2026-09-22 + 21 fichiers de changements,1551,0,5,,5.0,
2026-09-22T05:37:00+00:00,ok,github,8954167,393f62a0ba706be027446d3c3cba8e7ef7feb6b102756c97adafeb07c2f9197b,121727,110898,10829,1623,photo 2026-09-22 + 22 fichiers de changements,1894,0,8,,5.2,
2026-09-22T05:52:00+00:00,ok,github,8954217,2a8e5ee535bf8241a5c8f8cd5aba724a6835b3d6b0d422cbba6cd24e05658dcb,121727,110898,10829,1623,photo 2026-09-22 + 23 fichiers de changements,2300,0,8,,5.3,
2026-09-22T06:02:00+00:00,ok,github,8954605,91285d15582d63d52a1661ff5fa99c8dfac621a795a0d953c4f04207a432c07f,121727,110898,10829,1611,photo 2026-09-22 + 24 fichiers de changements,2134,0,8,,5.4,
2026-09-22T06:03:03+00:00,ok,github,8954647,9fe9bb5d0d5c377982d23d06fdcba6bf9e05f225ed4bf12005a7b4544034101c,121727,110898,10829,1611,photo 2026-09-22 + 25 fichiers de changements,197,0,8,,4.7,
2026-09-22T11:26:03+00:00,ok,github,8959659,89d33a0731c92b46d32f41eb52b7b609d9d6eb762230d665dc4d4805f96b3508,121745,110915,10830,1615,photo 2026-09-22 + 26 fichiers de changements,13349,19,10,,4.8,
2026-09-22T11:27:00+00:00,ok,github,8959651,2676c961f8f5086b1e58a0571cfce3daef6c5e8105c5cbd264e40009b971ebb0,121745,110915,10830,1615,photo 2026-09-22 + 27 fichiers de changements,340,19,10,,4.2,
2026-09-22T11:32:00+00:00,ok,github,8959384,35ce8027cb3e46c37c91364080467e34f2cceeaee95232292fff0edf4c51599d,121745,110915,10830,1609,photo 2026-09-22 + 28 fichiers de changements,1761,19,10,,4.7,
2026-09-22T11:37:00+00:00,ok,github,8959116,7192b278ac57e299ac737c6f57b77522a5db136ff734eedca0eb53c62b4b5b56,121745,110915,10830,1617,photo 2026-09-22 + 29 fichiers de changements,1761,19,10,,4.2,
2026-09-22T11:42:00+00:00,ok,github,8958845,358a2c3c74105a4f798c2fe3ed380efee3b671f8e22d4c34bdbf37850b49456a,121745,110915,10830,1614,photo 2026-09-22 + 30 fichiers de changements,1560,19,10,,4.8,
2026-09-22T11:47:00+00:00,ok,github,8959011,1670f00a8fb2bd19bc900cdc85828e6a505d597a9abe9ca29d187e79b949cdde,121745,110915,10830,1614,photo 2026-09-22 + 31 fichiers de changements,1619,19,10,,4.5,
2026-09-22T11:52:00+00:00,ok,github,8958915,f5e88d53df2789b3e15231f8bc9ca137646f2c1b33b155a08b26f33cf218926d,121745,110915,10830,1617,photo 2026-09-22 + 32 fichiers de changements,1785,19,10,,4.4,
2026-09-22T11:57:00+00:00,ok,github,8958656,4bc22885a9d1efd16119e109a3d7742289340707fb6dd6cfc03ebf7c54c9a693,121745,110915,10830,1614,photo 2026-09-22 + 33 fichiers de changements,1540,19,10,,4.2,
2026-09-22T12:02:00+00:00,ok,github,8958556,697f6866939fb9fd2d9c04ba91558a085f49e2a4bf9eacd46ce4786f92738ec1,121745,110915,10830,1615,photo 2026-09-22 + 34 fichiers de changements,2142,19,10,,4.5,
2026-09-22T15:36:07+00:00,ok,github,8958016,53ccb8b942acdf3d27bb2aeb2e331010c411e1ed35b4b727d8854f397956b937,121748,110917,10831,1621,photo 2026-09-22 + 35 fichiers de changements,12549,21,10,,4.5,
2026-09-22T15:37:00+00:00,ok,github,8958035,8780ebbd6d85c208c1f019be34426cd206953fa3b366cd882ae4324f378d8d4e,121748,110917,10831,1620,photo 2026-09-22 + 36 fichiers de changements,251,21,10,,4.2,
2026-09-22T15:42:00+00:00,ok,github,8957966,95ff036d6d5a580b60d978b9ac7ec5e3e28bb4a6e4261c074e58eafb945a79d5,121748,110917,10831,1616,photo 2026-09-22 + 37 fichiers de changements,1638,21,10,,4.5,
2026-09-22T15:47:00+00:00,ok,github,8958009,108b4b9f37635bfc9131b404100710c9365e661f216eae4436a70ee37c70ec60,121748,110917,10831,1617,photo 2026-09-22 + 38 fichiers de changements,1677,21,10,,4.0,
2026-09-22T15:52:00+00:00,ok,github,8960012,9995525058a934904d12006cc971cb281a557faa4f16936edeb15c7db4f54a99,121759,110928,10831,1620,photo 2026-09-22 + 39 fichiers de changements,1923,32,10,,4.2,
2026-09-22T15:57:00+00:00,ok,github,8960157,ca88bbf594f93237ef89d97db1054d5009071e0ed4590ecd916a53bf416c8c5a,121759,110928,10831,1621,photo 2026-09-22 + 40 fichiers de changements,1872,32,10,,5.0,
2026-09-22T16:02:00+00:00,ok,github,8960151,df081f479c62afdbb9df7878a307f8b72e0b009b7c51eb75642dfb3367214e13,121759,110928,10831,1619,photo 2026-09-22 + 41 fichiers de changements,2142,32,10,,4.1,
2026-09-22T16:07:00+00:00,ok,github,8960142,22641c12483860f77bc0b43987fc88625df27e6c01ac48562702e191e905f7bc,121759,110928,10831,1606,photo 2026-09-22 + 42 fichiers de changements,1608,32,10,,4.5,
2026-09-22T16:12:00+00:00,ok,github,8959681,64deeca3d19dc337fcc6c53f2df1b9a8ec67f142c048d9472c8af1a581309855,121759,110928,10831,1601,photo 2026-09-22 + 43 fichiers de changements,1763,32,10,,4.0,
2026-09-22T16:17:00+00:00,ok,github,8959136,1a5da0b602fa8b8bcd220baf95a29b5436679799180b1c6da7f693e9dfb6e1b8,121759,110928,10831,1610,photo 2026-09-22 + 44 fichiers de changements,1891,32,10,,4.4,
2026-09-22T16:22:00+00:00,ok,github,8959134,6cb752666398ee124a4e0a29062914cdc94de033363c7dfab8406215fda87767,121760,110929,10831,1610,photo 2026-09-22 + 45 fichiers de changements,1775,33,10,,4.9,
2026-09-22T16:27:00+00:00,ok,github,8959049,2cfd6c3d8e4cc1b28c90e2ae1071f3a7075daad7bf84fb7be90fac25df17c998,121760,110929,10831,1607,photo 2026-09-22 + 46 fichiers de changements,1642,33,10,,5.2,
2026-09-22T16:32:00+00:00,ok,github,8959040,872dbf463e98b3f837e9735329bd03ffb9f01a9c6029a324e09b7a8d7e58b8e7,121760,110929,10831,1609,photo 2026-09-22 + 47 fichiers de changements,1757,33,10,,5.0,
2026-09-22T16:37:00+00:00,ok,github,8959122,2900a64923f8a26b7ef5e3d3300ddfce384a74dc8ed7c7b58057c1dc6751b313,121760,110929,10831,1613,photo 2026-09-22 + 48 fichiers de changements,1705,33,10,,4.8,
2026-09-22T16:42:00+00:00,ok,github,8958957,ac4cf827c399f970633ae298cf3ce23a46992b424255a3804bcc4e703336dc5a,121760,110929,10831,1611,photo 2026-09-22 + 49 fichiers de changements,1916,33,10,,5.0,
2026-09-22T16:47:00+00:00,ok,github,8959072,bac96870c584f54b8e44fa54ae7118cf5c6b4d7a43edbbef13f986d57e2aeb39,121760,110929,10831,1611,photo 2026-09-22 + 50 fichiers de changements,1733,33,10,,5.3,
2026-09-22T16:52:00+00:00,ok,github,8959102,1de546095e1c25e010ccb90487173380e1e89ed80bf5b798e623e40c3c96e7da,121760,110929,10831,1615,photo 2026-09-22 + 51 fichiers de changements,1637,33,10,,4.7,
2026-09-22T16:57:00+00:00,ok,github,8959040,f9dc7cf5a4d94731e845a9d1e33ca80a2c3f49b5d50d4163a8e9d3dc8735a34c,121760,110929,10831,1612,photo 2026-09-22 + 52 fichiers de changements,1618,33,10,,6.1,
2026-09-22T17:02:00+00:00,ok,github,8958864,5ca5d8c4572c342455cba1aee2789856029225da6606fc828ca2bb622e544613,121760,110929,10831,1591,photo 2026-09-22 + 53 fichiers de changements,2208,33,10,,5.0,
2026-09-22T17:07:00+00:00,ok,github,8958680,666fb0a0a838818a7532280085f32e2d5b44f172558d2e4b141f4bfc932af07d,121760,110929,10831,1592,photo 2026-09-22 + 54 fichiers de changements,1687,33,10,,4.9,
2026-09-22T17:12:00+00:00,ok,github,8958684,4c32f14a8c14cb2f5124a3563ad544bd1783b34b3b6a6df15afbc917b0c7e953,121760,110929,10831,1588,photo 2026-09-22 + 55 fichiers de changements,1463,33,10,,4.8,
2026-09-22T17:17:00+00:00,ok,github,8958570,b6b0634b6095557d56fcb35c4d399a95ad8c34d3cb5621151487158174345924,121760,110929,10831,1585,photo 2026-09-22 + 56 fichiers de changements,1460,33,10,,5.3,
2026-09-22T17:22:00+00:00,ok,github,8958527,b63e6e8d2e647b2bfda670e779af3f398c4d72bb94800a9aafb84b5af8518963,121760,110929,10831,1585,photo 2026-09-22 + 57 fichiers de changements,1533,33,10,,4.8,
2026-09-22T17:27:00+00:00,ok,github,8958604,fd06142216b763ea8245d1161a52eecca6ff3d7fb719d486ce26d1a06d2a06a7,121760,110929,10831,1593,photo 2026-09-22 + 58 fichiers de changements,1491,33,10,,5.0,
2026-09-22T17:32:00+00:00,ok,github,8958555,8bb7d29490b5c9ac3d828b35a55ad985ddcdae89690474b1b8291f8bd4104b73,121760,110929,10831,1590,photo 2026-09-22 + 59 fichiers de changements,1464,33,10,,5.8,
2026-09-22T17:37:00+00:00,ok,github,8958598,10a57815bfffcaab4b79e4ecd849de0592045f28b70fbcb4c174777552384c1a,121760,110929,10831,1584,photo 2026-09-22 + 60 fichiers de changements,1370,33,10,,4.7,
2026-09-22T17:42:00+00:00,ok,github,8958469,73882c8df86a6acd7dd4bbd81df79b64cb886c0919542f1b2849561e59386106,121760,110929,10831,1580,photo 2026-09-22 + 61 fichiers de changements,1396,33,10,,4.9,
2026-09-22T17:47:00+00:00,ok,github,8958137,89bda3e1388b2faead32d06d0d61dffd1d734fbc28d2a1176ca4f86bb90aa076,121760,110929,10831,1582,photo 2026-09-22 + 62 fichiers de changements,1337,33,10,,4.9,
2026-09-22T17:52:00+00:00,ok,github,8957868,0869afc09f6ab0d0cdd8420ce5f28555672916a1bb69449caef20910453bf882,121760,110929,10831,1580,photo 2026-09-22 + 63 fichiers de changements,1376,33,10,,6.5,
2026-09-22T17:57:00+00:00,ok,github,8957859,de99004222126332a97a316ea9bf3ed5777b1a2bdb67e59d150d48eb54dd961d,121760,110929,10831,1578,photo 2026-09-22 + 64 fichiers de changements,1212,33,10,,5.4,
2026-09-22T18:02:00+00:00,ok,github,8958039,10871b03d88defd7a5541e5683f4c26f76eafca6cd2c3551bcf73c95617dd5e7,121760,110929,10831,1591,photo 2026-09-22 + 65 fichiers de changements,1828,33,10,,5.7,
2026-09-22T19:07:40+00:00,ok,github,8956971,ce0006c544c9951f5a054fcbcbd3d532280056fa4a6d6507e7790b43d4a544f0,121760,110929,10831,1587,photo 2026-09-22 + 66 fichiers de changements,6520,33,10,,6.6,
2026-09-22T19:12:00+00:00,ok,github,8956933,b3e4ba491d22a603daebdc472d90efe3591876031b0ab72ce13670a4fb181fee,121760,110929,10831,1588,photo 2026-09-22 + 67 fichiers de changements,617,33,10,,4.8,
2026-09-22T19:17:00+00:00,ok,github,8956727,4e1409a77379d168fcc098f01a4a9f16e63f0a6ed44cecff4e693719bfd3f9e4,121760,110929,10831,1588,photo 2026-09-22 + 68 fichiers de changements,726,33,10,,4.9,
2026-09-22T19:22:00+00:00,ok,github,8956714,96269d3f1905ae7659aa9032edd374fdc045e53f31aeb61b2d1a7d8d005c39eb,121760,110929,10831,1586,photo 2026-09-22 + 69 fichiers de changements,798,33,10,,4.9,
2026-09-22T19:27:00+00:00,ok,github,8956583,c610f0b68a1f485757e0f75aad1b0a335bed2fc6502c0f352d2719b7f4f1f52f,121760,110929,10831,1587,photo 2026-09-22 + 70 fichiers de changements,686,33,10,,6.9,
2026-09-22T19:32:00+00:00,ok,github,8956404,a87f871c105806a5a002e9989d7603eed1d3fb2315559ff76dd1776fd23b5aed,121760,110929,10831,1591,photo 2026-09-22 + 71 fichiers de changements,682,33,10,,6.2,
2026-09-22T19:37:00+00:00,ok,github,8956470,dcfe1399d2125cf2bee0111119202aa5bfc0fec857e2b29ca9f3f6a517320268,121760,110929,10831,1587,photo 2026-09-22 + 72 fichiers de changements,641,33,10,,6.0,
2026-09-22T19:42:00+00:00,ok,github,8956672,2aabad7451ee187e8619f5d4ed924219d6ed2015cafff3047180540fff6869ed,121760,110929,10831,1588,photo 2026-09-22 + 73 fichiers de changements,796,33,10,,5.8,
2026-09-22T19:47:00+00:00,ok,github,8956247,59563e94ba38fed34fc7fb08ad48af23d5333401dce7856840c4eaddcc109cca,121760,110929,10831,1584,photo 2026-09-22 + 74 fichiers de changements,782,33,10,,6.4,
2026-09-22T19:52:00+00:00,ok,github,8956177,9d5b8769212f2169c2fe4fc39ebbd6bffc7225b3172336b4ee00caa951409e94,121760,110929,10831,1583,photo 2026-09-22 + 75 fichiers de changements,651,33,10,,5.5,
2026-09-22T19:57:00+00:00,ok,github,8956217,95098fe54053088b827fea34d1f7ea9d27403e48b3a4a2423dfa556fa29045e5,121760,110929,10831,1581,photo 2026-09-22 + 76 fichiers de changements,536,33,10,,6.3,
2026-09-22T20:07:00+00:00,ok,github,8946747,9f25cf49d4b0b0f4022ce4e76d8aaf2200e2b7d87427b5dfb470e91b94079d5c,121602,110768,10834,1579,photo 2026-09-22 + 77 fichiers de changements,1402,35,173,,7.0,
2026-09-22T20:22:00+00:00,ok,github,8946462,06486155d9e451e6f07dd7a0ca1d490b1299b5d61ccd899648c501ccbfbb1623,121602,110768,10834,1581,photo 2026-09-22 + 78 fichiers de changements,1442,35,173,,6.2,
2026-09-22T20:37:00+00:00,ok,github,8946392,6b4e56a284e797f4086ad7773692f14ee636a260445e8da682cb8e6180eff53f,121602,110768,10834,1587,photo 2026-09-22 + 79 fichiers de changements,1389,35,173,,6.2,
2026-09-22T20:52:00+00:00,ok,github,8946032,c8f963be2b6aaa859a513c15ed1e244ee181ae4e79391871c280486dff64dae8,121602,110768,10834,1584,photo 2026-09-22 + 80 fichiers de changements,1224,35,173,,5.2,
2026-09-22T21:07:00+00:00,ok,github,8946228,e7ae8fb57cd0aaf87b02f957fb57e9486c40968a4f8245cfb347d36fc29480e6,121602,110768,10834,1590,photo 2026-09-22 + 81 fichiers de changements,1408,35,173,,5.2,
2026-09-22T21:22:00+00:00,ok,github,8945937,2b029a9f3a1a8faf6bf71480a4d8f7a0d6b496f077360b41885cde75cf1579ba,121602,110768,10834,1595,photo 2026-09-22 + 82 fichiers de changements,1119,35,173,,6.2,
2026-09-22T21:37:00+00:00,ok,github,8945638,d605691f5bff6717444cb8d2c98745c5f8d213d24f60596b1fd4244aadaf7cd6,121602,110768,10834,1593,photo 2026-09-22 + 83 fichiers de changements,967,35,173,,6.2,
2026-09-22T21:52:00+00:00,ok,github,8945498,d518490b4a7bd3db98163921697cbbe7af8425cd310e986ea0504a2e8b298903,121602,110768,10834,1592,photo 2026-09-22 + 84 fichiers de changements,832,35,173,,6.0,
2026-09-22T22:07:00+00:00,ok,github,8946569,207d190c77fad1529f150f05bd3946ff8c348bbb41713a8f19d5ec5a1f724dba,121615,110781,10834,1601,photo 2026-09-22 + 85 fichiers de changements,927,48,173,,6.9,
2026-09-22T22:22:00+00:00,ok,github,8946308,be16e838f57a83d7f1296d2826eb39ab77f63d4dc95a24ef69bd3c7efb9a71d0,121615,110781,10834,1591,photo 2026-09-22 + 86 fichiers de changements,861,48,173,,6.6,
2026-09-22T22:37:00+00:00,ok,github,8946201,71bc1f2a9392f65d1736799e42a22452ee2190cc0501ad0c5d681dde697d3b6c,121615,110781,10834,1592,photo 2026-09-22 + 87 fichiers de changements,751,48,173,,5.4,
2026-09-22T22:52:00+00:00,ok,github,8946055,88042887cc1ef89dee7dbffc8bb9d7ecfba571ebe714af65a4b0790ad0b80525,121615,110781,10834,1594,photo 2026-09-22 + 88 fichiers de changements,591,48,173,,5.2,
2026-09-22T23:07:00+00:00,ok,github,8945941,afcac0dcd22c5df392bc51f120d07b39ed0fb726bf2908fc774b7ab29486b6d0,121615,110781,10834,1591,photo 2026-09-22 + 89 fichiers de changements,715,48,173,,5.4,
2026-09-22T23:22:00+00:00,ok,github,8945981,38ad006c6dc570d9de3e3476ed36939279d94c43f85a7f3c0db9df4fce623d11,121615,110781,10834,1590,photo 2026-09-22 + 90 fichiers de changements,526,48,173,,5.4,
2026-09-22T23:37:00+00:00,ok,github,8946041,a4ae3d0ea8f275ed5fab6ff42657c14d50f645c140f880d1dfc3e21b0be33373,121615,110781,10834,1586,photo 2026-09-22 + 91 fichiers de changements,570,48,173,,5.3,
2026-09-22T23:52:00+00:00,ok,github,8945963,fb02d0840d26fb346f62c761c1b3bf6c48332e52775203ed4809a785efcc54f8,121615,110781,10834,1588,photo 2026-09-22 + 92 fichiers de changements,495,48,173,,5.4,
2026-09-23T00:07:24+00:00,ok,github,8945909,f591624b705580877cb2f07bd2b0168772bdb3b3d73e376d45f2598fcb1e2f27,121615,110781,10834,1610,photo 2026-09-22 + 93 fichiers de changements,611,48,173,data/collecte/dynamique/instantanes/2026-09-23.csv.gz,9.2,
2026-09-23T00:22:00+00:00,ok,github,8945940,a15b7685616eb0e7a6cdb92409de9021e67eef2aa0b81e5c9c9c4eaa7fb9a299,121615,110781,10834,1595,photo 2026-09-23 + 1 fichiers de changements,535,0,0,,5.9,
2026-09-23T00:37:00+00:00,ok,github,8945934,3cb246a5a4315d4b14ecaccbad92f9e2100a4c3ad61afa0ae257e4e2aa99da5d,121615,110781,10834,1594,photo 2026-09-23 + 2 fichiers de changements,460,0,0,,5.9,
2026-09-23T00:52:00+00:00,ok,github,8945886,fa1c7f0a54c600cfd5521dee4206ddd2d4ad732598010709e90e3ddbf7db7b22,121615,110781,10834,1603,photo 2026-09-23 + 3 fichiers de changements,491,0,0,,5.3,
2026-09-23T01:07:00+00:00,ok,github,8946642,892bc510c9b61f5ee1f0b5ded7db6c3dec25adc431366eac1120dfdd059c8c46,121614,110780,10834,1594,photo 2026-09-23 + 4 fichiers de changements,647,0,1,,6.1,
2026-09-23T01:22:00+00:00,ok,github,8946319,83d8a0d234ebc5ec8dfcea29dc277a66bb9ed573b06cc7f5e67f25d65be3d12b,121614,110780,10834,1587,photo 2026-09-23 + 5 fichiers de changements,652,0,1,,5.8,
2026-09-23T01:37:00+00:00,ok,github,8946138,4cd676008c9e424bf19f7af250f71da81b75154905d3b0eb0e18bbcad73d8d15,121614,110780,10834,1589,photo 2026-09-23 + 6 fichiers de changements,508,0,1,,5.8,
2026-09-23T01:52:00+00:00,ok,github,8945996,af8f45a092be1b97b5e44b1d7922a292e54dbf3ab855d55f2eefc376809b3999,121614,110780,10834,1586,photo 2026-09-23 + 7 fichiers de changements,482,0,1,,5.7,
2026-09-23T02:07:00+00:00,ok,github,8945999,63f9c4eadcc2fd96f0cea97cd78abfda45b36162ed200d25cd3da4a60a1ce809,121614,110780,10834,1592,photo 2026-09-23 + 8 fichiers de changements,562,0,1,,5.9,
2026-09-23T02:22:00+00:00,ok,github,8945690,ecdefd4ed8975e038ad45343f439baf933538ba5f744cfb6ab43e9f2bc08d115,121614,110780,10834,1589,photo 2026-09-23 + 9 fichiers de changements,424,0,1,,6.1,
2026-09-23T02:37:00+00:00,ok,github,8945755,7ca6832c9d5514053d5272d1c87bd816d4ceae5ecef9484fb4691fdeae7dd74b,121614,110780,10834,1590,photo 2026-09-23 + 10 fichiers de changements,410,0,1,,5.7,
2026-09-23T02:52:00+00:00,ok,github,8945831,d42d9520629a6f1c93fcfb63f61963f1964a77c9025d7e1a7b2545ecd71f47a0,121614,110780,10834,1584,photo 2026-09-23 + 11 fichiers de changements,461,0,1,,6.0,
2026-09-23T03:07:00+00:00,ok,github,8945859,7afb7aa97b90a14ba552d40f07c302bfa6727fda6188671ce8c36ea7a371c8f7,121614,110780,10834,1575,photo 2026-09-23 + 12 fichiers de changements,503,0,1,,6.2,
2026-09-23T03:22:00+00:00,ok,github,8945866,334e1622dd3b744165c295c702e58412f3c3381c364b087ac08c871b0abe8e99,121614,110780,10834,1574,photo 2026-09-23 + 13 fichiers de changements,463,0,1,,6.2,
2026-09-23T03:37:00+00:00,ok,github,8945828,3a371b8eeaf82a0e9756741b064abfab3c39f00800aaa47a198cb5fbe25fedd0,121614,110780,10834,1572,photo 2026-09-23 + 14 fichiers de changements,517,0,1,,6.5,
2026-09-23T03:52:00+00:00,ok,github,8945800,b84f2a86bad3e043f5b0ae2d50a7653c2570c4e4896fab00ae14ec6758802284,121614,110780,10834,1577,photo 2026-09-23 + 15 fichiers de changements,613,0,1,,6.4,
2026-09-23T04:07:00+00:00,ok,github,8946054,3c68c1121196e5cb92c68bad6da0fca12f04170add672e0d0d53f8bf9339ca0d,121614,110780,10834,1589,photo 2026-09-23 + 16 fichiers de changements,882,0,1,,6.2,
2026-09-23T04:22:00+00:00,ok,github,8946247,835a39ec565312cbb071e86ac7f233fe69abd01551998cc861dcb87c6442a249,121614,110780,10834,1586,photo 2026-09-23 + 17 fichiers de changements,953,0,1,,5.9,
2026-09-23T04:37:00+00:00,ok,github,8946624,4b50390a65c748f7b737e669fb27d4912eef79e127f5e3a4a4525e79116defab,121614,110780,10834,1589,photo 2026-09-23 + 18 fichiers de changements,1078,0,1,,5.8,
2026-09-23T04:52:00+00:00,ok,github,8946472,d0c695ae313e994e58b7a0215bbb3303388827713e2ecca7384d3269fd6aff70,121614,110780,10834,1590,photo 2026-09-23 + 19 fichiers de changements,1168,0,1,,5.9,
2026-09-23T05:07:00+00:00,ok,github,8946884,18a95ef82c48d9cb62e02f6b25def2b4b4991bb93af7b5b996d547d25ab50b58,121614,110780,10834,1585,photo 2026-09-23 + 20 fichiers de changements,1544,0,1,,5.7,
2026-09-23T05:22:00+00:00,ok,github,8946875,08f9bcd9a0144697322c1a9420541550d6f8a4260537dd450f5758fc12a9d1e3,121614,110780,10834,1589,photo 2026-09-23 + 21 fichiers de changements,1665,0,1,,6.0,
2026-09-23T05:37:00+00:00,ok,github,8946620,f3b452b6b18784d6fe6a2c1fb988067a3cc38fbc18591c86e6cf0dc90489666b,121606,110772,10834,1589,photo 2026-09-23 + 22 fichiers de changements,1930,0,9,,6.5,
2026-09-23T05:52:00+00:00,ok,github,8946836,5f90b36fe99f0bb0f952491c4a63708339831cd45d0ff2473734551feae6a598,121606,110772,10834,1586,photo 2026-09-23 + 23 fichiers de changements,2183,0,9,,6.1,
2026-09-23T06:02:00+00:00,ok,github,8947240,2428bb6521a3b600d3c30358ba845b3a22bb0e453e88cdf7e210cde2b1893eb2,121606,110772,10834,1597,photo 2026-09-23 + 24 fichiers de changements,2255,0,9,,6.9,
2026-09-23T06:02:41+00:00,ok,github,8947244,aa1583884ac217952dc46ff79e9ae02087cf11c1d003e94e2def8a40966e1279,121606,110772,10834,1597,photo 2026-09-23 + 25 fichiers de changements,219,0,9,,5.4,
2026-09-23T05:49:48+00:00,echec,local,,,,,,,,,,,,40.1,"URLError: <urlopen error [Errno 8] nodename nor servname provided, or not known>"
2026-09-23T05:56:29+00:00,echec,local,,,,,,,,,,,,40.0,"URLError: <urlopen error [Errno 8] nodename nor servname provided, or not known>"
2026-09-23T06:03:11+00:00,echec,local,,,,,,,,,,,,40.0,"URLError: <urlopen error [Errno 8] nodename nor servname provided, or not known>"
2026-09-23T06:09:53+00:00,echec,local,,,,,,,,,,,,40.0,"URLError: <urlopen error [Errno 8] nodename nor servname provided, or not known>"
2026-09-23T06:16:34+00:00,echec,local,,,,,,,,,,,,40.0,"URLError: <urlopen error [Errno 8] nodename nor servname provided, or not known>"
2026-09-23T06:23:16+00:00,echec,local,,,,,,,,,,,,40.0,"URLError: <urlopen error [Errno 8] nodename nor servname provided, or not known>"
2026-09-23T06:29:57+00:00,echec,local,,,,,,,,,,,,40.0,"URLError: <urlopen error [Errno 8] nodename nor servname provided, or not known>"
2026-09-23T06:36:39+00:00,echec,local,,,,,,,,,,,,40.0,"URLError: <urlopen error [Errno 8] nodename nor servname provided, or not known>"
2026-09-23T06:43:20+00:00,echec,local,,,,,,,,,,,,40.0,"URLError: <urlopen error [Errno 8] nodename nor servname provided, or not known>"
2026-09-23T06:50:02+00:00,echec,local,,,,,,,,,,,,40.0,"URLError: <urlopen error [Errno 8] nodename nor servname provided, or not known>"
2026-09-23T06:56:43+00:00,echec,local,,,,,,,,,,,,40.0,"URLError: <urlopen error [Errno 8] nodename nor servname provided, or not known>"
2026-09-23T07:03:25+00:00,echec,local,,,,,,,,,,,,40.0,"URLError: <urlopen error [Errno 8] nodename nor servname provided, or not known>"
2026-09-23T07:10:06+00:00,echec,local,,,,,,,,,,,,40.0,"URLError: <urlopen error [Errno 8] nodename nor servname provided, or not known>"
2026-09-23T07:16:48+00:00,echec,local,,,,,,,,,,,,40.0,"URLError: <urlopen error [Errno 8] nodename nor servname provided, or not known>"
2026-09-23T07:23:29+00:00,echec,local,,,,,,,,,,,,40.0,"URLError: <urlopen error [Errno 8] nodename nor servname provided, or not known>"
2026-09-23T07:30:11+00:00,echec,local,,,,,,,,,,,,40.0,"URLError: <urlopen error [Errno 8] nodename nor servname provided, or not known>"
2026-09-23T07:36:52+00:00,echec,local,,,,,,,,,,,,40.0,"URLError: <urlopen error [Errno 8] nodename nor servname provided, or not known>"
2026-09-23T07:43:34+00:00,echec,local,,,,,,,,,,,,40.0,"URLError: <urlopen error [Errno 8] nodename nor servname provided, or not known>"
2026-09-23T07:50:16+00:00,echec,local,,,,,,,,,,,,40.0,"URLError: <urlopen error [Errno 8] nodename nor servname provided, or not known>"
2026-09-23T07:56:57+00:00,echec,local,,,,,,,,,,,,40.0,"URLError: <urlopen error [Errno 8] nodename nor servname provided, or not known>"
2026-09-23T08:03:39+00:00,echec,local,,,,,,,,,,,,40.0,"URLError: <urlopen error [Errno 8] nodename nor servname provided, or not known>"
2026-09-23T08:10:20+00:00,echec,local,,,,,,,,,,,,40.0,"URLError: <urlopen error [Errno 8] nodename nor servname provided, or not known>"
2026-09-23T08:17:02+00:00,echec,local,,,,,,,,,,,,40.0,"URLError: <urlopen error [Errno 8] nodename nor servname provided, or not known>"
2026-09-23T08:23:44+00:00,echec,local,,,,,,,,,,,,40.0,"URLError: <urlopen error [Errno 8] nodename nor servname provided, or not known>"
2026-09-23T08:30:27+00:00,ok,local,8951469,a7286ef45457f0feca33a4eabe4334ff946779206598afdbd65a16f07c11ae0a,121611,110777,10834,1608,photo 2026-09-23 + 26 fichiers de changements,10527,5,9,,4.1,
2026-09-23T08:55:42+00:00,ok,local,8951342,d04c32eff09947e9e38eff99abb3ac08571e38258e355dc8b21742efcc9e8543,121611,110777,10834,1614,photo 2026-09-23 + 27 fichiers de changements,5551,5,9,,3.2,
2026-09-23T09:20:55+00:00,ok,local,8951010,c8c7b2a50b32cf8f428eaeb3eea2a3f51d0b6fd53a5b86b59a6e90eefe4c8e2a,121612,110778,10834,1589,photo 2026-09-23 + 28 fichiers de changements,6084,6,9,,10.4,
2026-09-23T09:46:15+00:00,ok,local,8950919,4bb4b48216499ef13865656f96c9e709363f2bb935411f0914ea4cb9001dbfa1,121613,110779,10834,1599,photo 2026-09-23 + 29 fichiers de changements,5927,7,9,,4.0,
2026-09-23T09:52:33+00:00,ok,github,8951124,d96df2160129938fadd8f318354dad75a10a25ffd3742f2a95c9560c94272bdb,121613,110779,10834,1604,photo 2026-09-23 + 30 fichiers de changements,1816,7,9,,7.3,
2026-09-23T09:57:00+00:00,ok,github,8951122,d0d884377cae2ea52cf774416c9aee12f77770f41caf7b3c35391bb081864981,121613,110779,10834,1602,photo 2026-09-23 + 31 fichiers de changements,1570,7,9,,5.7,
2026-09-23T10:02:00+00:00,ok,github,8950805,368126a640a78ce8683da6ca13ecb0e8630fd0946b735dd4335e68fd01ab30a0,121613,110779,10834,1599,photo 2026-09-23 + 32 fichiers de changements,2083,7,9,,6.2,
2026-09-23T10:07:00+00:00,ok,github,8950770,7229eb42ff3ca6b4547b2f85eec66bc4432aae9f217ab1d61f0115ca421dcf2d,121613,110779,10834,1590,photo 2026-09-23 + 33 fichiers de changements,1882,7,9,,6.6,
2026-09-23T10:12:00+00:00,ok,github,8951042,d9628262b5e42b748cbdd0423f481632003b900ea0a5d39d736bb82449725b6d,121614,110780,10834,1594,photo 2026-09-23 + 34 fichiers de changements,1907,8,9,,6.2,
2026-09-23T10:17:00+00:00,ok,github,8951318,bb054084fc49a94f2885b2adf645d5d18d1f1cbf2b974e360bf26ab2f009ff0b,121615,110781,10834,1604,photo 2026-09-23 + 35 fichiers de changements,1813,9,9,,6.4,
2026-09-23T10:22:00+00:00,ok,github,8951611,6cd6dbc273a8c1ad9e9c5f54b683af8307739490e217c2477ebb65a66501c5f7,121615,110781,10834,1596,photo 2026-09-23 + 36 fichiers de changements,1893,9,9,,6.3,
2026-09-23T10:27:00+00:00,ok,github,8951817,308068cdc5bc46d9b31db1ecdc3bf69382d85e0bae5bd1d012ad77f92c2eef42,121615,110781,10834,1601,photo 2026-09-23 + 37 fichiers de changements,1682,9,9,,6.8,
2026-09-23T10:32:00+00:00,ok,github,8952034,64025d1358840ed9b9fab662aec593b8b385b76ea4b34b54c5ecc89a8fc280de,121615,110781,10834,1596,photo 2026-09-23 + 38 fichiers de changements,2052,9,9,,5.8,
2026-09-23T10:37:00+00:00,ok,github,8952125,6e7a8fc34cdc43cf54f830ef6f97ebba8499259915b89e85ec20758d46bcd627,121615,110781,10834,1606,photo 2026-09-23 + 39 fichiers de changements,1773,9,9,,6.1,
2026-09-23T10:42:00+00:00,ok,github,8951985,e31ffa86c07c23d5ba7ddc8b876edf27c8c15eac3aa26e72ca2934f0f8519f00,121615,110781,10834,1599,photo 2026-09-23 + 40 fichiers de changements,1831,9,9,,6.3,
2026-09-23T10:47:00+00:00,ok,github,8952222,d58b9d9f8f1aba31bf9c106dee653deff8cbeaedb741eb37a12fc72f6ffe84f2,121615,110781,10834,1599,photo 2026-09-23 + 41 fichiers de changements,1790,9,9,,6.6,
2026-09-23T10:52:00+00:00,ok,github,8952251,9f78eff12c610ca7a2335434594ac4fd45d873b60ba73b60b4f364bb26ca002f,121615,110781,10834,1602,photo 2026-09-23 + 42 fichiers de changements,1686,9,9,,6.5,
2026-09-23T10:57:00+00:00,ok,github,8951906,c83091eff71da1288059dcae07dd205603debc1aaf63be225173ab12c253d5c2,121615,110781,10834,1599,photo 2026-09-23 + 43 fichiers de changements,1707,9,9,,6.2,
2026-09-23T11:02:00+00:00,ok,github,8951858,3fc250d9b144cc0dfd7f0f7f12e3fcb8eaf372d763c815ffacf1eb07711b454a,121615,110781,10834,1562,photo 2026-09-23 + 44 fichiers de changements,2237,9,9,,7.2,
2026-09-23T11:07:00+00:00,ok,github,8951649,89bfa1d283720e9b5633400a1bb181cb2915ffcad93bb4512dee630371d3229a,121615,110781,10834,1564,photo 2026-09-23 + 45 fichiers de changements,1848,9,9,,7.3,
2026-09-23T11:12:00+00:00,ok,github,8952096,97666719f929c5f2e223407ac05fb8cc695c2652c8857640b49c7295c64eda9e,121619,110785,10834,1570,photo 2026-09-23 + 46 fichiers de changements,1750,13,9,,6.6,
2026-09-23T11:17:00+00:00,ok,github,8952180,9dc6d46acd220f2b8c5164ca38b9bf9bc8d7a28ec4b54990a09196cae3eaae04,121619,110785,10834,1573,photo 2026-09-23 + 47 fichiers de changements,1677,13,9,,7.2,
2026-09-23T11:22:00+00:00,ok,github,8952198,c0dca932d82f2eb57b374c4045f4fdaac51db4afb3a85122fcb623236e21e149,121620,110786,10834,1581,photo 2026-09-23 + 48 fichiers de changements,1734,14,9,,7.3,
2026-09-23T11:27:00+00:00,ok,github,8951736,df5011bd34ddfd1324bbd299e58b29a732bc55e985310b19450d4eb70c88b2c6,121620,110786,10834,1577,photo 2026-09-23 + 49 fichiers de changements,1899,14,9,,7.1,
2026-09-23T11:32:00+00:00,ok,github,8951709,7bb45c147fab1153ebcb8b7b4e8cad71e740e5c560ed9f7418b281ef357272b5,121620,110786,10834,1586,photo 2026-09-23 + 50 fichiers de changements,1630,14,9,,6.8,
2026-09-23T11:37:00+00:00,ok,github,8951722,7164edcb5a54b7ce154ceed1380e01257f53096bc98c1facb430843be9fcaf8e,121620,110786,10834,1577,photo 2026-09-23 + 51 fichiers de changements,1621,14,9,,6.5,
2026-09-23T11:42:00+00:00,ok,github,8951605,fb69294e0cb14b8a52208f7c3484c60027fd47c3b47de382e4434aad0b951615,121620,110786,10834,1589,photo 2026-09-23 + 52 fichiers de changements,1735,14,9,,6.8,
2026-09-23T11:47:00+00:00,ok,github,8951453,7fd9cb8935e10b74da54d0635be1a63a67d3bf41d2d5b1b1940880399f0a425b,121620,110786,10834,1586,photo 2026-09-23 + 53 fichiers de changements,1680,14,9,,6.9,
2026-09-23T11:52:00+00:00,ok,github,8951383,76bdccf36c9b1335fab2d907db6eaa1185515d1bf6475d4212bae7a4def0c049,121620,110786,10834,1583,photo 2026-09-23 + 54 fichiers de changements,1592,14,9,,7.2,
2026-09-23T11:57:00+00:00,ok,github,8951168,a97aea0ea2a46acfe1acf73e093bf9353921238aa0b23c36dc0c7878d65d241a,121620,110786,10834,1581,photo 2026-09-23 + 55 fichiers de changements,1718,14,9,,6.5,
2026-09-23T12:02:00+00:00,ok,github,8951351,0305b2169bc7237da329c2d5e8beb81620f2af9ca24ebc5e0dbd9efc22f7ba50,121620,110786,10834,1612,photo 2026-09-23 + 56 fichiers de changements,2011,14,9,,7.1,
2026-09-23T12:29:47+00:00,ok,local,8951226,1bf15d959a5839c15a4050bec4f1cc76a2e9b53ef56181a030e8abd2af0378a0,121620,110786,10834,1614,photo 2026-09-23 + 57 fichiers de changements,6646,14,9,,280.7,
2026-09-23T12:59:35+00:00,ok,local,8951167,d60768d10033933815c9da39de92c04bba7bec469eff5ffe639cfc47c86353de,121620,110786,10834,1622,photo 2026-09-23 + 58 fichiers de changements,5704,14,9,,3.7,
2026-09-23T13:24:46+00:00,ok,local,8951138,e85af9fd3ff6d51e70f615f7a5b8d6d88dfe206b56130b68475cd25b85a4155f,121620,110786,10834,1597,photo 2026-09-23 + 59 fichiers de changements,6050,14,9,,3.4,
2026-09-23T13:50:05+00:00,ok,local,8950969,0712c4701588d672a72c53c882a0307cc8db5b5525d35de89ce1d5e73fea1a5e,121620,110786,10834,1600,photo 2026-09-23 + 60 fichiers de changements,5750,14,9,,3.4,
2026-09-23T14:15:17+00:00,ok,local,8951131,a82a3e5dd69b41b350699cb49e4dad98b6cb8500b564462b1bcde6d913bdd679,121622,110786,10836,1603,photo 2026-09-23 + 61 fichiers de changements,6583,14,9,,8.8,
2026-09-23T14:33:41+00:00,ok,github,8951632,43f8fd651b1bb2a1193245988a77357153a2aaf8e19ba54a2cf075dafed653d9,121623,110787,10836,1602,photo 2026-09-23 + 62 fichiers de changements,4982,15,9,,7.1,
2026-09-23T14:37:00+00:00,ok,github,8951444,8e4b1046dee9dfbe11c035712261f8ac0500f5619678c20bb45c925bfa8ca3ad,121623,110787,10836,1608,photo 2026-09-23 + 63 fichiers de changements,1053,15,9,,5.8,
2026-09-23T14:42:00+00:00,ok,github,8951508,b48d2bf2896c5c1886b6ecdca320d93a8c9b7623a1d436ad1a02aeb4dcc4eb37,121623,110787,10836,1607,photo 2026-09-23 + 64 fichiers de changements,1776,15,9,,6.3,
2026-09-23T14:47:00+00:00,ok,github,8951262,efd5192913f7cd10a61ad80b482ee7f6d2deeb24a039979b9f1bc29b7c320668,121623,110787,10836,1615,photo 2026-09-23 + 65 fichiers de changements,1759,15,9,,7.1,
2026-09-23T14:52:00+00:00,ok,github,8951434,75f55418514ecb157f5f00345eb169f8c8d54e68cf7ab65e69606bb379fc0945,121623,110787,10836,1609,photo 2026-09-23 + 66 fichiers de changements,1786,15,9,,7.5,
2026-09-23T14:57:00+00:00,ok,github,8951413,8a45134c7e2ed31185288488edaac5454f88e1272e57695df298a208e3885a51,121623,110787,10836,1603,photo 2026-09-23 + 67 fichiers de changements,1818,15,9,,6.8,
2026-09-23T15:02:00+00:00,ok,github,8951520,901542bbcd56b77d2cb42a0463fe477b7ea42a28247a3a6f4eeda9e7256d78a8,121623,110787,10836,1591,photo 2026-09-23 + 68 fichiers de changements,2177,15,9,,6.0,
2026-09-23T15:07:00+00:00,ok,github,8951316,9c796e4ddfb9843c8811ee771a682a04dcd9d9d5e41d227b35715124de24bd78,121623,110787,10836,1588,photo 2026-09-23 + 69 fichiers de changements,1706,15,9,,6.3,
2026-09-23T15:12:00+00:00,ok,github,8951208,5dc964aa62dfc132e67b73fcbc3ac97318ed19562dbf1438a3cfadfdacfcd668,121623,110787,10836,1591,photo 2026-09-23 + 70 fichiers de changements,1697,15,9,,6.8,
2026-09-23T15:17:00+00:00,ok,github,8951155,7224408303cd159356ae379baf4faa9481d106b77a999870cf1087daec7acae0,121623,110787,10836,1592,photo 2026-09-23 + 71 fichiers de changements,2021,15,9,,8.1,
2026-09-23T15:22:00+00:00,ok,github,8951265,f50d30b5979c1508543e231f895485c067211b7d14381686336ada1b87899ca2,121623,110787,10836,1600,photo 2026-09-23 + 72 fichiers de changements,1715,15,9,,5.9,
2026-09-23T15:27:00+00:00,ok,github,8951421,2142d1dd5862605b72bb5dd2129ee76ab0430eb739ebfd945b5cd9998b0085d7,121623,110787,10836,1593,photo 2026-09-23 + 73 fichiers de changements,1735,15,9,,7.4,
2026-09-23T15:32:00+00:00,ok,github,8951047,85b87f1b0fd13188daa60b679253491deba460f140fa3b04fdda09fc552447cf,121623,110787,10836,1592,photo 2026-09-23 + 74 fichiers de changements,1845,15,9,,6.6,
2026-09-23T15:37:00+00:00,ok,github,8951140,1d62f8ab29606aca1680918ca02f3744db920bd0d6bb9b48dacd815b3c76db0d,121623,110787,10836,1598,photo 2026-09-23 + 75 fichiers de changements,1855,15,9,,6.5,
2026-09-23T15:42:00+00:00,ok,github,8951322,32032e5f72ea09146b3810b32b366039f1820a81eab841c66b75316e1a7727bb,121624,110788,10836,1589,photo 2026-09-23 + 76 fichiers de changements,1777,16,9,,6.3,
2026-09-23T15:47:00+00:00,ok,github,8951242,9db78363d2ee300bb184e590c78a9b9ea8239ef13265a6fa6d768ba6f0e76ef6,121624,110788,10836,1595,photo 2026-09-23 + 77 fichiers de changements,1798,16,9,,7.0,
2026-09-23T15:52:00+00:00,ok,github,8951314,607edace25a27e26a2764503534cc4399c8ecb8a3389965042ecd3c1a7440e48,121624,110788,10836,1591,photo 2026-09-23 + 78 fichiers de changements,1951,16,9,,6.3,
2026-09-23T15:57:00+00:00,ok,github,8951396,702a4317de3fae53aec9cd8084df32da8161bd844cfb96815466042182049fb6,121625,110789,10836,1588,photo 2026-09-23 + 79 fichiers de changements,1866,17,9,,6.6,
2026-09-23T16:02:00+00:00,ok,github,8951234,15f3943fd1081f13e92cb3eb9278bc691e18b8fa16c30e662eeb8bff019c3d04,121625,110789,10836,1577,photo 2026-09-23 + 80 fichiers de changements,2384,17,9,,6.4,
2026-09-23T16:07:00+00:00,ok,github,8951073,c4705b63f49f09981ee7b7f206a1bfa6756a77027ee39e3459103e84e929d6e7,121625,110789,10836,1578,photo 2026-09-23 + 81 fichiers de changements,1875,17,9,,7.4,
2026-09-23T16:35:58+00:00,ok,local,8951375,79e2c814052072a0a628c2a34024eaf4c4c30d448ee6a2acbe0fcd082d365ab0,121627,110791,10836,1586,photo 2026-09-23 + 82 fichiers de changements,7220,19,9,,3.4,
2026-09-23T17:01:07+00:00,echec,local,,,,,,,,,,,,40.0,"URLError: <urlopen error [Errno 8] nodename nor servname provided, or not known>"
2026-09-23T17:07:48+00:00,echec,local,,,,,,,,,,,,40.0,"URLError: <urlopen error [Errno 8] nodename nor servname provided, or not known>"
2026-09-23T17:14:30+00:00,echec,local,,,,,,,,,,,,40.0,"URLError: <urlopen error [Errno 8] nodename nor servname provided, or not known>"
2026-09-23T17:21:12+00:00,echec,local,,,,,,,,,,,,40.0,"URLError: <urlopen error [Errno 8] nodename nor servname provided, or not known>"
2026-09-23T17:27:54+00:00,echec,local,,,,,,,,,,,,40.0,"URLError: <urlopen error [Errno 8] nodename nor servname provided, or not known>"
2026-09-23T17:34:35+00:00,echec,local,,,,,,,,,,,,40.0,"URLError: <urlopen error [Errno 8] nodename nor servname provided, or not known>"
2026-09-23T17:41:18+00:00,ok,local,8950648,28f6033c93a4f476750a00ae043cf653b0953840d8d546693133dbea81f7e5a8,121628,110792,10836,1558,photo 2026-09-23 + 83 fichiers de changements,9573,20,9,,1.7,
2026-09-23T18:06:25+00:00,ok,local,8950498,507396e96d4c387ef53dc35ffeb7798be4979e465fc92193bcff78c18673732f,121628,110792,10836,1580,photo 2026-09-23 + 84 fichiers de changements,5166,20,9,,1.6,
2026-09-23T18:31:33+00:00,ok,local,8950003,924a9a6e8134d5fd7c2148689a7932fef587880f9fbfc2090ec9a8f16be5710e,121628,110792,10836,1571,photo 2026-09-23 + 85 fichiers de changements,4226,20,9,,1.6,
2026-09-23T18:36:12+00:00,ok,github,8950002,2d38de595e4b3c146a15da3172b615ed824aae93bfc60e144734229f2fb83b23,121628,110792,10836,1572,photo 2026-09-23 + 86 fichiers de changements,1006,20,9,,5.3,
2026-09-23T18:37:00+00:00,ok,github,8950047,1bc260fdcf9f792ffeaa07ce0a7a84a3392457453274a75a6ca54532b8f2cc7b,121628,110792,10836,1573,photo 2026-09-23 + 87 fichiers de changements,127,20,9,,5.1,
2026-09-23T18:42:00+00:00,ok,github,8949937,2fcac5239af5b4cb603866bc31db4ecfe401035b7099d627c6034428e7bff4be,121628,110792,10836,1570,photo 2026-09-23 + 88 fichiers de changements,967,20,9,,5.5,
2026-09-23T18:47:00+00:00,ok,github,8949753,fd14403b2ac48e0a6382f2df064beedb29e2b84366362242228811d5717a5228,121628,110792,10836,1566,photo 2026-09-23 + 89 fichiers de changements,834,20,9,,5.2,
2026-09-23T18:52:00+00:00,ok,github,8949666,10a7d71ff01e0e22433f9af02e72b9467ee0b4c7541691d1c4ce1b00a2465c87,121628,110792,10836,1570,photo 2026-09-23 + 90 fichiers de changements,887,20,9,,5.8,
2026-09-23T18:57:00+00:00,ok,github,8949533,b62969ad4af0324e795747f0f05687db65000744c2d1b6f0930a1980a8c92fe5,121628,110792,10836,1570,photo 2026-09-23 + 91 fichiers de changements,857,20,9,,5.3,
2026-09-23T19:02:01+00:00,ok,github,8949515,aad9680874e26bc48faf5b83f85c549f0be426fc0e528d7aaf5e8caed9d98aba,121628,110792,10836,1561,photo 2026-09-23 + 92 fichiers de changements,1114,20,9,,5.7,
2026-09-23T19:07:00+00:00,ok,github,8949515,b5cb00eca5861f7cf6a41b0c0a01aedd171c130939a11724314a918326f88e3c,121628,110792,10836,1558,photo 2026-09-23 + 93 fichiers de changements,881,20,9,,5.7,
2026-09-23T19:12:00+00:00,ok,github,8949333,1ecd274488ac62c30ede5474afb061a23dc364b13e67f25e9233f584ab40b494,121628,110792,10836,1562,photo 2026-09-23 + 94 fichiers de changements,814,20,9,,5.5,
2026-09-23T19:17:00+00:00,ok,github,8949445,ff9c56dd7b60215a26ead8bbbdd4770f62887e162238ce98e4f7d6d72df8cea0,121628,110792,10836,1560,photo 2026-09-23 + 95 fichiers de changements,722,20,9,,5.7,
2026-09-23T19:22:01+00:00,ok,github,8949426,3971598c9a14e52a8c766f7944400edd790fa58751244ee25ce0546fca929615,121628,110792,10836,1561,photo 2026-09-23 + 96 fichiers de changements,834,20,9,,5.9,
2026-09-23T19:27:00+00:00,ok,github,8949329,8c97f612c01d9e327c6c40a9adfbd0d921b0177be349194781bc0fa0cd6eb8fd,121628,110792,10836,1562,photo 2026-09-23 + 97 fichiers de changements,689,20,9,,5.2,
2026-09-23T19:32:00+00:00,ok,github,8949293,e87efbd77e5f62c02d86ae83d3bf7bb1dc7e2949cc67c6f98a1aecbb52ac065a,121628,110792,10836,1558,photo 2026-09-23 + 98 fichiers de changements,785,20,9,,6.2,
2026-09-23T19:37:00+00:00,ok,github,8949154,c2fb18e2bf6f02644d8493e2b3bb197e628bcc4d672ed67b75334f979a1c3315,121628,110792,10836,1557,photo 2026-09-23 + 99 fichiers de changements,758,20,9,,5.4,
2026-09-23T19:42:00+00:00,ok,github,8949096,75ce8fc405ab4901711f0b130c2538b507d51cc931459801709c45222f5a8e5a,121628,110792,10836,1559,photo 2026-09-23 + 100 fichiers de changements,665,20,9,,5.4,
2026-09-23T19:47:00+00:00,ok,github,8949037,cc6c4f09c1239255097ed73629acfcee7705e7759db52be8f4fd476814005339,121628,110792,10836,1560,photo 2026-09-23 + 101 fichiers de changements,699,20,9,,5.6,
2026-09-23T19:52:00+00:00,ok,github,8948972,541238b847d4d36b6caacf8ed86de919f565588c62b061c84827c4094d773557,121628,110792,10836,1562,photo 2026-09-23 + 102 fichiers de changements,649,20,9,,5.7,
2026-09-23T19:57:00+00:00,ok,github,8948906,12a6995dd2aeed9063af5071452fd18bf1b5b6e241ebd0121dfdaffd51bab999,121628,110792,10836,1559,photo 2026-09-23 + 103 fichiers de changements,691,20,9,,6.0,
2026-09-23T20:07:00+00:00,ok,github,8948678,6ecac5a547c928b7860e08b9f91f4d30b1e2f541370d0e8184af6983e05e77ba,121628,110792,10836,1578,photo 2026-09-23 + 104 fichiers de changements,1380,24,13,,6.0,
2026-09-23T20:22:00+00:00,ok,github,8948403,ce999cb1d7bb4837b220252f6c505ee706755291b7971553317c0c9a3a0ae549,121628,110792,10836,1573,photo 2026-09-23 + 105 fichiers de changements,1609,24,13,,5.9,
2026-09-23T20:37:00+00:00,ok,github,8948093,474d53c274ad64fda09d833559c81ffce2b637db380b7c60c378864e43b5a2f8,121628,110792,10836,1570,photo 2026-09-23 + 106 fichiers de changements,1401,24,13,,5.8,
2026-09-23T20:52:00+00:00,ok,github,8947840,8f382d105b202e4cd81bc1ca5279411afe6f35c2bd8fbb9b0455719368bd1d0c,121628,110792,10836,1570,photo 2026-09-23 + 107 fichiers de changements,1181,24,13,,6.2,
2026-09-23T21:07:00+00:00,ok,github,8947675,5cc485c4124ec352d76ac6a42cbe1bfbfd30d537ce26a4dfd84025ce7a62d44e,121628,110792,10836,1553,photo 2026-09-23 + 108 fichiers de changements,1349,24,13,,6.0,
2026-09-23T21:22:00+00:00,ok,github,8947579,b845a1fed572343331c756cd6a4d68732932d4bb8be102c9f16bc1fb038ae06b,121628,110792,10836,1555,photo 2026-09-23 + 109 fichiers de changements,1077,24,13,,6.2,
2026-09-23T21:37:00+00:00,ok,github,8947535,57d2e336748f0198177ee6a95704594554b3825acbe06a3ec879555534ad8f8f,121628,110792,10836,1552,photo 2026-09-23 + 110 fichiers de changements,924,24,13,,5.9,
2026-09-23T21:52:00+00:00,ok,github,8947584,0b332a88416c0b79252271ee4252d2f846d39a7aa006fec2066279dc991dd803,121628,110792,10836,1550,photo 2026-09-23 + 111 fichiers de changements,885,24,13,,6.0,
2026-09-23T22:07:00+00:00,ok,github,8947751,9492784b4f7f45cc9348b18d9b22cc7d36805d08f8cdaa32286229c591ad16a5,121630,110794,10836,1563,photo 2026-09-23 + 112 fichiers de changements,935,25,12,,6.6,
2026-09-23T22:22:00+00:00,ok,github,8947757,18bc20022290ae048ceb9910d3a6f8b1561fa90eb9835f7843821d950126be20,121631,110795,10836,1562,photo 2026-09-23 + 113 fichiers de changements,818,26,12,,6.0,
2026-09-23T22:37:00+00:00,ok,github,8947563,7456eedce741b1715703ef2206d8942860f9c27a46058deefddf0bbab38ca738,121631,110795,10836,1566,photo 2026-09-23 + 114 fichiers de changements,683,26,12,,5.6,
2026-09-23T22:52:00+00:00,ok,github,8947737,4df01928865d225e8df0d3de05acef3eea1871ab11f6546a9400ace0ce8aa436,121631,110795,10836,1569,photo 2026-09-23 + 115 fichiers de changements,703,26,12,,6.2,
2026-09-23T23:07:00+00:00,ok,github,8947514,608c6b51a5c680aeaea90e4dce9d93597f93efb33968ece5f864c74e56f7e8e8,121631,110795,10836,1553,photo 2026-09-23 + 116 fichiers de changements,717,26,12,,6.2,
2026-09-23T23:22:00+00:00,ok,github,8947450,7d770eb3cf62056bde50a2228ab744738a2933649b125dfb671d09a919b3b4dd,121631,110795,10836,1557,photo 2026-09-23 + 117 fichiers de changements,568,26,12,,6.1,
2026-09-23T23:37:00+00:00,ok,github,8947537,cfe410c62e6956d9e0d9aa9ce79f0c309e89edaa1e07f3857fe87701668077fb,121631,110795,10836,1555,photo 2026-09-23 + 118 fichiers de changements,511,26,12,,6.0,
2026-09-23T23:52:00+00:00,ok,github,8947444,51517ae0c5a9fb8360adbcfee3365d6ff4a8ec728dc1d0a67f7e313df28b9f7a,121631,110795,10836,1555,photo 2026-09-23 + 119 fichiers de changements,504,26,12,,6.3,
2026-09-24T00:07:17+00:00,ok,github,8947496,179f4f7721d3abc23205e11e0de3ac5f9879c48d7657d3c8c33b7a1c354390fb,121631,110795,10836,1549,photo 2026-09-23 + 120 fichiers de changements,617,26,12,data/collecte/dynamique/instantanes/2026-09-24.csv.gz,7.2,
2026-09-24T00:22:00+00:00,ok,github,8947297,647e039e0705f5c2131651a0b55e26e32d75522ed53791fb55e4c1935dc00aaf,121631,110795,10836,1552,photo 2026-09-24 + 1 fichiers de changements,537,0,0,,4.2,
2026-09-24T00:37:00+00:00,ok,github,8947577,762885d2af07c18b9ea0e8fb062fb77311d1c577f46536cd84c660b326946e5b,121631,110795,10836,1549,photo 2026-09-24 + 2 fichiers de changements,562,0,0,,4.3,
2026-09-24T00:52:00+00:00,ok,github,8947543,92d23e3a7ef1a541182b5c5e4ebf49410e38877db160ab84873e10355188d919,121631,110795,10836,1553,photo 2026-09-24 + 3 fichiers de changements,493,0,0,,4.0,
2026-09-24T01:07:00+00:00,ok,github,8948088,ea522be24e4f7f1e358f420a2a0d70e9e6eaa4fb311a572eea15fa1557746c12,121631,110795,10836,1553,photo 2026-09-24 + 4 fichiers de changements,673,0,0,,4.0,
2026-09-24T01:22:00+00:00,ok,github,8948017,940fb2401b14079df40df3c31ab8ad81424dc3f692c68ec0454eaf96c609ac50,121631,110795,10836,1549,photo 2026-09-24 + 5 fichiers de changements,697,0,0,,4.4,
2026-09-24T01:37:00+00:00,ok,github,8947679,cb415544361e8e386323d37f85d2ad99a3269ccd73a033d313ffc0273af0fc7d,121631,110795,10836,1557,photo 2026-09-24 + 6 fichiers de changements,522,0,0,,4.0,
2026-09-24T01:52:00+00:00,ok,github,8947605,380b32bbd92a24c183c8e5dcdf8c7af0d08c8e490b353b71303dacd5e3e66c5b,121631,110795,10836,1554,photo 2026-09-24 + 7 fichiers de changements,450,0,0,,4.3,
2026-09-24T02:07:00+00:00,ok,github,8947860,055176cf98fe6dbe7a02513f9c34241bc2ea3b56835f0bbee1b69c408ff07511,121631,110795,10836,1566,photo 2026-09-24 + 8 fichiers de changements,595,0,0,,4.2,
2026-09-24T02:22:00+00:00,ok,github,8947581,9d2e9d774993d92a280ccb875a32077ad9c142c7e09dc7f274c73ba49cc462b7,121631,110795,10836,1566,photo 2026-09-24 + 9 fichiers de changements,389,0,0,,4.2,
2026-09-24T02:37:00+00:00,ok,github,8947512,e4a9ef428e9466cd1dd4c31185e2abb6df50f16ccb2192547efba2c08b51e7ca,121631,110795,10836,1574,photo 2026-09-24 + 10 fichiers de changements,386,0,0,,4.3,
2026-09-24T02:52:00+00:00,ok,github,8947657,ed5d73d57963e82c60ffb0779e4f001fa27a3495763adc8165f67c3a0f73f886,121631,110795,10836,1568,photo 2026-09-24 + 11 fichiers de changements,447,0,0,,3.9,
2026-09-24T03:07:00+00:00,ok,github,8947703,e2d895fc818717f5821d13debb781370e97b6bf5f34af317d004daa4f54bc0fe,121631,110795,10836,1567,photo 2026-09-24 + 12 fichiers de changements,535,0,0,,4.5,
2026-09-24T03:22:00+00:00,ok,github,8947795,bee6a55626268e9039683d4dd11fe7aca6f68ae63347119525bed03f7f3d8d97,121631,110795,10836,1570,photo 2026-09-24 + 13 fichiers de changements,575,0,0,,4.3,
2026-09-24T03:37:00+00:00,ok,github,8947618,355156bb45c50b83320c57b285e04a5fd283a1f0b1279a238c25be9aeaee3fb9,121631,110795,10836,1571,photo 2026-09-24 + 14 fichiers de changements,644,0,0,,3.9,
2026-09-24T03:52:00+00:00,ok,github,8947694,5dc823a024a4303fda6648fe24dfa2c4be49095d568c943a64026c930a70c5e8,121631,110795,10836,1567,photo 2026-09-24 + 15 fichiers de changements,689,0,0,,4.2,
2026-09-24T04:07:00+00:00,ok,github,8948193,bdfb4cdbe8ea04c78b9a5b667d4679b389843e816a20dc5d5257e6454a697bba,121631,110795,10836,1577,photo 2026-09-24 + 16 fichiers de changements,1004,0,0,,4.3,
2026-09-24T04:22:00+00:00,ok,github,8948830,01b68b39e779a11b188044a212b6c81b2e7508f4a21654c58acee77b52f6a3c7,121631,110795,10836,1565,photo 2026-09-24 + 17 fichiers de changements,1035,0,0,,4.4,
2026-09-24T04:37:00+00:00,ok,github,8949114,62283f73c7931b915bad214bce327ba10d22d29aae4c9bb14878a1c7fefd132a,121631,110795,10836,1568,photo 2026-09-24 + 18 fichiers de changements,1098,0,0,,4.9,
2026-09-24T04:52:00+00:00,ok,github,8949130,243c236dcd2b8c8a5bd3809a8b2625998fa7034c636654a14cc70efe99740c7a,121631,110795,10836,1564,photo 2026-09-24 + 19 fichiers de changements,1244,0,0,,5.8,
2026-09-24T05:07:00+00:00,ok,github,8949119,ca01d4c9ea886eb9571ccd8d75e49b7427bdb67d5b00140d0ffd43c68ded5361,121631,110795,10836,1558,photo 2026-09-24 + 20 fichiers de changements,1541,0,0,,4.6,
2026-09-24T05:22:00+00:00,ok,github,8949348,a8d33c473c2b35435ad01e0eab08c17c44bbe913774ac59260c946f5d08ee2b4,121631,110795,10836,1564,photo 2026-09-24 + 21 fichiers de changements,1668,0,0,,4.4,
2026-09-24T05:37:00+00:00,ok,github,8949279,84071a7c8fee784da05c36ac5d233c46da368a4aa654056a29c78f853e41a4ab,121627,110791,10836,1565,photo 2026-09-24 + 22 fichiers de changements,1964,0,4,,4.4,
2026-09-24T05:52:00+00:00,ok,github,8949566,8047a5d2ef09784ae6e1b85c889fdcdf84df093a871e4e363d59cd4632abc4c4,121627,110791,10836,1565,photo 2026-09-24 + 23 fichiers de changements,2117,0,4,,4.3,
2026-09-24T06:02:00+00:00,ok,github,8949805,527db167c7b664aef4c62a8655c36c700fff8f510b0d22257fc7254ed937c754,121627,110791,10836,1568,photo 2026-09-24 + 24 fichiers de changements,2122,0,4,,4.7,
2026-09-24T06:02:36+00:00,ok,github,8949833,c6f7a4cd434db682e8f0ffd1ac13ece4289f8b812f432bd52edb5a9e5b0a8446,121627,110791,10836,1568,photo 2026-09-24 + 25 fichiers de changements,143,0,4,,5.3,
2026-09-24T09:29:41+00:00,ok,github,8954677,68c98898a8b3004bbf4efb5b1801758699541f51059cc6b8f577e5791442f432,121642,110805,10837,1612,photo 2026-09-24 + 26 fichiers de changements,11518,14,4,,4.9,
2026-09-24T09:32:00+00:00,ok,github,8954561,4e8ce07674229b4edd69870f19958d9b0d0486915146da6cc44ad960c792a63c,121642,110805,10837,1605,photo 2026-09-24 + 27 fichiers de changements,838,14,4,,4.6,
2026-09-24T09:37:00+00:00,ok,github,8954386,d9f81956ad9d235f7becac0418bc20d2b808a298e10d45958a6c9b2c855d7650,121642,110805,10837,1604,photo 2026-09-24 + 28 fichiers de changements,1428,14,4,,4.8,
2026-09-24T09:42:00+00:00,ok,github,8954431,794cd5f553e1412092f66f6d3df15723c46c32b20f5f95212be213277c98ba43,121644,110807,10837,1605,photo 2026-09-24 + 29 fichiers de changements,1590,16,4,,4.5,
2026-09-24T09:47:00+00:00,ok,github,8954634,ce158241b2818c31095c0a04f95e7155e6783ce987c294a68395e914c4cc82cf,121646,110809,10837,1603,photo 2026-09-24 + 30 fichiers de changements,1744,18,4,,4.6,
2026-09-24T09:52:00+00:00,ok,github,8954734,53ac6a4947383a4fd0f2b39dff4954e3e3b923091bb691134273ba717a5aca57,121647,110810,10837,1599,photo 2026-09-24 + 31 fichiers de changements,1591,19,4,,4.8,
2026-09-24T09:57:00+00:00,ok,github,8954840,683cbfd695746cebbbd686ea93d38ca793032d93abd98ab59f31a4a09355abf5,121648,110811,10837,1608,photo 2026-09-24 + 32 fichiers de changements,1579,20,4,,4.7,
2026-09-24T10:02:00+00:00,ok,github,8954547,62c9a04c72e7f44c8a8b8410584c44bafa51d5c89545c4a7303f933be2d4e764,121648,110811,10837,1603,photo 2026-09-24 + 33 fichiers de changements,2133,20,4,,4.9,
2026-09-24T10:07:00+00:00,ok,github,8954644,b2d57b05bf44357c4419445e47a1e39c05a6742d1c560ad71add847e7ab6e418,121648,110811,10837,1600,photo 2026-09-24 + 34 fichiers de changements,1911,20,4,,4.2,
2026-09-24T10:12:00+00:00,ok,github,8954738,d866d557672846cb284290e07ee09f47ec0be594c255c7e1bfb282c6008f727b,121648,110811,10837,1611,photo 2026-09-24 + 35 fichiers de changements,1755,20,4,,5.6,
2026-09-24T10:17:00+00:00,ok,github,8954820,4657a3bbc89c4e1301cc6d64554d5f454da4dedc82048469206d8fb304b52c84,121648,110811,10837,1607,photo 2026-09-24 + 36 fichiers de changements,1851,20,4,,4.4,
2026-09-24T10:22:00+00:00,ok,github,8955094,c57d53e0deaab28b6bd7be1150bf8789b56e465e7296003b43ee5f9ac27c9cb7,121648,110811,10837,1603,photo 2026-09-24 + 37 fichiers de changements,1806,20,4,,4.9,
2026-09-24T10:27:00+00:00,ok,github,8955288,02162e867630e54b9dc66090eb3489db7fed47e5215042bb82a64e474a0e7ae7,121648,110811,10837,1613,photo 2026-09-24 + 38 fichiers de changements,2018,20,4,,4.7,
2026-09-24T10:32:00+00:00,ok,github,8955277,9c7fb8425c282307b5686666270f13651efaec51b45900cc60b9660cb2fcc87d,121648,110811,10837,1614,photo 2026-09-24 + 39 fichiers de changements,1887,20,4,,5.0,
2026-09-24T10:37:00+00:00,ok,github,8955414,603ad7093d3c0a370b6954e0e2175d970a5b71f5060455926c906a925b53a47c,121648,110811,10837,1621,photo 2026-09-24 + 40 fichiers de changements,1937,20,4,,4.7,
2026-09-24T10:42:00+00:00,ok,github,8955593,0228d6692fe53754413ab092708b739822e482bbf7c54d52955b68f50bc93b9d,121648,110811,10837,1617,photo 2026-09-24 + 41 fichiers de changements,1750,20,4,,4.9,
2026-09-24T10:47:00+00:00,ok,github,8955760,1a06edb78cfbe4e6707e43f1578e44d66ec12ce4f9106aa32389982feb97c955,121648,110811,10837,1615,photo 2026-09-24 + 42 fichiers de changements,1829,20,4,,4.8,
2026-09-24T10:52:00+00:00,ok,github,8955790,f36b5b9fd2645be226e015c3026199bb60ee1383ed12d4a21e22fcff76e3d269,121648,110811,10837,1612,photo 2026-09-24 + 43 fichiers de changements,1891,20,4,,5.1,
2026-09-24T10:57:00+00:00,ok,github,8955941,d4ad4ce3d9574011ce0c6b840c313aceef42f94cfbda756db5f93f2eb37c6fde,121648,110811,10837,1616,photo 2026-09-24 + 44 fichiers de changements,1973,20,4,,4.5,
2026-09-24T11:02:00+00:00,ok,github,8955808,3ddf412c21384c4f49a1cd0e51825fa4a6278c08f3e99d600c9bdd4df5285350,121648,110811,10837,1588,photo 2026-09-24 + 45 fichiers de changements,2265,20,4,,4.9,
2026-09-24T11:07:00+00:00,ok,github,8955650,f5c78097ce02813a3a2867d77609754f20ec1dade4fe936bffc9d39678067747,121648,110811,10837,1589,photo 2026-09-24 + 46 fichiers de changements,1691,20,4,,4.7,
2026-09-24T11:12:00+00:00,ok,github,8955557,3f939f95d2c4fbf00fcd510fa7362cb9981e88c3a13a3e01e8d3b3e784fc98cf,121648,110811,10837,1585,photo 2026-09-24 + 47 fichiers de changements,1846,20,4,,5.0,
2026-09-24T11:17:00+00:00,ok,github,8955223,98009cfe3b8908b5ae8d7bd11c7678c28479e236e1bb3daf295c25ec949b0876,121648,110811,10837,1588,photo 2026-09-24 + 48 fichiers de changements,1696,20,4,,4.7,
2026-09-24T11:22:00+00:00,ok,github,8955298,fab6d80f1c0ae5f71ef296c710d09660902b257590a7584fc3c5546457a6b602,121648,110811,10837,1589,photo 2026-09-24 + 49 fichiers de changements,1816,20,4,,4.9,
2026-09-24T11:27:00+00:00,ok,github,8955116,70da54834475142f3708e22e144598b67f4281d971942e1b533f887656edb5a9,121648,110811,10837,1589,photo 2026-09-24 + 50 fichiers de changements,1865,20,4,,4.9,
2026-09-24T11:32:00+00:00,ok,github,8954942,81a565be31a5d107f9c720ff0a7d4b49d53b23bf9bc1e7c9daa9ccd0c4802129,121648,110811,10837,1589,photo 2026-09-24 + 51 fichiers de changements,1633,20,4,,4.8,
2026-09-24T11:37:00+00:00,ok,github,8954984,05dc06dbcb8abc78bcc4596d6c01055d041689373f39c9a02e9df87cfa8684ec,121648,110811,10837,1593,photo 2026-09-24 + 52 fichiers de changements,1442,20,4,,5.2,
2026-09-24T11:42:00+00:00,ok,github,8954908,2af4fac301014019be5164fdf4b9072eb701b411df12e1be92096e8318bbe001,121648,110811,10837,1593,photo 2026-09-24 + 53 fichiers de changements,1618,20,4,,5.1,
2026-09-24T11:47:00+00:00,ok,github,8954622,8d8c182e32b87eb88807f365deeed2aac375ceb16720f9987a3d903422a8b29a,121648,110811,10837,1591,photo 2026-09-24 + 54 fichiers de changements,1701,20,4,,5.3,
2026-09-24T11:52:00+00:00,ok,github,8954712,a59128c79d8664b9710a02910c118bb147b0507ecc2fe3c054e5aa3393523cac,121650,110813,10837,1592,photo 2026-09-24 + 55 fichiers de changements,1501,22,4,,5.5,
2026-09-24T11:57:00+00:00,ok,github,8954830,8980168696aff100bbae9c3389653f4d3bac37335b8a1520340ecdbc12450826,121650,110813,10837,1592,photo 2026-09-24 + 56 fichiers de changements,1420,22,4,,4.8,
2026-09-24T12:02:00+00:00,ok,github,8954762,1866627842c8099fd9f3de59336e4afa214a05c0d834d887740cb5d0383ff86d,121650,110813,10837,1601,photo 2026-09-24 + 57 fichiers de changements,2063,22,4,,5.0,
2026-09-24T14:22:25+00:00,ok,github,8954755,aa872856127cadc9b97a8215ed78e11f5477aa7b0d25fea3e870605b291f334e,121653,110815,10838,1607,photo 2026-09-24 + 58 fichiers de changements,10446,24,4,,8.1,
2026-09-24T14:27:00+00:00,ok,github,8954839,e298e35eaeb7892160340e32c86e61f642d3bf409015cfed0f6dff7cdb65f855,121653,110815,10838,1608,photo 2026-09-24 + 59 fichiers de changements,1417,24,4,,8.2,
2026-09-24T14:32:01+00:00,ok,github,8954791,40b07637a01b250844b6a39c7bda705f46c8af3cf637d5af7300ee82091c8b88,121653,110815,10838,1612,photo 2026-09-24 + 60 fichiers de changements,1715,24,4,,8.0,
2026-09-24T14:37:00+00:00,ok,github,8954671,af553510e123d2b6b93ab51a3a5a2fdfd1368ef635eb464b430435b082c140e9,121653,110815,10838,1606,photo 2026-09-24 + 61 fichiers de changements,1532,24,4,,7.5,
2026-09-24T14:42:00+00:00,ok,github,8954647,eebff75fece8a640cdb3209c95405b71da15f3077b830348c8c5780ba57fc415,121653,110815,10838,1609,photo 2026-09-24 + 62 fichiers de changements,1591,24,4,,7.9,
2026-09-24T14:47:00+00:00,ok,github,8954607,ae02590626b5f686eb2197b4d2543311cfd2f060d137a22180876cec4ba3ac5c,121653,110815,10838,1610,photo 2026-09-24 + 63 fichiers de changements,1579,24,4,,8.0,
2026-09-24T14:52:00+00:00,ok,github,8963168,cfe3970c2e17d30798782b68e342622308e3027c6cad113b4ccd2db31131d9d1,121757,110919,10838,1607,photo 2026-09-24 + 64 fichiers de changements,1498,128,4,,6.8,
2026-09-24T14:57:00+00:00,ok,github,8963034,4922dfa1f36ff511c3512d21dd66694832f1d2ecdd1afda60ce0cc44d1eed914,121757,110919,10838,1609,photo 2026-09-24 + 65 fichiers de changements,1468,128,4,,6.7,
2026-09-24T15:02:00+00:00,ok,github,8962895,70bcd702d62eef59c4f148b7d246bfc107d74fa0557bb418cfde341456ecf0b1,121757,110919,10838,1597,photo 2026-09-24 + 66 fichiers de changements,2038,128,4,,7.9,
2026-09-24T15:07:01+00:00,ok,github,8963123,87d09ed77a0c26d64461449027214a97eae676a803c3dbf9f84fa1e0708650bb,121757,110919,10838,1597,photo 2026-09-24 + 67 fichiers de changements,1540,128,4,,7.5,
2026-09-24T15:12:00+00:00,ok,github,8963157,49ba479ca5dd5dce5cb96313301f30dcfa6d5033135a0f0bdb503c0b64ab6983,121757,110919,10838,1600,photo 2026-09-24 + 68 fichiers de changements,1763,128,4,,8.2,
2026-09-24T15:17:01+00:00,ok,github,8963047,7889eaccc22715e0a217ec5ba532cb6cfe06b090740c0a09beb0e5d1c1d2cb0a,121757,110919,10838,1600,photo 2026-09-24 + 69 fichiers de changements,1572,128,4,,7.1,
2026-09-24T15:22:00+00:00,ok,github,8962952,3e48baa7af045011dfa2a8b92e7f2555607723ec5b2174f7959424d45578d997,121757,110919,10838,1604,photo 2026-09-24 + 70 fichiers de changements,1578,128,4,,7.0,
2026-09-24T15:27:00+00:00,ok,github,8962925,dc4cf02bdba6f5394e3e502e1956110e41c6d14d87bd66d61bec0151e1b60683,121757,110919,10838,1603,photo 2026-09-24 + 71 fichiers de changements,1574,128,4,,8.0,
2026-09-24T15:32:00+00:00,ok,github,8963039,bd845872e0e08f18b5b0f1f1a7acfc7015df9883444f969544ecaa4f9f59eaf3,121757,110919,10838,1599,photo 2026-09-24 + 72 fichiers de changements,1644,128,4,,6.9,
2026-09-24T15:37:00+00:00,ok,github,8963473,8481b25cde5e07b9994a4e54605fc2677f3be10088ef52b35d7c1889966055a0,121757,110919,10838,1608,photo 2026-09-24 + 73 fichiers de changements,1729,128,4,,7.3,
2026-09-24T15:42:01+00:00,ok,github,8963507,6e0b3af231462d8af51c11d8b5ca0c991c46cae72ba531dbb1eadb56dc238832,121757,110919,10838,1609,photo 2026-09-24 + 74 fichiers de changements,1700,128,4,,7.2,
2026-09-24T15:47:00+00:00,ok,github,8963677,4c7dc5ccae76f8ca847b089696c6ba66ffdf9069c08b85a0d90752227f72951d,121757,110919,10838,1604,photo 2026-09-24 + 75 fichiers de changements,1565,128,4,,7.4,
2026-09-24T15:52:00+00:00,ok,github,8963478,a139b1bcd422807cc8c1015f319832404d0ec459a1f167038e09ce84a840198e,121757,110919,10838,1607,photo 2026-09-24 + 76 fichiers de changements,1692,128,4,,7.4,
2026-09-24T15:57:00+00:00,ok,github,8963399,91126fb9674f6bbe587b322b64d300bbc02e5670bcaaad2b25377708f254e6be,121757,110919,10838,1599,photo 2026-09-24 + 77 fichiers de changements,1687,128,4,,6.3,
2026-09-24T16:02:00+00:00,ok,github,8963436,52ef47eb4b077883f0f960d7df8b766b42c3ea816b64695f60ed211a539bf1c4,121757,110919,10838,1579,photo 2026-09-24 + 78 fichiers de changements,2116,128,4,,7.7,
2026-09-24T16:07:00+00:00,ok,github,8963740,d941dbec78ce6858699a77cfe8cfbb9c012a5b4cabd2158f3fd3054ca22de59c,121757,110919,10838,1580,photo 2026-09-24 + 79 fichiers de changements,1593,128,4,,7.1,
2026-09-24T16:12:00+00:00,ok,github,8963455,6d2983d63880b86f6b0cf57e02e27e2f1f54ea811673456a6440f395a8f8efad,121757,110919,10838,1582,photo 2026-09-24 + 80 fichiers de changements,1773,128,4,,7.3,
2026-09-24T16:17:00+00:00,ok,github,8963409,9ae979f1244ae1f4bb07ae5edbd49ea786e387656a24f265096ee4f7fd5b07d7,121757,110919,10838,1583,photo 2026-09-24 + 81 fichiers de changements,1802,128,4,,6.5,
2026-09-24T16:22:00+00:00,ok,github,8963403,e9213e0f6f69c6e742f78ddf9c17fb527a46f9debbab1777d817205a745cb250,121757,110919,10838,1579,photo 2026-09-24 + 82 fichiers de changements,1706,128,4,,7.2,
2026-09-24T16:27:00+00:00,ok,github,8963334,34e6129b1e87d22520aec73f02c1dcc31c84ae0740f2a92715850e21e6f82727,121757,110919,10838,1574,photo 2026-09-24 + 83 fichiers de changements,1510,128,4,,7.4,
2026-09-24T16:32:00+00:00,ok,github,8963448,40441d27404808da9ab7e6277ddf78175d84bd2d9606e25ace22fe8de7ecfc88,121757,110919,10838,1589,photo 2026-09-24 + 84 fichiers de changements,1790,128,4,,7.4,
2026-09-24T16:37:00+00:00,ok,github,8963528,3501da19445ae0a4f670e2b749cc9c422c0c2dfec04a06e5769e3989c1509708,121758,110920,10838,1584,photo 2026-09-24 + 85 fichiers de changements,1742,129,4,,8.2,
2026-09-24T16:42:00+00:00,ok,github,8963404,73b1d779b28b5099f00d2ad2694a57f66a4afcff16ddaa7d2eceacb0010f80df,121758,110920,10838,1585,photo 2026-09-24 + 86 fichiers de changements,1540,129,4,,7.1,
2026-09-24T16:47:00+00:00,ok,github,8963249,eb8b573b6f9d6b13e42f7c5e4c4e5271c03c6365e4d7d411d38db1328bfe358d,121758,110920,10838,1585,photo 2026-09-24 + 87 fichiers de changements,1528,129,4,,7.0,
2026-09-24T16:52:00+00:00,ok,github,8963139,6afea160c61fd0bffbc23398b0b514a5fe446258288f9cdb1150db97cd6b1239,121758,110920,10838,1584,photo 2026-09-24 + 88 fichiers de changements,1506,129,4,,8.2,
2026-09-24T16:57:00+00:00,ok,github,8963151,89ed2f6578e8dfcb2565165904b3a4237c65cd16d6679aa92ceb2fc543ad4549,121758,110920,10838,1583,photo 2026-09-24 + 89 fichiers de changements,1639,129,4,,7.1,
2026-09-24T17:02:00+00:00,ok,github,8963287,9f7f251386991333bf5d709142b7d7deef216fe2ba5cfbed2e39138a09b20d1f,121758,110920,10838,1577,photo 2026-09-24 + 90 fichiers de changements,1964,129,4,,6.8,
2026-09-24T17:07:00+00:00,ok,github,8963203,9cb0d74563c7610674f7dcb57986e3e3a18ff47ff6ab5354c3bed13b7aba6f79,121758,110920,10838,1569,photo 2026-09-24 + 91 fichiers de changements,1416,129,4,,8.0,
2026-09-24T17:12:00+00:00,ok,github,8963182,24df407e62b665801f3c7edf9f213c175ac080d32a110060f8e88001836f1976,121758,110920,10838,1578,photo 2026-09-24 + 92 fichiers de changements,1464,129,4,,7.7,
2026-09-24T17:17:00+00:00,ok,github,8962927,6e6eee1b54676a45487c81df455493daa25051818619e2affadc82bd8a366068,121758,110920,10838,1576,photo 2026-09-24 + 93 fichiers de changements,1535,129,4,,8.1,
2026-09-24T17:22:00+00:00,ok,github,8962860,1dc1fa4bf2ea2c3f60cde96a427679eb86ef7ee3f95128c971e8b0cf20901422,121758,110920,10838,1578,photo 2026-09-24 + 94 fichiers de changements,1271,129,4,,8.3,
2026-09-24T17:27:00+00:00,ok,github,8962870,61598b2404cc1903d7d357f09db5ca9794c87fc970cfed09cfd8acfcec5b5825,121759,110921,10838,1575,photo 2026-09-24 + 95 fichiers de changements,1359,130,4,,7.1,
2026-09-24T17:32:00+00:00,ok,github,8962865,8d265f519669eeeda701f3094d540e90a1cd722b5edc2676f15c44b257d4907a,121759,110921,10838,1573,photo 2026-09-24 + 96 fichiers de changements,1421,130,4,,7.9,
2026-09-24T17:37:00+00:00,ok,github,8962823,b03e869bbcbe2752f298c10520d1b3ac3b690892e05ebaac7667e8d0147c38d5,121759,110921,10838,1574,photo 2026-09-24 + 97 fichiers de changements,1377,130,4,,7.8,
2026-09-24T17:42:00+00:00,ok,github,8962860,30e45c717535b6f83bda6f137e89a449ac80963a022e571802f74e63ebc4b24b,121759,110921,10838,1576,photo 2026-09-24 + 98 fichiers de changements,1137,130,4,,7.8,
2026-09-24T17:47:00+00:00,ok,github,8962938,e31fb2f8f6e014aba0e6844b49e3bc650b6a090f1bb4770db8502c8acae10c0d,121759,110921,10838,1573,photo 2026-09-24 + 99 fichiers de changements,1155,130,4,,7.8,
2026-09-24T17:52:00+00:00,ok,github,8962826,bc532c2f4238c7602243914717745f0cb9da14bee71347032b699916033dea89,121759,110921,10838,1575,photo 2026-09-24 + 100 fichiers de changements,1254,130,4,,9.2,
2026-09-24T17:57:00+00:00,ok,github,8962714,872858dcab1a375f5c4cd0fc747bf067eca6635be7be2e3d7429946b5b3abad2,121759,110921,10838,1574,photo 2026-09-24 + 101 fichiers de changements,1188,130,4,,7.8,
2026-09-24T18:02:00+00:00,ok,github,8962866,7560ad453b3dcbcccdc2bf8d9c03a4bccc873150f13b62ea61dd1bd8d4510ee0,121759,110921,10838,1574,photo 2026-09-24 + 102 fichiers de changements,1709,130,4,,7.8,
2026-09-24T18:30:29+00:00,ok,github,8962481,c0239243d9594d446c05a7233b19090c014d5aadbf0b227f7a5a50587bec06c9,121760,110922,10838,1580,photo 2026-09-24 + 103 fichiers de changements,4239,131,4,,7.6,
2026-09-24T18:32:00+00:00,ok,github,8962502,bdfd3b5560c867681a34f473784fb86f8c11119b2bef74bcc89f319f76b14aee,121760,110922,10838,1579,photo 2026-09-24 + 104 fichiers de changements,263,131,4,,7.2,
2026-09-24T18:37:00+00:00,ok,github,8962427,45a64350b2ec8a86a0bcef85241ef37c635104c5dfdd51d61ab7ae84efe09ca0,121760,110922,10838,1574,photo 2026-09-24 + 105 fichiers de changements,839,131,4,,8.1,
2026-09-24T18:42:00+00:00,ok,github,8962413,4f4549ac279f7b654651d1c802f1142ded1d0b75d94b197a96d9a58dd406cff4,121760,110922,10838,1579,photo 2026-09-24 + 106 fichiers de changements,938,131,4,,10.1,
2026-09-24T18:47:00+00:00,ok,github,8962102,ec91c6de1bc327e5b8dd032cd37457a6c6f615a0373180ffa9b5d9d1d73ca64a,121760,110922,10838,1575,photo 2026-09-24 + 107 fichiers de changements,771,131,4,,7.6,
2026-09-24T18:52:00+00:00,ok,github,8962099,32838993ede509c96d628b6bd97a74743753f706d022d06aeb5bc506daab7f24,121760,110922,10838,1571,photo 2026-09-24 + 108 fichiers de changements,860,131,4,,7.4,
2026-09-24T18:57:00+00:00,ok,github,8962051,6c7ed6052a07ba4bcae510299d8e6eb907e973d55680612f32bc36a963e24093,121760,110922,10838,1569,photo 2026-09-24 + 109 fichiers de changements,773,131,4,,10.3,
2026-09-24T19:02:00+00:00,ok,github,8961864,9db16d21f0931542fffeb929611e17742525c81cee484501b209f029ceed1b31,121760,110922,10838,1565,photo 2026-09-24 + 110 fichiers de changements,981,131,4,,8.3,
2026-09-24T19:07:00+00:00,ok,github,8962027,78255f9e613c58a03755e0e838e2af54ab5f9f4670949e4b67d76552bffd8a1c,121760,110922,10838,1569,photo 2026-09-24 + 111 fichiers de changements,754,131,4,,7.0,
2026-09-24T19:12:00+00:00,ok,github,8961832,03b745087725c31dc4aa78ae15108b2784349483849059626301c581a24e6961,121760,110922,10838,1570,photo 2026-09-24 + 112 fichiers de changements,829,131,4,,9.1,
2026-09-24T19:17:00+00:00,ok,github,8961782,496770ae96c9cab96a1c3e13715a3ab28459c80c571fa1b265e3856326047e1f,121760,110922,10838,1571,photo 2026-09-24 + 113 fichiers de changements,725,131,4,,7.3,
2026-09-24T19:22:01+00:00,ok,github,8961711,289f0da06d4788f0fcb796242006cfb519dde399af6ac87f10bbe8baf9476697,121760,110922,10838,1570,photo 2026-09-24 + 114 fichiers de changements,702,131,4,,8.1,
2026-09-24T19:27:00+00:00,ok,github,8961662,16fb88054b102451b61076b32c76d2e56516597e93a4873fff72a8d3bf79b4d3,121760,110922,10838,1564,photo 2026-09-24 + 115 fichiers de changements,668,131,4,,7.8,
2026-09-24T19:32:00+00:00,ok,github,8961630,dbe34f2d428619c6c7715bbf900e5c0f6b1246409def3b8cae6647ad66c77a41,121760,110922,10838,1563,photo 2026-09-24 + 116 fichiers de changements,677,131,4,,7.9,
2026-09-24T19:37:00+00:00,ok,github,8961509,173dccc95a7d412b3bb4f1e2ef24de7e234de8c155e9a9cbc7c9b71177d892a9,121760,110922,10838,1565,photo 2026-09-24 + 117 fichiers de changements,660,131,4,,7.5,
2026-09-24T19:42:00+00:00,ok,github,8961421,9a43cbd18adf7c2e162545dec2efec44fe74fb0393c2261d36c62fe49bfcbf5e,121760,110922,10838,1562,photo 2026-09-24 + 118 fichiers de changements,673,131,4,,7.7,
2026-09-24T19:47:00+00:00,ok,github,8961433,e2be9240bdff906d1c7b4a2ad46f98b74905b1970635deeffdcc26fca37cb3ea,121760,110922,10838,1565,photo 2026-09-24 + 119 fichiers de changements,604,131,4,,7.4,
2026-09-24T19:52:01+00:00,ok,github,8961239,7a8e7d2aab3528023e486e3bd0f5f0abd93a7dc5b7896b80b72a21e8b9d03ae4,121760,110922,10838,1566,photo 2026-09-24 + 120 fichiers de changements,685,131,4,,7.9,
2026-09-24T19:57:00+00:00,ok,github,8961138,b611dcbbf41fcd2804eb1d897808ae0c4c5edaf31178481431294e145929bddc,121760,110922,10838,1569,photo 2026-09-24 + 121 fichiers de changements,573,131,4,,8.0,
2026-09-24T20:07:00+00:00,ok,github,8961237,e8f7c30d68ba71f7fa9082e41b9b95d554d5ef66d0c9987f1ab0f4cef9880c22,121764,110926,10838,1574,photo 2026-09-24 + 122 fichiers de changements,1380,139,8,,8.2,
2026-09-24T20:22:00+00:00,ok,github,8961074,448fdba9b3448c076a3cd190a259935a205ec72ee7db98ef887a326ac6119e81,121764,110926,10838,1572,photo 2026-09-24 + 123 fichiers de changements,1427,139,8,,8.3,
2026-09-24T20:37:00+00:00,ok,github,8960967,2762f4c7810b3c05d8ec5a251b29256108c2a7602e56b5e1dbfb70bcb8faedaf,121764,110926,10838,1590,photo 2026-09-24 + 124 fichiers de changements,1329,139,8,,8.8,
2026-09-24T20:52:00+00:00,ok,github,8960722,92cf673d50598e10ea81f01d98d92ee640648d109d911548b3e7007c08bc5310,121764,110926,10838,1579,photo 2026-09-24 + 125 fichiers de changements,1197,139,8,,8.3,
2026-09-24T21:07:00+00:00,ok,github,8961098,5f52c6a9d8af4d4ec9dd94b07541f5a751f96af602c48d034c2772639ca84464,121771,110933,10838,1582,photo 2026-09-24 + 126 fichiers de changements,1304,146,8,,8.4,
2026-09-24T21:22:00+00:00,ok,github,8961033,7d39a9544c19327f4621cde41a7b94e14c5006e6f4389397235b47c79c1c0115,121771,110933,10838,1583,photo 2026-09-24 + 127 fichiers de changements,1056,146,8,,8.0,
2026-09-24T21:37:00+00:00,ok,github,8960882,ad1ea79db84389a08fab0c868bb6f6aa53949d451cad720db3953f8aa398d546,121771,110933,10838,1588,photo 2026-09-24 + 128 fichiers de changements,1010,146,8,,8.1,
2026-09-24T21:52:00+00:00,ok,github,8960710,2c660d3555c131b574c3df92ce4225caa535fe66476e210982eefa4dd52ac7e3,121771,110933,10838,1586,photo 2026-09-24 + 129 fichiers de changements,872,146,8,,7.9,
2026-09-24T22:07:00+00:00,ok,github,8960755,f6dd6f7131be21ab0a0c5b87d50dd97a9bedb0f407a636284beafbab5e783795,121771,110933,10838,1573,photo 2026-09-24 + 130 fichiers de changements,903,146,8,,8.3,
2026-09-24T22:22:00+00:00,ok,github,8960620,a54ced5dcb1bd6c0ebed69e94af68150fda2d02ca07c3be94ba6475f607b0039,121771,110933,10838,1575,photo 2026-09-24 + 131 fichiers de changements,850,146,8,,11.4,
2026-09-24T22:37:00+00:00,ok,github,8960656,33c8e5b1a8b2830cbb59d7b413d22cb0be3928a0a511da29db25dac8aa8d8cac,121771,110933,10838,1582,photo 2026-09-24 + 132 fichiers de changements,693,146,8,,8.3,
2026-09-24T22:52:00+00:00,ok,github,8960586,40d99d515741b7c16fe7e8bf93683bb93f56fb7f4d9e66db3e00e1df7216dbac,121771,110933,10838,1581,photo 2026-09-24 + 133 fichiers de changements,661,146,8,,9.0,
2026-09-24T23:07:00+00:00,ok,github,8960667,aa9c143c906e85faaf8c5e9177a1db6acf57577c9ce10b7e06b4474ab85d63cb,121771,110933,10838,1578,photo 2026-09-24 + 134 fichiers de changements,698,146,8,,8.6,
2026-09-24T23:22:00+00:00,ok,github,8960422,e1e509b701825d166720e2f70fb8fbbe89ee997453232c9a76793765a9b744ec,121771,110933,10838,1578,photo 2026-09-24 + 135 fichiers de changements,503,146,8,,8.4,
2026-09-24T23:37:00+00:00,ok,github,8960441,018e4a4fb505f1532953cce3e5c012dcded8d0b9d1ce3a86394b1d8d1dbc2aa8,121771,110933,10838,1580,photo 2026-09-24 + 136 fichiers de changements,474,146,8,,8.4,
2026-09-24T23:52:00+00:00,ok,github,8960328,84116d55cf9fe5dc4c71f81c97b1685777b37e8dd0faccadf965ce39d60c5889,121771,110933,10838,1584,photo 2026-09-24 + 137 fichiers de changements,449,146,8,,8.4,
2026-09-25T00:07:21+00:00,ok,github,8960181,5b51b670eadd6a4f5274da4d06aae72d6bf40b749900ed561ea9087ebd79eeac,121771,110933,10838,1584,photo 2026-09-24 + 138 fichiers de changements,524,146,8,data/collecte/dynamique/instantanes/2026-09-25.csv.gz,7.9,
2026-09-25T00:22:00+00:00,ok,github,8960540,91256aa793b28a26e7c8d679a9bf847eebcecb221e4b3c0d8a1eb170e28beb63,121771,110933,10838,1586,photo 2026-09-25 + 1 fichiers de changements,508,0,0,,4.4,
2026-09-25T00:37:00+00:00,ok,github,8961036,e9d2495058988ab8df7bb0d4b6160811ccc2f347e3415133e542e1c6c6e5837a,121771,110933,10838,1588,photo 2026-09-25 + 2 fichiers de changements,497,0,0,,4.3,
2026-09-25T00:52:00+00:00,ok,github,8960704,255cdef82a4c80c8ebe9d340974aa46250c2ea06ad5dc327ee56fac525ba60c5,121771,110933,10838,1590,photo 2026-09-25 + 3 fichiers de changements,462,0,0,,4.6,
2026-09-25T01:07:00+00:00,ok,github,8961221,9e98976856c97734dfbe0a05776bc2b1590f7a09285a0eaa37c5df4a4f34f6ae,121771,110933,10838,1598,photo 2026-09-25 + 4 fichiers de changements,584,0,0,,5.1,
2026-09-25T01:22:00+00:00,ok,github,8961031,a595b97621ca3f31ac24ffdbe091d6eb08b68f8d18c2899c3ff32e5767ecf754,121771,110933,10838,1593,photo 2026-09-25 + 5 fichiers de changements,480,0,0,,4.8,
2026-09-25T01:37:00+00:00,ok,github,8961104,abf30bc4aa3e97f14b2a061175a09e00bba3cbb7195055db04fe36f5181884ae,121771,110933,10838,1591,photo 2026-09-25 + 6 fichiers de changements,357,0,0,,5.2,
2026-09-25T01:52:00+00:00,ok,github,8961051,5f17e2c64b8400865293439bba61a49beb782a1e44c936486f224646fa8cad0e,121771,110933,10838,1591,photo 2026-09-25 + 7 fichiers de changements,415,0,0,,5.2,
2026-09-25T02:07:00+00:00,ok,github,8961421,e585390158d48a491aff53e32e18e04b09a12a019294c77fe42be3270527e629,121777,110939,10838,1589,photo 2026-09-25 + 8 fichiers de changements,464,6,0,,4.5,
2026-09-25T02:22:00+00:00,ok,github,8961423,efe0178c40f9e7667fbe46f4dde83030e375bffdc1f2c2c57e6a035b99b4864b,121777,110939,10838,1588,photo 2026-09-25 + 9 fichiers de changements,435,6,0,,4.8,
2026-09-25T02:37:00+00:00,ok,github,8961289,36fb38995cf692e59b2956596b1d153aa044917069ac4abdf90981255a4faa3f,121777,110939,10838,1596,photo 2026-09-25 + 10 fichiers de changements,363,6,0,,4.7,
2026-09-25T02:52:00+00:00,ok,github,8961137,04be49450da07b95f6f9f7d37b9af4f1d02179d28f2163359ca4cdab03f6b591,121777,110939,10838,1596,photo 2026-09-25 + 11 fichiers de changements,368,6,0,,5.2,
2026-09-25T03:07:00+00:00,ok,github,8961205,a0619307cc92f26f7ea8e34a7726f8a525fd1909d08a08d94ca34c0008c4337f,121777,110939,10838,1598,photo 2026-09-25 + 12 fichiers de changements,442,6,0,,5.1,
2026-09-25T03:22:00+00:00,ok,github,8961021,02a0af2e1f4692f3f84982d795b46ef5a4c08b8816bc46086a198e2db5a7c935,121777,110939,10838,1594,photo 2026-09-25 + 13 fichiers de changements,394,6,0,,9.0,
2026-09-25T03:37:00+00:00,ok,github,8961177,a3a82f27fbe4af0d7441931faa3fa9de497c1c3b86251d498a917ce39928e6e1,121777,110939,10838,1595,photo 2026-09-25 + 14 fichiers de changements,435,6,0,,5.1,
2026-09-25T03:52:00+00:00,ok,github,8961467,69894da93f8ec2e97598f76e6a0b6efe5bd59d513eb65b3774922de4d78b488f,121777,110939,10838,1593,photo 2026-09-25 + 15 fichiers de changements,615,6,0,,4.6,
2026-09-25T04:07:00+00:00,ok,github,8961330,6c1b916e486639c832467a4bece655ccd252c7a4bbc70534bb4b7f742a132ea3,121777,110939,10838,1588,photo 2026-09-25 + 16 fichiers de changements,856,6,0,,5.1,
2026-09-25T04:22:00+00:00,ok,github,8961668,81cb2bdec40c5da38ded79cb24f64b3e4bf476dcd68f40489f04e516783e845b,121777,110939,10838,1596,photo 2026-09-25 + 17 fichiers de changements,901,6,0,,4.7,
2026-09-25T04:37:00+00:00,ok,github,8961759,bcdfef0525d17e414b50bce9712a451d0ab0e0cdc214d032fed9ba8fa12f89aa,121777,110939,10838,1593,photo 2026-09-25 + 18 fichiers de changements,923,6,0,,5.3,
2026-09-25T04:52:00+00:00,ok,github,8961533,f97de05a8b41d8c74d34072796267f88ca14eeab265f570b49e706431c8a1a93,121777,110939,10838,1590,photo 2026-09-25 + 19 fichiers de changements,1049,6,0,,4.8,
2026-09-25T05:07:00+00:00,ok,github,8961770,0a2a0ffcd3f71b50b59b79d77e0b2707dfc85bae636ed145c289aed3993ab295,121777,110939,10838,1591,photo 2026-09-25 + 20 fichiers de changements,1390,6,0,,5.2,
2026-09-25T05:22:00+00:00,ok,github,8961918,10c491183f5a39c3e9f8c16d2bbaec018dc8e09ba47ac82d107b5f411b4af524,121777,110939,10838,1592,photo 2026-09-25 + 21 fichiers de changements,1407,6,0,,5.4,
2026-09-25T05:37:00+00:00,ok,github,8962010,5b9a4422e5258c5b6d0453a72f16730e43c1a6d0be8215e53ad36b50c7ff6eab,121773,110935,10838,1601,photo 2026-09-25 + 22 fichiers de changements,1602,6,4,,4.8,
2026-09-25T05:52:00+00:00,ok,github,8962498,73707ebec1379b139dadb4d0f5f7012af40fca0b35d1af332db720a79fe9bb7a,121776,110936,10840,1588,photo 2026-09-25 + 23 fichiers de changements,2022,7,4,,4.8,
2026-09-25T06:02:00+00:00,ok,github,8962900,566f447a38caa33c2bc0da16b75c2fe5ea15b005a79ce7372b8a4cdc86e92171,121776,110936,10840,1587,photo 2026-09-25 + 24 fichiers de changements,2149,7,4,,4.7,
2026-09-25T06:02:39+00:00,ok,github,8962943,092636dcb14a3d06e970087a5facaf13d01ff1904936e4613a29017545e7cc31,121776,110936,10840,1587,photo 2026-09-25 + 25 fichiers de changements,194,7,4,,5.2,
2026-09-25T09:52:00+00:00,ok,github,8974649,c70385345a332b7a1841123e1b955baa0f4c2215562dc88c68b9f13544f9ef4e,121798,110958,10840,1581,photo 2026-09-25 + 26 fichiers de changements,12613,29,4,,5.7,
2026-09-25T09:57:00+00:00,ok,github,8974599,04b9f35189400a77c9757004b503fb16874517b3de4a3115ab89709cd423c06e,121798,110958,10840,1581,photo 2026-09-25 + 27 fichiers de changements,1744,29,4,,6.8,
2026-09-25T10:02:00+00:00,ok,github,8974553,4d64edbaab7ce7ecd4db70c073d9553f48092ef182ead5e688185b00c870f383,121798,110958,10840,1577,photo 2026-09-25 + 28 fichiers de changements,2075,29,4,,5.6,
2026-09-25T10:07:00+00:00,ok,github,8974505,b88bf7aa9c0eae51541084ed801341bf6a337e15180a1a06063cb9d9d6634dee,121798,110958,10840,1584,photo 2026-09-25 + 29 fichiers de changements,1648,29,4,,6.5,
2026-09-25T10:12:00+00:00,ok,github,8974845,32642f17ec8312954688fc14a6d148725657d4811d1d80a8ae0b3b103b2e43d7,121800,110960,10840,1575,photo 2026-09-25 + 30 fichiers de changements,1799,31,4,,6.8,
2026-09-25T10:17:00+00:00,ok,github,8975108,474c551094e5809f10767847877ebba821169c1a360431afce13c67b140b1092,121801,110961,10840,1578,photo 2026-09-25 + 31 fichiers de changements,2066,32,4,,5.8,
2026-09-25T10:22:00+00:00,ok,github,8975491,3569c6d97aa17e1a77e29bbebe1c441c6807331343f302d1614ec6ffa5474036,121803,110963,10840,1583,photo 2026-09-25 + 32 fichiers de changements,1875,34,4,,7.0,
2026-09-25T10:27:00+00:00,ok,github,8975531,af65a2d26f31b414b176f8a7312ff36a1757c96055387a43b4b8ee73b92ed354,121804,110964,10840,1583,photo 2026-09-25 + 33 fichiers de changements,1780,35,4,,6.8,
2026-09-25T10:32:00+00:00,ok,github,8975679,4fb8cdca2f783eb19d69b1b275d67bf822416f1ad0a576d70175f7707fdb6626,121804,110964,10840,1590,photo 2026-09-25 + 34 fichiers de changements,1759,35,4,,6.1,
2026-09-25T10:37:00+00:00,ok,github,8975837,c5ef9d5eef94e6d1d80cd6f99670764a179a1372444e9b61b323e700ea4064c4,121806,110966,10840,1587,photo 2026-09-25 + 35 fichiers de changements,2016,37,4,,6.1,
2026-09-25T10:42:00+00:00,ok,github,8976125,a503a065037e3279f9a896409081ecb1a5f57f4e2a013129de9de82c49c3ba9f,121807,110967,10840,1584,photo 2026-09-25 + 36 fichiers de changements,1871,38,4,,5.8,
2026-09-25T10:47:00+00:00,ok,github,8976163,514db42e82cef309d137c0ac06240404161fe119f128eefe3131349fb5120480,121807,110967,10840,1588,photo 2026-09-25 + 37 fichiers de changements,1694,38,4,,6.3,
2026-09-25T10:52:00+00:00,ok,github,8976721,8967070967ebbd576419918ccc687e138d0103c69719f0dfa39466fb9e0ca87c,121811,110971,10840,1586,photo 2026-09-25 + 38 fichiers de changements,1861,42,4,,5.8,
2026-09-25T10:57:00+00:00,ok,github,8976847,4d9ee949611a423f3bdde7c19a06e76c9b4668fe067c0146a8fcbe06c1959a1d,121811,110971,10840,1587,photo 2026-09-25 + 39 fichiers de changements,1887,42,4,,6.5,
2026-09-25T11:02:00+00:00,ok,github,8976928,88ee198ec409c46117eb2205ffbd4b084cf150d2411519eaee9b5413bd46a610,121811,110971,10840,1566,photo 2026-09-25 + 40 fichiers de changements,2397,42,4,,6.0,
2026-09-25T11:07:00+00:00,ok,github,8976706,2b13b4d3a44b603b9e7388380a91f6ce227f07df0454be2f0ff029c165235d32,121811,110971,10840,1564,photo 2026-09-25 + 41 fichiers de changements,1794,42,4,,6.4,
2026-09-25T11:12:00+00:00,ok,github,8976509,74b5dd10204ecfafad36cc0e084b40853c403a11fa885db17892ff0519ed80c7,121811,110971,10840,1571,photo 2026-09-25 + 42 fichiers de changements,1783,42,4,,6.4,
2026-09-25T11:17:00+00:00,ok,github,8976314,67c47a8c99157c4056acdcb1e8f53930fd72fb1213347e19380b6fa92114c2ac,121811,110971,10840,1571,photo 2026-09-25 + 43 fichiers de changements,1930,42,4,,6.8,
2026-09-25T11:22:00+00:00,ok,github,8975988,b9881ff840e6d306e1b3ffdd6be669a127b1865c2800160d9fcd80be60d8665a,121811,110971,10840,1564,photo 2026-09-25 + 44 fichiers de changements,1715,42,4,,6.6,
2026-09-25T11:27:00+00:00,ok,github,8976005,4eca0f348624af66f64982489b5f9ca88565edb081e068d4e3f61bb5ade3821b,121812,110972,10840,1568,photo 2026-09-25 + 45 fichiers de changements,1849,43,4,,6.6,
2026-09-25T11:32:00+00:00,ok,github,8975955,5f7a083d1edac4ad8147aa8ef5117528dba33b4b42a2b9f07e4133fb5e8199c4,121812,110972,10840,1566,photo 2026-09-25 + 46 fichiers de changements,1663,43,4,,6.6,
2026-09-25T11:37:00+00:00,ok,github,8975669,6c4027c83115b04df5f2389f3e12f358e0b2848c10016accfe924d9187897e8b,121812,110972,10840,1564,photo 2026-09-25 + 47 fichiers de changements,1782,43,4,,6.2,
2026-09-25T11:42:00+00:00,ok,github,8975408,73ea87a4be5f05f1a530f99e4a3d5060f1bd981a05244fae3be97d59a3ab71bc,121812,110972,10840,1571,photo 2026-09-25 + 48 fichiers de changements,1756,43,4,,6.7,
2026-09-25T11:47:00+00:00,ok,github,8975450,09a2c90abc2584ea69ee742e39b3eaf3a99a1900522c3436d80a28349e6a0316,121812,110972,10840,1569,photo 2026-09-25 + 49 fichiers de changements,1719,43,4,,7.7,
2026-09-25T11:52:00+00:00,ok,github,8975166,d800f6eff6fbaf865f92a7645a0b3af00379d0fa8a411319e96533dcbe21f790,121812,110972,10840,1569,photo 2026-09-25 + 50 fichiers de changements,1887,43,4,,6.8,
2026-09-25T11:57:00+00:00,ok,github,8975010,77395eb60321ef06168b03c2595463997927d49e43f8df5d12f06aeaa95fdce1,121812,110972,10840,1573,photo 2026-09-25 + 51 fichiers de changements,1709,43,4,,6.8,
2026-09-25T12:02:00+00:00,ok,github,8975145,f8d3a165fa49da59a96a0f77b8af1226524b940df7e922f615c7f8fb7fde2d3c,121812,110972,10840,1577,photo 2026-09-25 + 52 fichiers de changements,2317,43,4,,7.5,
2026-09-25T14:50:53+00:00,ok,github,8974943,b36e2caaa5f8ad8829050e770b2aeb8c53aa53e054c147bd3636d85c5061c8c6,121820,110980,10840,1590,photo 2026-09-25 + 53 fichiers de changements,12175,51,4,,5.3,
2026-09-25T14:52:00+00:00,ok,github,8974900,6aff901ac9d94aba6a5af8e239f0cfdaa13e29e0de95e81a00a183c7690f2d41,121820,110980,10840,1591,photo 2026-09-25 + 54 fichiers de changements,421,51,4,,4.7,
2026-09-25T14:57:00+00:00,ok,github,8974889,9a51d86af681d594e8689c3cbea0fb9a1c0c264a856c79b2b4f562c38389f0da,121820,110980,10840,1590,photo 2026-09-25 + 55 fichiers de changements,1801,51,4,,5.0,
2026-09-25T15:02:00+00:00,ok,github,8974848,4fc4e57ef2328223c02129fde23d39fc1daee306746e3b40e4b1fe9eebcb0360,121821,110981,10840,1583,photo 2026-09-25 + 56 fichiers de changements,2460,52,4,,5.6,
2026-09-25T15:07:00+00:00,ok,github,8974774,537c97683fdb55735e9686d296b3c6cadce93b13dbfc5b226b43a15cc192afdc,121821,110981,10840,1578,photo 2026-09-25 + 57 fichiers de changements,1941,52,4,,5.1,
2026-09-25T15:12:00+00:00,ok,github,8974843,f774f948730ac9ae05beb4587ff98c4dd761428fa012520b818de335bc66cd37,121822,110982,10840,1572,photo 2026-09-25 + 58 fichiers de changements,1937,53,4,,5.5,
2026-09-25T15:17:00+00:00,ok,github,8974942,4ac623d6c0c96aa33b3c1de99318c301f7b67a09ec065a34917529b21b8e0d3b,121822,110982,10840,1569,photo 2026-09-25 + 59 fichiers de changements,2074,53,4,,5.1,
2026-09-25T15:22:00+00:00,ok,github,8975020,01c140254b2bb1c50f91eb35e374b1ff0176ac299a0d94cbbc108ca28b65fda8,121822,110982,10840,1574,photo 2026-09-25 + 60 fichiers de changements,1760,53,4,,5.2,
2026-09-25T15:27:00+00:00,ok,github,8975003,0f288ca21122f387557753798a4ef5b202c40e1269b0d93b84b115fe7dd9c5c7,121822,110982,10840,1576,photo 2026-09-25 + 61 fichiers de changements,1801,53,4,,5.2,
2026-09-25T15:32:00+00:00,ok,github,8975105,bd55425dc54c800d602057f5a29ff68be573cdb4aeb9fe86b4a507eb275b773e,121822,110982,10840,1582,photo 2026-09-25 + 62 fichiers de changements,1897,53,4,,5.5,
2026-09-25T15:37:00+00:00,ok,github,8974997,a2b1838f54c9be9b1098cfb8d5a7e4f5656c432db89927f09a92d7a7e3e17751,121822,110982,10840,1581,photo 2026-09-25 + 63 fichiers de changements,2063,53,4,,5.6,
2026-09-25T15:42:00+00:00,ok,github,8975050,f624d58005dbe51f2aecfa9b065d9a8a75d40ef853c7dec33f76f136f590c289,121822,110982,10840,1578,photo 2026-09-25 + 64 fichiers de changements,1736,53,4,,5.0,
2026-09-25T15:47:00+00:00,ok,github,8975017,762c0971fdc855370fbc1f688c5328c84ac937b558b858cd83795aaa43624c07,121822,110982,10840,1575,photo 2026-09-25 + 65 fichiers de changements,1759,53,4,,5.3,
2026-09-25T15:52:00+00:00,ok,github,8974820,b56edd4c3801a637404ae5c66227a2ffea4d98694f8e6ad95d74ec3f758dd1ad,121822,110982,10840,1572,photo 2026-09-25 + 66 fichiers de changements,1990,53,4,,5.2,
2026-09-25T15:57:00+00:00,ok,github,8974856,f5d53941b87c6e5bffd0f61b1cd20195c10b7829970bca64bc24d81a7dc5bbe1,121822,110982,10840,1576,photo 2026-09-25 + 67 fichiers de changements,1890,53,4,,5.6,
2026-09-25T16:02:00+00:00,ok,github,8974693,85da94621a119d36a1f740920fd7abf2eb559edd0d3f23777ab627da540d2c9c,121822,110982,10840,1564,photo 2026-09-25 + 68 fichiers de changements,2402,53,4,,5.5,
2026-09-25T16:07:00+00:00,ok,github,8974778,506fce1a326ec5880c375b651a269a7d690a20667b51292518002efd378cfdf6,121822,110982,10840,1558,photo 2026-09-25 + 69 fichiers de changements,2081,53,4,,5.4,
2026-09-25T16:12:00+00:00,ok,github,8974744,29d56b422de75ce794441cc63229bcea7bd7ba436b74516aa3a1a45fbc0d23fc,121822,110982,10840,1560,photo 2026-09-25 + 70 fichiers de changements,1905,53,4,,5.5,
2026-09-25T16:17:00+00:00,ok,github,8974822,bbbb808494e7a95239999c2c1d22bcf0bc5d3a95c63111459ed51ed1d4f535a4,121822,110982,10840,1558,photo 2026-09-25 + 71 fichiers de changements,1817,53,4,,5.4,
2026-09-25T16:22:00+00:00,ok,github,8974753,c83ea647a4745e90e125be22ba01017e3621cbb5d15060d729de0e2dcc8e9a22,121822,110982,10840,1556,photo 2026-09-25 + 72 fichiers de changements,1987,53,4,,5.5,
2026-09-25T16:27:00+00:00,ok,github,8974806,dc1051770c921f2c049f2801cc40ca498c121df63b8aac7c7117029cc2e4d669,121823,110983,10840,1563,photo 2026-09-25 + 73 fichiers de changements,1903,54,4,,5.3,
2026-09-25T16:32:00+00:00,ok,github,8974687,6a2c96f1069004f8e2de66094c8d9699f6dd805afbe724225d30017f25c73050,121823,110983,10840,1559,photo 2026-09-25 + 74 fichiers de changements,1995,54,4,,5.5,
2026-09-25T16:37:00+00:00,ok,github,8974916,17e1cc109ad0cdf7916024121f9b3c37c2698e64f3a19a80b73c12015695e048,121823,110983,10840,1558,photo 2026-09-25 + 75 fichiers de changements,2058,54,4,,5.1,
2026-09-25T16:42:00+00:00,ok,github,8974890,a67cfea7b0986efddd2f88d5674e66d093d2cb9621afaaebb3d0f51e066ae415,121823,110983,10840,1558,photo 2026-09-25 + 76 fichiers de changements,1775,54,4,,5.3,
2026-09-25T16:47:00+00:00,ok,github,8974835,4e0d222b8970efe44df954cea1ce64c14056c8697ee45f7c0a1c715040281f60,121823,110983,10840,1558,photo 2026-09-25 + 77 fichiers de changements,1858,54,4,,5.2,
2026-09-25T16:52:00+00:00,ok,github,8974729,e5fabb4b49c87a77bf900d9699d572d627f5e5cf85dc45335b60414b48e63cde,121823,110983,10840,1562,photo 2026-09-25 + 78 fichiers de changements,1895,54,4,,5.5,
2026-09-25T16:57:00+00:00,ok,github,8974812,9d523109e2ba6a899ec9e3dd6e9abf83ed9e34d0b518224fe7d93f9bcd00ee6a,121823,110983,10840,1560,photo 2026-09-25 + 79 fichiers de changements,2016,54,4,,5.4,
2026-09-25T17:02:00+00:00,ok,github,8974685,ce967d8b6f3236538306faa3a52cff2441836a578407b266fe2244af01631dc4,121823,110983,10840,1550,photo 2026-09-25 + 80 fichiers de changements,2344,54,4,,5.9,
2026-09-25T17:07:00+00:00,ok,github,8974588,00e5bc4ce411f547d87825e0371d3c73aeaccdaab76909e8a714d6b83648a5fc,121823,110983,10840,1555,photo 2026-09-25 + 81 fichiers de changements,1700,54,4,,5.4,
2026-09-25T17:12:00+00:00,ok,github,8974803,3d2aeb9c023560c88efe25c4b551c3d1ff43a7caeeaa8c217045c560220b8baf,121823,110983,10840,1563,photo 2026-09-25 + 82 fichiers de changements,1846,54,4,,5.8,
2026-09-25T17:17:00+00:00,ok,github,8974794,7300e70c0460853bb10ae0095658caf38a6a6c8487c1a57dfac05ee0eaa4f9a4,121823,110983,10840,1568,photo 2026-09-25 + 83 fichiers de changements,1952,54,4,,5.7,
2026-09-25T17:22:00+00:00,ok,github,8974555,97c9d89fe9d41edc443cb31b42c42ac5dd64cd9c4d923dd1c24e3d474cc90a21,121823,110983,10840,1571,photo 2026-09-25 + 84 fichiers de changements,1715,54,4,,6.0,
2026-09-25T17:27:00+00:00,ok,github,8974986,0fe848eb7f41844a9ab17674dc2f6fcc367a3e904bea7bca3d78ec202cebe0a3,121823,110983,10840,1566,photo 2026-09-25 + 85 fichiers de changements,1625,54,4,,5.4,
2026-09-25T17:32:00+00:00,ok,github,8974510,025c32a2e6b395e73821cc97fef2ca50b52a43faa03425638f979225f49c97af,121823,110983,10840,1568,photo 2026-09-25 + 86 fichiers de changements,1795,54,4,,5.6,
2026-09-25T17:37:00+00:00,ok,github,8974661,3c746486f4a29bd484700e909f7998fb33a97d78db24c8e882049b5265336e91,121823,110983,10840,1567,photo 2026-09-25 + 87 fichiers de changements,1616,54,4,,5.7,
2026-09-25T17:42:00+00:00,ok,github,8974499,96b3874ab3370e613d5256b241fe6371fedc9439b9c6eb93fbcb2ef9d19fea66,121823,110983,10840,1564,photo 2026-09-25 + 88 fichiers de changements,1705,54,4,,5.4,
2026-09-25T17:47:00+00:00,ok,github,8974619,cf5caca742ce5e716f392321f0f439fd1b602ed499352bbac0a4c3813ce57800,121823,110983,10840,1570,photo 2026-09-25 + 89 fichiers de changements,1650,54,4,,5.9,
2026-09-25T17:52:00+00:00,ok,github,8974645,e35d097c5342715c1ac89ba0a6835be4a6f5b0a0b3dd6a414bfc7e3614c3b4d0,121823,110983,10840,1566,photo 2026-09-25 + 90 fichiers de changements,1493,54,4,,5.7,
2026-09-25T17:57:00+00:00,ok,github,8974402,697264f3a7042a0681ef00ebd4c5d015bfc59afc2d91aaa010fe2926ec1e8784,121824,110984,10840,1556,photo 2026-09-25 + 91 fichiers de changements,1418,55,4,,5.9,
2026-09-25T18:02:00+00:00,ok,github,8974185,f5fbc427236271dd69cd796094d7e1f0fe21bd4da890184a70f5a50ab880a973,121824,110984,10840,1558,photo 2026-09-25 + 92 fichiers de changements,2017,55,4,,5.8,
2026-09-25T18:58:20+00:00,ok,github,8973208,708b9c53a0d75a2761818ca62856fc6cd0dfc7c171eb7b72cf32ef857f2cc44e,121825,110985,10840,1571,photo 2026-09-25 + 93 fichiers de changements,6735,56,4,,6.1,
2026-09-25T19:02:00+00:00,ok,github,8973145,7a5f9c6bac5651cb05e06e368ad577958cb3e5f842936183ec02c8fe51a78f74,121825,110985,10840,1580,photo 2026-09-25 + 94 fichiers de changements,962,56,4,,5.4,
2026-09-25T19:07:00+00:00,ok,github,8973066,a83945d2f7c6946a61e42163654d93b945f0f7edc2dd8719463a5be01687ac29,121825,110985,10840,1581,photo 2026-09-25 + 95 fichiers de changements,957,56,4,,6.1,
2026-09-25T19:12:00+00:00,ok,github,8973049,d92436d3555fed8b1399aeb7e456a6951d01dd4833bd53b24a47cef6274bacca,121826,110985,10841,1585,photo 2026-09-25 + 96 fichiers de changements,987,56,4,,6.0,
2026-09-25T19:17:00+00:00,ok,github,8972867,b657b5e173f15155f102802d537faa3c97a77a03cf1e124d8b56d976ebc0b6e9,121826,110985,10841,1586,photo 2026-09-25 + 97 fichiers de changements,1037,56,4,,5.9,
2026-09-25T19:22:00+00:00,ok,github,8972897,74377f41535923724e4a94cb5b3f6b2fd1b42491e8c983bb32f3694e894c7159,121826,110985,10841,1583,photo 2026-09-25 + 98 fichiers de changements,853,56,4,,5.8,
2026-09-25T19:27:00+00:00,ok,github,8972890,c3fc357ac8fc39651bacd7c14a7b5c23e5cc603acca209b9afb39116cedc436c,121826,110985,10841,1586,photo 2026-09-25 + 99 fichiers de changements,790,56,4,,5.8,
2026-09-25T19:32:00+00:00,ok,github,8972679,866274370f76cade4519f9d8b39ece514fae82d238c4c60f472c9202a7354cb8,121826,110985,10841,1583,photo 2026-09-25 + 100 fichiers de changements,905,56,4,,5.8,
2026-09-25T19:37:00+00:00,ok,github,8972605,f5b233e2a7c48bc3f5d6637c548391737baf1963981f8415c163e36aeb7d7984,121826,110985,10841,1579,photo 2026-09-25 + 101 fichiers de changements,739,56,4,,6.1,
2026-09-25T19:42:00+00:00,ok,github,8972549,4fdfc9945d864b8f0eec02bf9fe763a65d57982ba0aa302d068a0a4b87f144ae,121826,110985,10841,1579,photo 2026-09-25 + 102 fichiers de changements,784,56,4,,6.2,
2026-09-25T19:47:00+00:00,ok,github,8972446,9db55634380978561da1e0b0c37cc26ae7d9155ca51de5c1c01e6da23ffe516b,121826,110985,10841,1578,photo 2026-09-25 + 103 fichiers de changements,772,56,4,,6.2,
2026-09-25T19:52:00+00:00,ok,github,8972330,7b0a1c616328b547fe2dc481492f20bde792bc4f8145447dc243e1d92f47ddbb,121826,110985,10841,1580,photo 2026-09-25 + 104 fichiers de changements,731,56,4,,6.2,
2026-09-25T19:57:00+00:00,ok,github,8972334,0692529bacdf56ee96839c51c63f7e7bbfc741a41eec546c40c03d4cb0ef9a02,121826,110985,10841,1580,photo 2026-09-25 + 105 fichiers de changements,674,56,4,,6.1,
2026-09-25T20:07:00+00:00,ok,github,8972201,f8a59352d2cebfa6cd60b5eb8261ca4435c5cae258eb67fc58600c9a1b3571f4,121826,110985,10841,1570,photo 2026-09-25 + 106 fichiers de changements,1722,56,4,,6.2,
2026-09-25T20:22:00+00:00,ok,github,8971886,6649ac8ea0576d75127fb19115a5bcc0b4c31dd4846ca7e17e1359fa268a7568,121826,110985,10841,1568,photo 2026-09-25 + 107 fichiers de changements,1761,56,4,,5.9,
2026-09-25T20:37:00+00:00,ok,github,8971653,d1a408ce0269f69895b18f39dfc54cf9f1d0aca583d38555329fd1fa826d91f9,121826,110985,10841,1571,photo 2026-09-25 + 108 fichiers de changements,1691,56,4,,6.6,
2026-09-25T20:52:00+00:00,ok,github,8971386,66d9ddcabcc0c34b61aecef4b725fe01ade2b34d4656edaa1cbbdd87b6363098,121826,110985,10841,1581,photo 2026-09-25 + 109 fichiers de changements,1583,56,4,,6.0,
2026-09-25T21:07:00+00:00,ok,github,8971430,448914e16507c5c8303148afd8ec3a91e365287f1b3dd7689f5345e456155516,121829,110988,10841,1572,photo 2026-09-25 + 110 fichiers de changements,1721,59,4,,6.2,
2026-09-25T21:22:00+00:00,ok,github,8971167,1afacc8be16027bd1a7ad8d73032e0905cf9fc2b93186bec1efb28259c27ff9d,121830,110989,10841,1568,photo 2026-09-25 + 111 fichiers de changements,1441,60,4,,6.5,
2026-09-25T21:37:00+00:00,ok,github,8971073,a34347458803b7209bd0d557c9cffe4bb10f130f23ccefa7d3cb027c3bafe703,121830,110989,10841,1569,photo 2026-09-25 + 112 fichiers de changements,1171,60,4,,6.5,
2026-09-25T21:52:00+00:00,ok,github,8970911,3fa92a4e275a6358837a03365aa2af047cd2911f80ffa9dd76dd2765d6d99942,121830,110989,10841,1561,photo 2026-09-25 + 113 fichiers de changements,1054,60,4,,6.0,
2026-09-25T22:07:00+00:00,ok,github,8970971,18718add2281cfee005049fb341b5ab305e69b11c02ad258954c1367a8adb182,121830,110989,10841,1560,photo 2026-09-25 + 114 fichiers de changements,1174,60,4,,6.2,
2026-09-25T22:22:00+00:00,ok,github,8970916,883f30d1ad158aa1353f71098a42844ab2bd5d2a57b21e534cb41df12077e0a0,121830,110989,10841,1571,photo 2026-09-25 + 115 fichiers de changements,1046,60,4,,6.7,
2026-09-25T22:37:00+00:00,ok,github,8970985,1fe12de903a96eaafb39bcbc55c9deffc4c774169f114c7329e3edf4389f8bce,121830,110989,10841,1561,photo 2026-09-25 + 116 fichiers de changements,916,60,4,,6.1,
2026-09-25T22:52:00+00:00,ok,github,8970781,f91ae7f5aef913f96a5c3101b7c7a60acf1fdd0ac05bff4f3729c3aa93923b88,121830,110989,10841,1569,photo 2026-09-25 + 117 fichiers de changements,857,60,4,,6.3,
2026-09-25T23:07:00+00:00,ok,github,8970924,ca8cf18ebec2b0a05022bd3d7c09499ad5b6bd00a013c8896af949646cb12b8c,121830,110989,10841,1565,photo 2026-09-25 + 118 fichiers de changements,856,60,4,,7.0,
2026-09-25T23:22:00+00:00,ok,github,8970572,3f9733f926fc681d76bb8c8f40302e2d5d980a51d046d1aeed0638554f661fd7,121830,110989,10841,1566,photo 2026-09-25 + 119 fichiers de changements,755,60,4,,6.3,
2026-09-25T23:37:00+00:00,ok,github,8970683,dec578625d7a57b9cd48bb0dbbdc7d4bf74b52e94d5fb0d3c5aad313c7bb8cbb,121830,110989,10841,1573,photo 2026-09-25 + 120 fichiers de changements,635,60,4,,6.5,
2026-09-25T23:52:00+00:00,ok,github,8970819,55a9641ac0741c014fca17bc50f285eded929ddce98608c86aef768dca355cda,121830,110989,10841,1576,photo 2026-09-25 + 121 fichiers de changements,648,60,4,,6.4,
2026-09-26T00:07:18+00:00,ok,github,8970815,8def0f020bf85e5453438915cc186c35f3e60a2517507933c6eb82bf753a1dfc,121830,110989,10841,1572,photo 2026-09-25 + 122 fichiers de changements,654,60,4,data/collecte/dynamique/instantanes/2026-09-26.csv.gz,7.5,
2026-09-26T00:22:00+00:00,ok,github,8970988,08f41ceb2f98b585dff43e26946c98235a8117d6bfc2f395eac95d8819fae6ef,121831,110990,10841,1565,photo 2026-09-26 + 1 fichiers de changements,590,1,0,,4.1,
2026-09-26T00:37:00+00:00,ok,github,8971060,fd82dc8116526fde780976a606612f7ec065dcbadf9474a21d95ef9cb59f2d70,121831,110990,10841,1565,photo 2026-09-26 + 2 fichiers de changements,530,1,0,,4.0,
2026-09-26T00:52:00+00:00,ok,github,8971045,163d13aa09b4c93aff1f82cc6cc3884e5222594544b6d294a5aea6bd3af0f1be,121831,110990,10841,1567,photo 2026-09-26 + 3 fichiers de changements,545,1,0,,4.0,
2026-09-26T01:07:00+00:00,ok,github,8971103,ac61a6f01e96375f3a23ab66064215cfd80bf5b221c56a5a7579583791bda283,121825,110990,10835,1559,photo 2026-09-26 + 4 fichiers de changements,571,1,0,,4.2,
2026-09-26T01:22:00+00:00,ok,github,8970920,0c9e583f3fd5c86a4794e6368a3ce692ede04eb0420440a99a65a5dbd597b2de,121827,110990,10837,1567,photo 2026-09-26 + 5 fichiers de changements,528,1,0,,4.0,
2026-09-26T01:37:00+00:00,ok,github,8970901,617f0dbb2dd4acc9f2a57e1793f760faa76083fe079c1f24dc6dd9e4346df537,121827,110990,10837,1567,photo 2026-09-26 + 6 fichiers de changements,402,1,0,,4.3,
2026-09-26T01:52:00+00:00,ok,github,8970846,becf632fb0affa524c33df727d2897718f2d4c6926f86ae7005c03345d8736cb,121827,110990,10837,1572,photo 2026-09-26 + 7 fichiers de changements,451,1,0,,4.4,
2026-09-26T02:07:00+00:00,ok,github,8970828,bb0061f298749878bf4b33dcd572211b886ee73af068c5a771c5700d672f0727,121827,110990,10837,1573,photo 2026-09-26 + 8 fichiers de changements,470,1,0,,4.4,
2026-09-26T02:22:00+00:00,ok,github,8970686,2402b05476f956c5522209538631154ffef5e1b247d1bd1c96abb99146a4b8e7,121827,110990,10837,1569,photo 2026-09-26 + 9 fichiers de changements,409,1,0,,4.2,
2026-09-26T02:37:00+00:00,ok,github,8970642,db6ce9b7e7346d0bb84731635536cd780f2567149107172cf69c92dbf06696f2,121827,110990,10837,1572,photo 2026-09-26 + 10 fichiers de changements,346,1,0,,4.2,
2026-09-26T02:52:00+00:00,ok,github,8970532,880be8b0142bf5a77a2f9dd5961ce587b6479fbfae8537520812f1b48547c108,121827,110990,10837,1558,photo 2026-09-26 + 11 fichiers de changements,373,1,0,,4.5,
2026-09-26T03:07:00+00:00,ok,github,8970697,6dc8f08b812d70388198022512af5078f93ae00181c17fc102a79aa69b249834,121827,110990,10837,1557,photo 2026-09-26 + 12 fichiers de changements,417,1,0,,4.3,
2026-09-26T03:22:00+00:00,ok,github,8970591,25c9e06f70cb2277f8672469fbfa235ccb6c8f590895bcc8cfc60c3f49c8af8b,121827,110990,10837,1560,photo 2026-09-26 + 13 fichiers de changements,411,1,0,,4.5,
2026-09-26T03:37:00+00:00,ok,github,8970546,dfc04b55d8ad40d20d70a6244fa45d253eb858c9081ef4048bcf3d4dfb0c78ad,121827,110990,10837,1555,photo 2026-09-26 + 14 fichiers de changements,456,1,0,,4.3,
2026-09-26T03:52:00+00:00,ok,github,8970450,f2a80d785ed26cf39de7271cbaa898cf621da8ff08f3c2db1e84f9cde0d9d3a7,121827,110990,10837,1557,photo 2026-09-26 + 15 fichiers de changements,481,1,0,,4.4,
2026-09-26T04:07:00+00:00,ok,github,8970717,14301d2f8baafdd57c6fe97035b23885742a2af25ab1bb0b08fecf0c0cc2d392,121827,110990,10837,1558,photo 2026-09-26 + 16 fichiers de changements,611,1,0,,4.0,
2026-09-26T04:22:00+00:00,ok,github,8970678,c5e4c84dd4cee1913d1ca65e39845a3e4607efc93aee102bf9f03b130a79f682,121827,110990,10837,1559,photo 2026-09-26 + 17 fichiers de changements,654,1,0,,4.7,
2026-09-26T04:37:00+00:00,ok,github,8970963,d630c1ce38923e4e1d0c986305b110a166894a4678d8215c8f1b74397e69e9f8,121827,110990,10837,1557,photo 2026-09-26 + 18 fichiers de changements,622,1,0,,4.5,
2026-09-26T04:52:00+00:00,ok,github,8970771,93d53487b522218a50fecc20a82af4ac02e0437037071fe6443340946fcceae7,121827,110990,10837,1561,photo 2026-09-26 + 19 fichiers de changements,698,1,0,,4.2,
2026-09-26T05:07:00+00:00,ok,github,8970998,77db573c8062db1ca2d03ab7acb17286dfa85c0d31d3cc23703bdbeb856515de,121827,110990,10837,1564,photo 2026-09-26 + 20 fichiers de changements,837,1,0,,4.5,
2026-09-26T05:22:00+00:00,ok,github,8970977,6256bcc0c88c117c23c3b32fe0128d8b66c72a447d7447e7517ccba21abed705,121827,110990,10837,1557,photo 2026-09-26 + 21 fichiers de changements,860,1,0,,4.7,
2026-09-26T05:37:00+00:00,ok,github,8971022,62c1e8c29e240becbe0f3effa50632e23f87b2fdfe7d4b235734223d3abe51ac,121827,110990,10837,1559,photo 2026-09-26 + 22 fichiers de changements,1052,1,0,,4.5,
2026-09-26T05:52:00+00:00,ok,github,8971181,696ce7a4af9d191756a968efeaa224e5e209ab310291ec938891898e632ebf4d,121827,110990,10837,1559,photo 2026-09-26 + 23 fichiers de changements,329,1,0,,4.0,
2026-09-26T06:02:00+00:00,ok,github,8971181,696ce7a4af9d191756a968efeaa224e5e209ab310291ec938891898e632ebf4d,121827,110990,10837,1559,photo 2026-09-26 + 24 fichiers de changements,0,1,0,,4.3,
2026-09-26T06:02:41+00:00,ok,github,8971181,696ce7a4af9d191756a968efeaa224e5e209ab310291ec938891898e632ebf4d,121827,110990,10837,1559,photo 2026-09-26 + 24 fichiers de changements,0,1,0,,5.3,
2026-09-26T10:08:34+00:00,ok,github,8975726,f4ca335916f4a5dbcf6b774f1214710d0da81660ae310e87b5ddd1c01aa4c433,121847,111009,10838,1601,photo 2026-09-26 + 24 fichiers de changements,12038,20,0,,5.1,
2026-09-26T10:12:00+00:00,ok,github,8975591,3a344af1e2ef108ed9b25f61af1b837c52b3707f465f2599850a1bcb8b8dad03,121847,111009,10838,1600,photo 2026-09-26 + 25 fichiers de changements,1294,20,0,,4.9,
2026-09-26T10:17:00+00:00,ok,github,8975750,039d5f431284c23abcad4dd83c17087297b82cbe06be303d8dd9daeadbcbe93e,121848,111010,10838,1594,photo 2026-09-26 + 26 fichiers de changements,1824,21,0,,5.4,
2026-09-26T10:22:00+00:00,ok,github,8975558,c31bbcc4f786ad3986b584bee3aed085231c35ff019f3d60a85792a25413d05a,121848,111010,10838,1596,photo 2026-09-26 + 27 fichiers de changements,1732,21,0,,5.4,
2026-09-26T10:27:00+00:00,ok,github,8975644,c68f1090ca821b8c9fa921542344e0cdf765fb6020cd03d4e533b85a8538f04f,121848,111010,10838,1592,photo 2026-09-26 + 28 fichiers de changements,1652,21,0,,5.5,
2026-09-26T10:32:00+00:00,ok,github,8975764,e9266edde9f2df069d0c14a12068219104a732523c65933ad1d633b7c16ae321,121848,111010,10838,1594,photo 2026-09-26 + 29 fichiers de changements,1803,21,0,,5.7,
2026-09-26T10:37:00+00:00,ok,github,8975897,58932faa11bb21e63f23017e74b208eae118be502aab1e0ca49b5dddc4095a9f,121848,111010,10838,1591,photo 2026-09-26 + 30 fichiers de changements,1784,21,0,,5.7,
2026-09-26T10:42:00+00:00,ok,github,8976014,35420bcde7311b127158ae81b73c23b6b0b80e252c30a7e8bbca795fb9ee1d34,121848,111010,10838,1594,photo 2026-09-26 + 31 fichiers de changements,1769,21,0,,6.0,
2026-09-26T10:47:00+00:00,ok,github,8976105,89ea60fcd3ac044f45bf1421b6816452bdaa191a46281dadc630dc35ec16085d,121850,111012,10838,1592,photo 2026-09-26 + 32 fichiers de changements,1609,23,0,,4.5,
2026-09-26T10:52:00+00:00,ok,github,8976008,08597787ec129a61e5915d2700816c01cf1803e595aae59d257fb1fb9ad4c33b,121850,111012,10838,1593,photo 2026-09-26 + 33 fichiers de changements,1700,23,0,,5.4,
2026-09-26T10:57:00+00:00,ok,github,8976318,240efa477d5ca3c0e02debc81c12aed11324903ebed2c0d7649b7c43d4025f4b,121850,111012,10838,1593,photo 2026-09-26 + 34 fichiers de changements,1497,23,0,,5.1,
2026-09-26T11:02:00+00:00,ok,github,8976356,1ab7a04caac4797afe411571f179ae4b73921ed5a93c310573eb6993f34f2ad5,121850,111012,10838,1591,photo 2026-09-26 + 35 fichiers de changements,2009,23,0,,5.0,
2026-09-26T11:07:00+00:00,ok,github,8976463,5f00eabccc0741ed678c3e6e28272fa3a70d24486c721a0792bfca9de53cce3b,121850,111012,10838,1586,photo 2026-09-26 + 36 fichiers de changements,1682,23,0,,4.9,
2026-09-26T11:12:00+00:00,ok,github,8976332,a567681cd6059764f0392708adeddd3b70d979957bc6508d1c908e967951bcbd,121850,111012,10838,1585,photo 2026-09-26 + 37 fichiers de changements,1621,23,0,,5.7,
2026-09-26T11:17:00+00:00,ok,github,8976547,1c949a0dc6d637ada4c5635d967721e619996089d4498ee38ccaaa6fcef5ceaa,121850,111012,10838,1591,photo 2026-09-26 + 38 fichiers de changements,1519,23,0,,5.4,
2026-09-26T11:22:00+00:00,ok,github,8976410,0caae22ed06f41e2bea9f609022d28b0869ff26ef86e669246a51d5f59b2b7b5,121850,111012,10838,1589,photo 2026-09-26 + 39 fichiers de changements,1525,23,0,,4.8,
2026-09-26T11:27:00+00:00,ok,github,8976353,bd2f034c131dd9bd646e6a80461fde0b4bab0c46d87874d958af75476d0f198c,121850,111012,10838,1592,photo 2026-09-26 + 40 fichiers de changements,1699,23,0,,5.6,
2026-09-26T11:32:00+00:00,ok,github,8976415,3e1430c7401afb7a4cd156757ce67599ba4bb5f87e8cbc3bdce3c19ce9d4829b,121850,111012,10838,1597,photo 2026-09-26 + 41 fichiers de changements,1469,23,0,,5.3,
2026-09-26T11:37:00+00:00,ok,github,8976320,b0257b5ba07f6cca58c37171813d31feefb512c23c93b4f96d153514e0611a09,121850,111012,10838,1597,photo 2026-09-26 + 42 fichiers de changements,1404,23,0,,6.2,
2026-09-26T11:42:00+00:00,ok,github,8976250,3d61a1dae1b0f357978a53be62426cd1b8ec9a066e9880ea2749a2b4893cc07c,121850,111012,10838,1598,photo 2026-09-26 + 43 fichiers de changements,1360,23,0,,5.4,
2026-09-26T11:47:00+00:00,ok,github,8976364,40adb3bedb7f39363cf5cd6673d029020f810baea693ccb4eb5a80eb1be60333,121850,111012,10838,1602,photo 2026-09-26 + 44 fichiers de changements,1675,23,0,,8.4,
2026-09-26T11:52:00+00:00,ok,github,8976374,188b570b5d98e2c4d2b5f7a7ab23f6a8a980b28578a48808b24f2e8b90c57cc6,121851,111013,10838,1598,photo 2026-09-26 + 45 fichiers de changements,1437,24,0,,5.4,
2026-09-26T11:57:00+00:00,ok,github,8976375,ac791279291ef537c8602790d2e9e69aa75b263c9a8d17a7e22a8bbc8ba3832f,121851,111013,10838,1599,photo 2026-09-26 + 46 fichiers de changements,1382,24,0,,5.6,
2026-09-26T12:02:00+00:00,ok,github,8976546,8630a6c4ff3dc6d1ea09394e94d7f39cd77c5126b4ebdcb58a6c44f01111973c,121851,111013,10838,1591,photo 2026-09-26 + 47 fichiers de changements,1795,24,0,,5.3,
2026-09-26T14:28:25+00:00,ok,github,8976480,0d9f2fc385d606112ed2f39916b33bc64dbd946f1e0b30f6d225ae4194b03675,121853,111015,10838,1594,photo 2026-09-26 + 48 fichiers de changements,11144,26,0,,6.2,
2026-09-26T14:32:00+00:00,ok,github,8976461,45b342b50cf476d202a205c2e8a33b6565050595985c2f9d2f6df569eb466a83,121853,111015,10838,1591,photo 2026-09-26 + 49 fichiers de changements,1366,26,0,,5.0,
2026-09-26T14:37:00+00:00,ok,github,8976659,11840e1a4c0fc208eb67364f008d68da71f625620e6c4ac0b45549159acceb0d,121853,111015,10838,1592,photo 2026-09-26 + 50 fichiers de changements,1547,26,0,,6.3,
2026-09-26T14:42:00+00:00,ok,github,8976750,2f1f08532811576bd8f6887e3aea9f47439eeafcb050659d0347fb5ca6be66d2,121853,111015,10838,1591,photo 2026-09-26 + 51 fichiers de changements,1698,26,0,,5.0,
2026-09-26T14:47:00+00:00,ok,github,8976756,7855cba6d8d8e705dde29b85d985e239f43f4b305453d60d8e2b5ea539b70246,121853,111015,10838,1592,photo 2026-09-26 + 52 fichiers de changements,1767,26,0,,5.6,
2026-09-26T14:52:00+00:00,ok,github,8976817,3dd497a09e8a2dfecc309fa8c22ede70263d9872cfc8a65b2e2a737d0e99d6d5,121853,111015,10838,1591,photo 2026-09-26 + 53 fichiers de changements,1576,26,0,,6.1,
2026-09-26T14:57:00+00:00,ok,github,8976798,e38400dac0ae31d4ccf6d05b17f9c12d507ac8ca72c89791c64e573e4f3b2b3c,121853,111015,10838,1603,photo 2026-09-26 + 54 fichiers de changements,1625,26,0,,5.3,
2026-09-26T15:02:00+00:00,ok,github,8976630,f4e99388536b74129db9a521f54f79fc923200cf67311029787a84d11706d4e5,121853,111015,10838,1606,photo 2026-09-26 + 55 fichiers de changements,1943,26,0,,5.6,
2026-09-26T15:07:00+00:00,ok,github,8976631,d37161357d393d524e21a53ac8058af0be63da513e2dc4d9f1b6db275c0f2521,121853,111015,10838,1593,photo 2026-09-26 + 56 fichiers de changements,1710,26,0,,5.6,
2026-09-26T15:12:00+00:00,ok,github,8976701,a6b486173ab807a15bc197db43ff6d585d7531ee8272e6c1e54a9fe6dc5ef1f7,121856,111018,10838,1593,photo 2026-09-26 + 57 fichiers de changements,1714,29,0,,6.1,
2026-09-26T15:17:00+00:00,ok,github,8976849,992256fe3a44804206267d7c79949c2f7ad2119c2888b31279835fd2011017a8,121856,111018,10838,1587,photo 2026-09-26 + 58 fichiers de changements,1698,29,0,,5.9,
2026-09-26T15:22:00+00:00,ok,github,8976586,4467ab59caac286b4d59e20672fa1d35197fe8c528ef6ec2a631ef0e09bb6b21,121856,111018,10838,1582,photo 2026-09-26 + 59 fichiers de changements,1560,29,0,,5.4,
2026-09-26T15:27:00+00:00,ok,github,8976850,e2a99cc04549e91ccde5e1164eb6d8d930ca6674a8872335712ad90ba3515d9c,121857,111018,10839,1580,photo 2026-09-26 + 60 fichiers de changements,1620,29,0,,5.9,
2026-09-26T15:32:00+00:00,ok,github,8977061,d0e64dd5e2e2899b4c83efc800d47b0a05ba151f923f75b0fdfd07bf02ce3d31,121857,111018,10839,1580,photo 2026-09-26 + 61 fichiers de changements,1756,29,0,,5.5,
2026-09-26T15:37:00+00:00,ok,github,8977052,958508a8cabab9a5e077e886fddad0d89e07b186145be6b40079471e01be47d8,121857,111018,10839,1582,photo 2026-09-26 + 62 fichiers de changements,1668,29,0,,5.9,
2026-09-26T15:42:00+00:00,ok,github,8976824,590e3fabce5e1af2e80a65040cb9fe95eea639fca7ecea7f8afcfb2293b9493f,121857,111018,10839,1585,photo 2026-09-26 + 63 fichiers de changements,1606,29,0,,5.7,
2026-09-26T15:47:00+00:00,ok,github,8976873,6d62bee165c6572c9cd35403b2e37b28836780b976b44b67d16299f390022bb0,121857,111018,10839,1581,photo 2026-09-26 + 64 fichiers de changements,1752,29,0,,6.2,
2026-09-26T15:52:00+00:00,ok,github,8976716,ca3f581ba899e3ae5c3629382822cabbc1e1c718107f3507e4af2a5146a1131f,121857,111018,10839,1583,photo 2026-09-26 + 65 fichiers de changements,1643,29,0,,5.6,
2026-09-26T15:57:00+00:00,ok,github,8976724,a53d8ea8dd37f683a84de45e315a4b1c95aa533853d9418bf53638c15b89459a,121857,111018,10839,1586,photo 2026-09-26 + 66 fichiers de changements,1514,29,0,,6.0,
2026-09-26T16:02:00+00:00,ok,github,8976809,de4aa790a980a3f1fd6824cf9af33f6cc8c3fae254142ab05be03761840d7830,121857,111018,10839,1592,photo 2026-09-26 + 67 fichiers de changements,2046,29,0,,6.2,
2026-09-26T16:07:00+00:00,ok,github,8976867,3d30e7082bdd3c6ffe63288d6d2c7be391cc7b7a2e5e3860c78d52b4cb862e83,121857,111018,10839,1595,photo 2026-09-26 + 68 fichiers de changements,1733,29,0,,5.5,
2026-09-26T16:12:00+00:00,ok,github,8976765,6c0959fdf71c979802c60201340c5dc85f331c670e18a70eb97e9ad90a66f5c7,121857,111018,10839,1594,photo 2026-09-26 + 69 fichiers de changements,1696,29,0,,6.0,
2026-09-26T16:17:00+00:00,ok,github,8976821,fe2dfc04a4841df810ed68fb5f0dde857f52c2e2f5a34bf3e7bd540405d70dcf,121857,111018,10839,1588,photo 2026-09-26 + 70 fichiers de changements,1535,29,0,,5.4,
2026-09-26T16:22:00+00:00,ok,github,8976859,94cd57687ac05f7c8c1f19ad8fed1b9ea173739a672fe0e8f6b85f6603ff82a9,121857,111018,10839,1591,photo 2026-09-26 + 71 fichiers de changements,1728,29,0,,6.2,
2026-09-26T16:27:00+00:00,ok,github,8976809,3d19218f265beaacea0d9190a31a531b9192c1928019fb030f1a0af53e303325,121857,111018,10839,1594,photo 2026-09-26 + 72 fichiers de changements,1544,29,0,,6.2,
2026-09-26T16:32:00+00:00,ok,github,8976860,83a5959f08e3ec952795fd02468ca03c47408a0d2e8cbf2db3d0e5fbd129ddf4,121857,111018,10839,1594,photo 2026-09-26 + 73 fichiers de changements,1623,29,0,,6.1,
2026-09-26T16:37:00+00:00,ok,github,8976974,20ee0e2a953e9ca13138a9bf72aa1b29cbf8a8ca4a273de8e02dd494a2fbd00e,121858,111019,10839,1600,photo 2026-09-26 + 74 fichiers de changements,1608,30,0,,6.1,
2026-09-26T16:42:00+00:00,ok,github,8976777,0503f9ba9f18d14b792774d1f635d6f8d140e269c1405a49b4f5f7b9389f6073,121858,111019,10839,1600,photo 2026-09-26 + 75 fichiers de changements,1537,30,0,,6.2,
2026-09-26T16:47:00+00:00,ok,github,8976555,37013489c65ed5da8ab49f23508d54a24c148a7c681c25d5f8715f8842fc9418,121858,111019,10839,1603,photo 2026-09-26 + 76 fichiers de changements,1502,30,0,,6.1,
2026-09-26T16:52:00+00:00,ok,github,8976546,a50691306f4828fe5ca536132a0bfae95ccdf048253dae7fd6a977aa70ceb83a,121858,111019,10839,1605,photo 2026-09-26 + 77 fichiers de changements,1633,30,0,,5.7,
2026-09-26T16:57:00+00:00,ok,github,8976641,0c8b67985deffa9300b2a0c8bfcb9914f3532689c14d7632c1b02e20128d6956,121858,111019,10839,1598,photo 2026-09-26 + 78 fichiers de changements,1433,30,0,,6.3,
2026-09-26T17:02:00+00:00,ok,github,8976601,c7d7e98122d5a9845ce4b5a44de30f5d8f83db86fd9e08e6b837b30fa818de99,121858,111019,10839,1598,photo 2026-09-26 + 79 fichiers de changements,1980,30,0,,5.7,
2026-09-26T17:07:00+00:00,ok,github,8976477,510a5ecf2a0abad95cf5bc19caea30f1e7d7e2bd052b8cdd6a1ffe75cfaa4b8d,121858,111019,10839,1597,photo 2026-09-26 + 80 fichiers de changements,1386,30,0,,6.3,
2026-09-26T17:12:00+00:00,ok,github,8976545,883231f9c0196b106149b6ea3ea48796f9a811f56714a678121addd55ae312ae,121858,111019,10839,1596,photo 2026-09-26 + 81 fichiers de changements,1435,30,0,,5.9,
2026-09-26T17:17:00+00:00,ok,github,8976357,002de00b7f71d571cbeac44a8b313712d69f69104039dc60e23b9d0498c2c3cf,121858,111019,10839,1605,photo 2026-09-26 + 82 fichiers de changements,1489,30,0,,6.8,
2026-09-26T17:22:00+00:00,ok,github,8976405,1e4db5a8bd60ce00dcabfeeab08508e60e2a989e222bf4d7239119eac1ca300c,121858,111019,10839,1597,photo 2026-09-26 + 83 fichiers de changements,1360,30,0,,6.2,
2026-09-26T17:27:00+00:00,ok,github,8976450,722fe6ad885b23937244fe5ba6c0f31b6ad1662245da920e45ab9215728ff5bd,121858,111019,10839,1598,photo 2026-09-26 + 84 fichiers de changements,1250,30,0,,6.8,
2026-09-26T17:32:00+00:00,ok,github,8976489,5c8013fad9548a1fdc8053640863b8ec3feb2239fca780fe9b286a80e9a05057,121858,111019,10839,1596,photo 2026-09-26 + 85 fichiers de changements,1272,30,0,,6.4,
2026-09-26T17:37:00+00:00,ok,github,8976370,48a7d30325b6cd929ae291ec5a673a1bb516679019dc7a792c1cd6ca805f847c,121858,111019,10839,1599,photo 2026-09-26 + 86 fichiers de changements,1208,30,0,,7.0,
2026-09-26T17:42:00+00:00,ok,github,8976459,9dbd051b6e25c9c65b3adcfec1b1041f194ef03a192b80782430f0d5a5e9a03d,121858,111019,10839,1599,photo 2026-09-26 + 87 fichiers de changements,1159,30,0,,6.9,
2026-09-26T17:47:00+00:00,ok,github,8976278,dae3dfd68c0564bcfad378207c06b1f24f88543f51c54bda9e54bea700590921,121858,111019,10839,1595,photo 2026-09-26 + 88 fichiers de changements,1249,30,0,,6.8,
2026-09-26T17:52:00+00:00,ok,github,8976121,37aa0486e1e5ae87fe361c95a04c9cbfe8c19924ecd6fa1d54c55f67fb45463c,121858,111019,10839,1592,photo 2026-09-26 + 89 fichiers de changements,1000,30,0,,6.5,
2026-09-26T17:57:00+00:00,ok,github,8976411,e88e5865b9903290330e98ec73bb48fd9bac9885c46ff8ff902dc425afc7fbca,121858,111019,10839,1592,photo 2026-09-26 + 90 fichiers de changements,1027,30,0,,8.9,
2026-09-26T18:02:00+00:00,ok,github,8976335,1c609c69b513c37df2a38f0db2b3da77d37b8c8a104f2448db23c89eb6222e2b,121858,111019,10839,1597,photo 2026-09-26 + 91 fichiers de changements,1409,30,0,,6.5,
2026-09-26T18:07:21+00:00,ok,github,8976350,d63e912f156f0af7cc9329578a68479378e438f44dae8453afe3f9f02f502040,121858,111019,10839,1593,photo 2026-09-26 + 92 fichiers de changements,1064,30,0,,7.5,
2026-09-26T18:12:00+00:00,ok,github,8976263,9616bd7c334e6756c670ad027341739432d407c4d5ffffc5470e2844e16ef8da,121858,111019,10839,1598,photo 2026-09-26 + 93 fichiers de changements,869,30,0,,6.9,
2026-09-26T18:17:00+00:00,ok,github,8976184,66f8dba083b231adbac468992a91d760e009fce245e7adc915e6b6e9918333a3,121858,111019,10839,1598,photo 2026-09-26 + 94 fichiers de changements,915,30,0,,8.6,
2026-09-26T18:22:00+00:00,ok,github,8976193,b6bf57458b42e03b14109531ee3f08adb0354f4db4beaf4f97c6882772e7a9e6,121858,111019,10839,1593,photo 2026-09-26 + 95 fichiers de changements,946,30,0,,7.5,
2026-09-26T18:27:00+00:00,ok,github,8976203,bde3f97f720da286cc24c18397ce91a28b1c025f395b17f3381940ff9cd4a661,121858,111019,10839,1595,photo 2026-09-26 + 96 fichiers de changements,868,30,0,,8.0,
2026-09-26T18:32:01+00:00,ok,github,8976200,ac865396d935dba05c5582c2dea9194463d4fb8892ffccd56aca87e75b1ace6e,121859,111020,10839,1602,photo 2026-09-26 + 97 fichiers de changements,866,31,0,,7.5,
2026-09-26T18:37:00+00:00,ok,github,8976259,1daf9d23663f7dc645f56c619a02cfae93e910e3a9c013303a88987b53bff24d,121859,111020,10839,1602,photo 2026-09-26 + 98 fichiers de changements,825,31,0,,8.2,
2026-09-26T18:42:00+00:00,ok,github,8976237,fe2e8473e5895cae14dd9d573dc28641c2bc317c3308f9dd9b853487d290ec13,121859,111020,10839,1598,photo 2026-09-26 + 99 fichiers de changements,706,31,0,,8.6,
2026-09-26T18:47:01+00:00,ok,github,8976063,8db93885d477e3cdbee8a29e5b926a2abfa541abf18a18e3e60f33f5f736a680,121859,111020,10839,1595,photo 2026-09-26 + 100 fichiers de changements,761,31,0,,8.7,
2026-09-26T18:52:00+00:00,ok,github,8976202,44146aeafa0290d029cd9989e9dc0d46ae9a2260aeb1b54370ec7dc3f3616f8e,121859,111020,10839,1588,photo 2026-09-26 + 101 fichiers de changements,847,31,0,,8.9,
2026-09-26T18:57:00+00:00,ok,github,8976158,e123c30efe62e851782d10fec9b75f72708d96130fb499dbe2eaa1872890bec0,121859,111020,10839,1589,photo 2026-09-26 + 102 fichiers de changements,712,31,0,,7.6,
2026-09-26T19:02:00+00:00,ok,github,8976200,cc27ca79fffb6aa88425ec63d277cee1eb3c29f8770aecdc86ad588c4b6e9aa7,121859,111020,10839,1597,photo 2026-09-26 + 103 fichiers de changements,896,31,0,,8.7,
2026-09-26T19:07:00+00:00,ok,github,8976264,89cdbfa085937286b7b626c101201a35257c622a199c59c63d99eb1eb2de566d,121859,111020,10839,1599,photo 2026-09-26 + 104 fichiers de changements,682,31,0,,8.4,
2026-09-26T19:12:00+00:00,ok,github,8975999,8aa1bd0366ec8dafe2fcaba1d19714acd0fd36541aa63882a2c815c9e5f8bda5,121859,111020,10839,1604,photo 2026-09-26 + 105 fichiers de changements,728,31,0,,9.0,
2026-09-26T19:17:00+00:00,ok,github,8976079,b225e0821ee20e69603b2b333d8a4828607f700967e6da43b6849b9e69b8ffbf,121859,111020,10839,1605,photo 2026-09-26 + 106 fichiers de changements,703,31,0,,8.3,
2026-09-26T19:22:00+00:00,ok,github,8975902,53cc163192b1061bdf3fbd67069c0870caf09cab93a0b94ac8d0b2c4873137d3,121859,111020,10839,1605,photo 2026-09-26 + 107 fichiers de changements,654,31,0,,17.4,
2026-09-26T19:27:00+00:00,ok,github,8975953,931665649f641de65639cd6bb79932c0a85bb07c1b051c5225f051385d060915,121859,111020,10839,1597,photo 2026-09-26 + 108 fichiers de changements,589,31,0,,10.0,
2026-09-26T19:32:00+00:00,ok,github,8975920,c947cdec539bec2358222c20aa0304953855c69a1b3a8549678edaab84dc4029,121859,111020,10839,1598,photo 2026-09-26 + 109 fichiers de changements,631,31,0,,10.2,
2026-09-26T19:37:00+00:00,ok,github,8975888,26651f556bd6c21a4805e40275946948a47b68b792a6c2d6311fa900125587a4,121859,111020,10839,1601,photo 2026-09-26 + 110 fichiers de changements,601,31,0,,8.5,
2026-09-26T19:42:00+00:00,ok,github,8975727,2ac11abad8dffbad95b15092aab0d35f0b66686586592be147b6787d33872e55,121859,111020,10839,1601,photo 2026-09-26 + 111 fichiers de changements,610,31,0,,8.7,
2026-09-26T19:47:00+00:00,ok,github,8975735,330fca2e5605ea12e9eac9fa7382bf90354a5dfd254ad777b267c1b6722411d4,121860,111021,10839,1599,photo 2026-09-26 + 112 fichiers de changements,553,32,0,,8.0,
2026-09-26T19:52:00+00:00,ok,github,8975640,0a8d6a0666423465d99afc40e31716d655cdeeb0e7b1cf4cc3aae751371f22f5,121860,111021,10839,1602,photo 2026-09-26 + 113 fichiers de changements,626,32,0,,9.5,
2026-09-26T19:57:00+00:00,ok,github,8975746,172dc8237119e18feb322aea0c3e13b559ec6787845933eba77cf6ed0f3c67d2,121860,111021,10839,1603,photo 2026-09-26 + 114 fichiers de changements,562,32,0,,10.1,
2026-09-26T20:07:00+00:00,ok,github,8975391,f936a94846a99b07d1bf9eaab3cb860338a9c41c1b105b74d670df0c8d159930,121860,111021,10839,1602,photo 2026-09-26 + 115 fichiers de changements,1307,32,0,,9.2,
2026-09-26T20:22:00+00:00,ok,github,8975285,e44b1daacd0d92472fea9d349697edd79b85483c45a066709c1134562a1289f9,121860,111021,10839,1592,photo 2026-09-26 + 116 fichiers de changements,1404,32,0,,11.9,
2026-09-26T20:37:00+00:00,ok,github,8974967,dde65e9c4df792f0852f80708500ec1fd15c94b5dd559ef5a8fcd1bc16bf64bb,121860,111021,10839,1595,photo 2026-09-26 + 117 fichiers de changements,1251,32,0,,8.3,
2026-09-26T20:52:00+00:00,ok,github,8974936,5d6997c89e0508257021585a6acd38b113a536be61dc614041612aad08d41ed9,121861,111022,10839,1593,photo 2026-09-26 + 118 fichiers de changements,1253,33,0,,11.3,
2026-09-26T21:07:00+00:00,ok,github,8974542,93a6bd3bf2b30cb8d28fa17876bd03d63fb97f4099a1450abb4ad0e47460d930,121861,111022,10839,1596,photo 2026-09-26 + 119 fichiers de changements,1459,33,0,,10.2,
2026-09-26T21:22:00+00:00,ok,github,8974751,d836cd2a2400e017e3a5177b3c91deb6b8b250b59ded80938d86e0d34d67440a,121863,111024,10839,1595,photo 2026-09-26 + 120 fichiers de changements,1197,35,0,,9.6,
2026-09-26T21:37:00+00:00,ok,github,8974644,f9c825560c43828665e29dc3e5dc1c7829c8527a7d0526d36092d0bc6568cfe5,121863,111024,10839,1597,photo 2026-09-26 + 121 fichiers de changements,1099,35,0,,8.8,
2026-09-26T21:52:00+00:00,ok,github,8974386,a6376670ea198486886f03c6b2d3c3cf72bec4f415bea72b818f06a5be949fb2,121863,111024,10839,1601,photo 2026-09-26 + 122 fichiers de changements,1025,35,0,,10.6,
2026-09-26T22:07:00+00:00,ok,github,8974468,c16d4055dabfe4c7f7f5869a03036cba94cd4701a6079a82a74363ac8a77fac2,121863,111024,10839,1595,photo 2026-09-26 + 123 fichiers de changements,1130,35,0,,9.4,
2026-09-26T22:22:00+00:00,ok,github,8974374,91c47caa93d0daf4e45797ea4d343e7f2876ec8af9452c50f889ef81f221d126,121863,111024,10839,1593,photo 2026-09-26 + 124 fichiers de changements,1024,35,0,,8.8,
2026-09-26T22:37:00+00:00,ok,github,8974318,5373a2fac246cc8874d9ac39b8434943451bcc9350252ba3c67bf47b772038e6,121863,111024,10839,1599,photo 2026-09-26 + 125 fichiers de changements,930,35,0,,9.0,
2026-09-26T22:52:00+00:00,ok,github,8974730,41b3ec374a35a5f0b73a533fca8b306b19295459d7c14647b24d3fe3b0471623,121863,111024,10839,1601,photo 2026-09-26 + 126 fichiers de changements,808,35,0,,8.3,
2026-09-26T23:07:00+00:00,ok,github,8974392,eddd0218ee39a6e841e25bf945562057db6dd074708c73d0a83e0b0839d9be82,121863,111024,10839,1588,photo 2026-09-26 + 127 fichiers de changements,829,35,0,,9.4,
2026-09-26T23:22:00+00:00,ok,github,8974323,448200c1c13ac0c7b5245a775702a4f46c385c45eb866c17c7cbff095decc759,121863,111024,10839,1590,photo 2026-09-26 + 128 fichiers de changements,733,35,0,,9.9,
2026-09-26T23:37:00+00:00,ok,github,8974322,94b883e886bde1177101a48d1167362775c1189b1c39b66e51d52031afd35c32,121863,111024,10839,1592,photo 2026-09-26 + 129 fichiers de changements,590,35,0,,8.6,
2026-09-26T23:52:00+00:00,ok,github,8974081,3b1b3a870b49d65df20f804cedcf1d5b0de5ebfb34d7e556a91d958533e61c02,121863,111024,10839,1594,photo 2026-09-26 + 130 fichiers de changements,588,35,0,,8.5,
2026-09-27T00:03:03+00:00,ok,github,8974205,7db7ab5c2891900e9b20db74b7bf509c341e56a876149d0e31df4b39282fbdfb,121863,111024,10839,1594,photo 2026-09-26 + 131 fichiers de changements,563,35,0,data/collecte/dynamique/instantanes/2026-09-27.csv.gz,8.2,
2026-09-27T01:27:42+00:00,ok,github,8974790,42df5fe58a11aa056c978bfe17b56c8429fffd444efbbfe15a324dc459207161,121863,111024,10839,1602,photo 2026-09-27 + 1 fichiers de changements,1418,0,0,,4.4,
2026-09-27T01:37:00+00:00,ok,github,8975000,96545fb9ce88099b0fee959c18a03c996e63a41cdabf3b9cfecd596b508f5c6e,121863,111024,10839,1606,photo 2026-09-27 + 2 fichiers de changements,352,0,0,,4.3,
2026-09-27T01:52:00+00:00,ok,github,8974975,bf50c26a64ac89a49ff9ad087fd6e38fed47cbddcabc398aaf07a34a4b66043f,121863,111024,10839,1610,photo 2026-09-27 + 3 fichiers de changements,503,0,0,,4.2,
2026-09-27T02:07:00+00:00,ok,github,8974982,166caeb307e38f26fa1eaa120ac48f18d16c84d0103007c00c3f3cf50c72c645,121863,111024,10839,1603,photo 2026-09-27 + 4 fichiers de changements,546,0,0,,4.3,
2026-09-27T02:22:00+00:00,ok,github,8974696,99a17eca4e63707502a319b1a7e466cf5cf8fc1c3469bdddbe32bb5a6547290c,121863,111024,10839,1603,photo 2026-09-27 + 5 fichiers de changements,462,0,0,,4.1,
2026-09-27T02:37:00+00:00,ok,github,8974578,c228b868bc27b716df61781e78b87cf94730514bf0c491f64991a78468df2e94,121863,111024,10839,1592,photo 2026-09-27 + 6 fichiers de changements,312,0,0,,4.0,
2026-09-27T02:52:00+00:00,ok,github,8974718,40a7fcb77df4981497eef01797968d6a118eb77ba4cd49bd80b0ddeb07c91d57,121863,111024,10839,1601,photo 2026-09-27 + 7 fichiers de changements,379,0,0,,4.4,
2026-09-27T03:07:00+00:00,ok,github,8974730,6c4d176e16c24e67a7cf7daaf09e5677ad4e7a931bee3dc2534dc5917d171193,121863,111024,10839,1606,photo 2026-09-27 + 8 fichiers de changements,374,0,0,,4.6,
2026-09-27T03:22:00+00:00,ok,github,8974556,cb3a91c536970df231ee845b00ee382ba7ac9a9ede138e6102025ab19c9222df,121863,111024,10839,1598,photo 2026-09-27 + 9 fichiers de changements,373,0,0,,4.4,
2026-09-27T03:37:00+00:00,ok,github,8974518,5d232de923b50d015c140c4c2365f6a0ba2d8f416a47cfa7e27c1fcf632b466a,121863,111024,10839,1599,photo 2026-09-27 + 10 fichiers de changements,308,0,0,,4.2,
2026-09-27T03:52:00+00:00,ok,github,8974502,979acb95e1876175752aabd6ec87d2f4494231a94db9aa5427cf93c0fc56cca6,121863,111024,10839,1597,photo 2026-09-27 + 11 fichiers de changements,365,0,0,,4.6,
2026-09-27T04:07:00+00:00,ok,github,8974415,363176f2bcd78aae21eb0d51b393b2eb33650aca2845784ef8a2ef1dadb4765c,121863,111024,10839,1597,photo 2026-09-27 + 12 fichiers de changements,446,0,0,,4.8,
2026-09-27T04:22:00+00:00,ok,github,8974584,78e3293ca2a4650dd6045b0ca5c29618e917230653a9e2922e50b04a34e04c2b,121863,111024,10839,1596,photo 2026-09-27 + 13 fichiers de changements,490,0,0,,4.3,
2026-09-27T04:37:00+00:00,ok,github,8974690,686ccb246259f7b0805c33389d371133a039f44789fa64015626774eeea79610,121863,111024,10839,1595,photo 2026-09-27 + 14 fichiers de changements,510,0,0,,4.3,
2026-09-27T04:52:00+00:00,ok,github,8974617,de9d13b6b8210691d8a953947c81033187970051db7b797bb4501ed097e873e0,121863,111024,10839,1597,photo 2026-09-27 + 15 fichiers de changements,519,0,0,,4.1,
2026-09-27T05:07:00+00:00,ok,github,8974766,d10af7c606e3c1532f35244dd51f6b2c5556c47a05bdc517f945e0ed06dd8c94,121863,111024,10839,1593,photo 2026-09-27 + 16 fichiers de changements,600,0,0,,4.1,
2026-09-27T05:22:00+00:00,ok,github,8974818,328fe1ac66f49601dcbae29c047391dd3b057e24d2326dd27f354ec45e9644f0,121863,111024,10839,1595,photo 2026-09-27 + 17 fichiers de changements,649,0,0,,4.3,
2026-09-27T05:37:00+00:00,ok,github,8974511,ad1f68169d91a91477f09b6fd2499fc43af415f9b0890f8f9b2a27e92f7b6f77,121860,111021,10839,1598,photo 2026-09-27 + 18 fichiers de changements,707,0,3,,4.5,
2026-09-27T05:52:00+00:00,ok,github,8974702,bf8daa0f27f559c7c30e4e572f6fa8073050ea82249fcc99009e49e3eb1161f4,121860,111021,10839,1601,photo 2026-09-27 + 19 fichiers de changements,889,0,3,,4.6,
2026-09-27T06:02:00+00:00,ok,github,8974836,301baea134a62cd9517919c451a559443233e48a72cbef4b6c510d49f22a63e1,121860,111021,10839,1592,photo 2026-09-27 + 20 fichiers de changements,843,0,3,,4.1,
2026-09-27T06:58:57+00:00,ok,github,8975993,ee4e543915bfbb50b3a0d0da07c1269aaf9fe21480e4202ce91aa5a6aa67e81c,121860,111021,10839,1595,photo 2026-09-27 + 21 fichiers de changements,3761,0,3,,4.6,
2026-09-27T07:02:00+00:00,ok,github,8976022,e5d4e021bf37a2e661d1aa9997456c5ffed7210924b91082ba30e661389ddeee,121860,111021,10839,1593,photo 2026-09-27 + 22 fichiers de changements,637,0,3,,4.0,
2026-09-27T07:07:00+00:00,ok,github,8976196,4f89b0eea9aa8c011f710ff3a821363d50e947013c24f32ab1f8a859dc2ea34c,121860,111021,10839,1593,photo 2026-09-27 + 23 fichiers de changements,737,0,3,,4.5,
2026-09-27T07:12:00+00:00,ok,github,8976320,06d8fabc15de404c065dd34c2a108351c336e254cdb38255a0fc0e258266e32a,121860,111021,10839,1603,photo 2026-09-27 + 24 fichiers de changements,839,0,3,,4.8,
2026-09-27T07:17:00+00:00,ok,github,8976587,a61cbf11be3f2d9597d7b310949458dd682271b86205c84647b6e8f67094c915,121861,111022,10839,1606,photo 2026-09-27 + 25 fichiers de changements,788,1,3,,4.3,
2026-09-27T07:22:00+00:00,ok,github,8976590,c39973a7ea41caf2a480468e774882ca074067bda6795d2301e0e0dfe27b60bf,121861,111022,10839,1598,photo 2026-09-27 + 26 fichiers de changements,856,1,3,,4.5,
2026-09-27T07:27:00+00:00,ok,github,8976637,1dfa9a94d06c3cdf623fb55023f929bdc11b91af4f73b86ffc479da1643db8bb,121861,111022,10839,1596,photo 2026-09-27 + 27 fichiers de changements,862,1,3,,4.5,
2026-09-27T07:32:00+00:00,ok,github,8976765,ce889d4b41fdf3b07019459bf8346e1df36d30d81129a4e011f96e423143d61e,121861,111022,10839,1602,photo 2026-09-27 + 28 fichiers de changements,1024,1,3,,4.2,
2026-09-27T07:37:00+00:00,ok,github,8976724,1a6ddb5da034f921e0e448dd7c6c2e0b499e04ccfade3bb0b79aec3bed545754,121861,111022,10839,1601,photo 2026-09-27 + 29 fichiers de changements,954,1,3,,4.6,
2026-09-27T07:42:00+00:00,ok,github,8977006,b22c631673355a011fcfcc32186ae1db91e142f6664815a9f334a61bb0448a74,121861,111022,10839,1606,photo 2026-09-27 + 30 fichiers de changements,962,1,3,,4.7,
2026-09-27T07:47:00+00:00,ok,github,8977171,0e4031c0c5ee7a87a0420dcc7e54dcef022967cb7c499f6915ed2eeb3f2e3b29,121861,111022,10839,1615,photo 2026-09-27 + 31 fichiers de changements,1092,1,3,,4.7,
2026-09-27T07:52:00+00:00,ok,github,8977168,5d35a36697d7c682432b3e8af8f8479c8f34611efcd32c0b57ff505c8580ebb6,121861,111022,10839,1613,photo 2026-09-27 + 32 fichiers de changements,1024,1,3,,4.6,
2026-09-27T07:57:00+00:00,ok,github,8977432,0a7e797b299d98ec3f1b5c1bd441e171422e64d5581bfb01c8970592d4eb8b66,121861,111022,10839,1617,photo 2026-09-27 + 33 fichiers de changements,1104,1,3,,4.1,
2026-09-27T08:02:00+00:00,ok,github,8977407,baee053cc4d21f9b5c3477bb6310f2bbe677a4e809e47d9f17ddc73070c7f819,121861,111022,10839,1616,photo 2026-09-27 + 34 fichiers de changements,1420,1,3,,4.9,
2026-09-27T08:07:00+00:00,ok,github,8977488,083f2fc74d25b14deeaf9ce69f5ef8fba98faa5dd8b0fb2b487e2b0776cb925c,121861,111022,10839,1613,photo 2026-09-27 + 35 fichiers de changements,1231,1,3,,4.3,
2026-09-27T08:12:00+00:00,ok,github,8977631,6e9c9a3cd6a07a63989e4491bc8cbe0ab16850dcfdfee2d9577b5c8ae57aa195,121861,111022,10839,1608,photo 2026-09-27 + 36 fichiers de changements,1181,1,3,,4.5,
2026-09-27T08:17:00+00:00,ok,github,8977749,22f564c02fc40f12e47b4a1dcfda304f933ec458e944bbbad13a658fe8643507,121861,111022,10839,1610,photo 2026-09-27 + 37 fichiers de changements,1354,1,3,,4.5,
2026-09-27T08:22:00+00:00,ok,github,8977861,60f485d179d4bf09237b42b54b7c4953659f43c24a31a46e6aa3685850efcf2d,121861,111022,10839,1606,photo 2026-09-27 + 38 fichiers de changements,1149,1,3,,4.5,
2026-09-27T08:27:00+00:00,ok,github,8977982,769eea6508b50326d71ee1b132a71fe6e5dbd89cd607dd3685f2f4a29dd9589f,121861,111022,10839,1606,photo 2026-09-27 + 39 fichiers de changements,1280,1,3,,4.7,
2026-09-27T08:32:00+00:00,ok,github,8978286,e9ab31132741a371aba7942abe4c98c788c8f11eb4a266a9c951d9afd322e407,121861,111022,10839,1610,photo 2026-09-27 + 40 fichiers de changements,1384,1,3,,4.4,
2026-09-27T08:37:00+00:00,ok,github,8978306,755e861442e08fcdc38480a565f35da20c3571962da0cabcb3f9405ba7768a79,121861,111022,10839,1609,photo 2026-09-27 + 41 fichiers de changements,1485,1,3,,4.9,
2026-09-27T08:42:00+00:00,ok,github,8978122,50a61c75b18d1c94c68fc4f720c8ea0c727046013caa0463be512acf719dc4a0,121861,111022,10839,1610,photo 2026-09-27 + 42 fichiers de changements,1362,1,3,,4.8,
2026-09-27T08:47:00+00:00,ok,github,8977892,9d895767d438f6cf2ad6882d4dc0057fcf199670a27fa564bca64a972e5bcd8b,121861,111022,10839,1609,photo 2026-09-27 + 43 fichiers de changements,1369,1,3,,4.6,
2026-09-27T08:52:00+00:00,ok,github,8977432,f8937f4a1d266229879fdd45b5af303ec79a0c8b97f2f287197282d505c5b6b6,121861,111022,10839,1606,photo 2026-09-27 + 44 fichiers de changements,1540,1,3,,4.3,
2026-09-27T08:57:00+00:00,ok,github,8977020,885983d0db21fb2aba3fbe9d0e00614c11bde5632699d8c1a469c81150469726,121861,111022,10839,1605,photo 2026-09-27 + 45 fichiers de changements,1498,1,3,,5.4,
2026-09-27T09:02:00+00:00,ok,github,8976811,498eb95f01f52a2aa9dea7e9755f20311f417ca1a366201bf404d0dfabe70abb,121861,111022,10839,1608,photo 2026-09-27 + 46 fichiers de changements,1981,1,3,,4.4,
2026-09-27T09:07:00+00:00,ok,github,8976775,9b5e445ff818d5109a93f3920069ef3d190b43a28e30b81260b4f00d52dec3ea,121862,111023,10839,1613,photo 2026-09-27 + 47 fichiers de changements,1623,2,3,,5.2,
2026-09-27T09:12:00+00:00,ok,github,8976756,a101bf835cc6ec1abb5cc3365cef5d6290c0efd40a719978d02059f4336d95b8,121862,111023,10839,1626,photo 2026-09-27 + 48 fichiers de changements,1486,2,3,,4.9,
2026-09-27T09:17:00+00:00,ok,github,8976507,7f4b53ff7e20dcb9c2634c9b480b1898d22a62fe1dd35c4923f13cd62539c124,121862,111023,10839,1616,photo 2026-09-27 + 49 fichiers de changements,1625,2,3,,4.9,
2026-09-27T09:22:00+00:00,ok,github,8976438,aa76a9d1e63588d0d2514c493a16514680e51638197efe67e40e94094713503d,121862,111023,10839,1610,photo 2026-09-27 + 50 fichiers de changements,1678,2,3,,5.8,
2026-09-27T09:27:00+00:00,ok,github,8976815,824ccf34bd1a7bc17bdb1f5fa176effd137159e83e56be0db573ed4e84bdf045,121862,111023,10839,1611,photo 2026-09-27 + 51 fichiers de changements,1777,2,3,,4.6,
2026-09-27T09:32:00+00:00,ok,github,8976829,1dd204155f67a90bbbe23f2c672011ef5f4896e6903a95cce63976fbd95a9670,121862,111023,10839,1612,photo 2026-09-27 + 52 fichiers de changements,1666,2,3,,5.0,
2026-09-27T09:37:00+00:00,ok,github,8976948,33467a3bc0e29abda89ab247e6dc1c2eff8e5c92dba6027bd567b160d6eba572,121862,111023,10839,1609,photo 2026-09-27 + 53 fichiers de changements,1588,2,3,,4.5,
2026-09-27T09:42:00+00:00,ok,github,8976984,704eee92d10efe3907cf57c9e3314f45d36c904b46c3e3338727121e8885cbc9,121862,111023,10839,1608,photo 2026-09-27 + 54 fichiers de changements,1699,2,3,,6.9,
2026-09-27T09:47:00+00:00,ok,github,8977088,b8a0ae545ec8865f6107bd1b73e20ba85928bc40ce8c22bf58fcde3b559d6193,121862,111023,10839,1612,photo 2026-09-27 + 55 fichiers de changements,1689,2,3,,4.7,
2026-09-27T09:52:00+00:00,ok,github,8977042,a4fc2fc3e567adba0cdd6251b2917477515e7bc2860f0c904a12df61daae6a32,121862,111023,10839,1608,photo 2026-09-27 + 56 fichiers de changements,1667,2,3,,5.0,
2026-09-27T09:57:00+00:00,ok,github,8977057,057e2165a9d4a5e10033d1ba8e90c4fab3a89b3a890c443fd0cbcab1abf491e5,121862,111023,10839,1604,photo 2026-09-27 + 57 fichiers de changements,1691,2,3,,4.7,
2026-09-27T10:02:00+00:00,ok,github,8977158,87e35af09ecd288e6f5aef07a6802832deaf307423b3770eef1014f3f546c8b7,121862,111023,10839,1595,photo 2026-09-27 + 58 fichiers de changements,2113,2,3,,5.3,
2026-09-27T10:07:00+00:00,ok,github,8977315,a1048a2c557db48245a9101127740a76a065e8744dac3fcfba02697262ddd8c1,121862,111023,10839,1595,photo 2026-09-27 + 59 fichiers de changements,1613,2,3,,4.6,
2026-09-27T10:12:00+00:00,ok,github,8977192,500921bf66e25499f1b6efe2e55796152f826ab8a2f39e5cd72364e75ddb7d2d,121862,111023,10839,1596,photo 2026-09-27 + 60 fichiers de changements,1580,2,3,,5.4,
2026-09-27T10:17:00+00:00,ok,github,8977322,7e9a03c866c785012bd379370f81e4931e264345d01de9d77d8e3800b8606c8f,121862,111023,10839,1598,photo 2026-09-27 + 61 fichiers de changements,1470,2,3,,4.8,
2026-09-27T10:22:00+00:00,ok,github,8977514,b32608a47740931fe71c2dfd803f4c031cb213a811b47ce3c9f8939273ee78fb,121862,111023,10839,1599,photo 2026-09-27 + 62 fichiers de changements,1646,2,3,,5.0,
2026-09-27T10:27:00+00:00,ok,github,8977558,005a6ef359598f14d689658871b0c40a9a6db2bb9149dda09e6a76e39c0b1107,121863,111023,10840,1607,photo 2026-09-27 + 63 fichiers de changements,1747,2,3,,6.2,
2026-09-27T10:32:00+00:00,ok,github,8977747,cf4e76ef049adee0a721dcaff1ca0ad113a44ec850619d8399f366420c25f999,121863,111023,10840,1600,photo 2026-09-27 + 64 fichiers de changements,1588,2,3,,5.1,
2026-09-27T10:37:00+00:00,ok,github,8977673,4f0da97e8b2b5998c00646fc82a3de54c5f5fa6883d7ffde84f4a67f8ef98a4e,121863,111023,10840,1593,photo 2026-09-27 + 65 fichiers de changements,1460,2,3,,4.9,
2026-09-27T10:42:00+00:00,ok,github,8977482,4ef57d5aa1689241f483d226b2c0c9a0539c847dec09b92b78d7f77ec85944e7,121863,111023,10840,1599,photo 2026-09-27 + 66 fichiers de changements,1658,2,3,,5.2,
2026-09-27T10:47:00+00:00,ok,github,8977569,5c0b46b884a35a3983779fbe0b21aae3a96c2e706e0e22ee4378563618f41ca7,121863,111023,10840,1605,photo 2026-09-27 + 67 fichiers de changements,1602,2,3,,4.7,
2026-09-27T10:52:00+00:00,ok,github,8977625,157b20721548cf25c61216a27f3f668afc45017cd5f50e6134889fced44672af,121863,111023,10840,1607,photo 2026-09-27 + 68 fichiers de changements,1428,2,3,,5.5,
2026-09-27T10:57:00+00:00,ok,github,8977486,09f0ea3487437c250a57bbce0b17ebc3bd6bde96136c04bb0f71bf7a8ed83dc6,121863,111023,10840,1607,photo 2026-09-27 + 69 fichiers de changements,1365,2,3,,4.9,
2026-09-27T11:02:00+00:00,ok,github,8977684,32f2ab8f0b9d0d532fb1784b6a4374f4f14249f4dfca2ca2bb2ab844151fd203,121863,111023,10840,1618,photo 2026-09-27 + 70 fichiers de changements,1781,2,3,,5.1,
2026-09-27T11:07:00+00:00,ok,github,8977694,0b808e6f09b43a48cf457328b040a97a3ea2c8e890aa2c1e16232876840f78c9,121863,111023,10840,1622,photo 2026-09-27 + 71 fichiers de changements,1557,2,3,,4.9,
2026-09-27T11:12:00+00:00,ok,github,8977821,4f5554d3853a458727bf50f278ee135fb6001975e2a842ae0c4707c7405f02dd,121863,111023,10840,1617,photo 2026-09-27 + 72 fichiers de changements,1274,2,3,,5.4,
2026-09-27T11:17:00+00:00,ok,github,8977862,4905a539f2f4ffb7f4e5add91e57cf0b54756331184687ad0d1db1dcb4d5e4e9,121863,111023,10840,1614,photo 2026-09-27 + 73 fichiers de changements,1232,2,3,,5.8,
2026-09-27T11:22:00+00:00,ok,github,8977573,d86a2d1e44edd83c6efc49ce7f8f34ac3d33041461b2365b76e489e008b08dab,121863,111023,10840,1614,photo 2026-09-27 + 74 fichiers de changements,1453,2,3,,4.8,
2026-09-27T11:27:00+00:00,ok,github,8977660,f7a3ab3fa4fa28a0886b93058e932b695ea42728e23abb4f97a36232e7391976,121863,111023,10840,1618,photo 2026-09-27 + 75 fichiers de changements,1309,2,3,,5.2,
2026-09-27T11:32:00+00:00,ok,github,8977677,056d478fb552c0a43c9bd83eaf543b90eb4ad3352340e336d2f0bd67514cf025,121863,111023,10840,1613,photo 2026-09-27 + 76 fichiers de changements,1424,2,3,,5.6,
2026-09-27T11:37:00+00:00,ok,github,8977692,25e6ef0215a3c32ce053a5bd408a9413c321c9daaa3c04531b37e54f2a39d924,121863,111023,10840,1619,photo 2026-09-27 + 77 fichiers de changements,1415,2,3,,5.5,
2026-09-27T11:42:00+00:00,ok,github,8977652,8dd371a83c43466cd2595a7f481b57b8b4e9ee53f0e1bc14876924b46747eeb6,121863,111023,10840,1614,photo 2026-09-27 + 78 fichiers de changements,1237,2,3,,5.6,
2026-09-27T11:47:00+00:00,ok,github,8977818,b4d95820de84b6ec8a9efeb23ca6d1175db5ea90a2714243a378468b2836b8b9,121863,111023,10840,1615,photo 2026-09-27 + 79 fichiers de changements,1267,2,3,,5.3,
2026-09-27T11:52:00+00:00,ok,github,8977800,ed6cc7570e310e838744b2f79a3fd9f3c54a011d1cd0ed35ac105243bd76ef2c,121863,111023,10840,1618,photo 2026-09-27 + 80 fichiers de changements,1474,2,3,,5.3,
2026-09-27T11:57:00+00:00,ok,github,8977557,735fac901d65cf0d4e778153ab127d72cb5db212bd97c4ef9f89bd5b50d504da,121863,111023,10840,1616,photo 2026-09-27 + 81 fichiers de changements,1305,2,3,,5.5,
2026-09-27T12:02:00+00:00,ok,github,8977730,8a860585632866292df5271a4dc61f79169134e05da43ca032c51888f29f15e7,121863,111023,10840,1614,photo 2026-09-27 + 82 fichiers de changements,1594,2,3,,5.5,
2026-09-27T12:55:39+00:00,ok,github,8978299,d6038867e825f021af0aff2b766199dd7c6a85d2004a0d8569d7442a26746695,121868,111028,10840,1607,photo 2026-09-27 + 83 fichiers de changements,6918,7,3,,7.8,
2026-09-27T12:57:00+00:00,ok,github,8978364,aa1cacdb2b5359e494883178efe346c3f133e285d08cbb553d69d2df0ba6669a,121868,111028,10840,1609,photo 2026-09-27 + 84 fichiers de changements,325,7,3,,6.8,
2026-09-27T13:02:01+00:00,ok,github,8978465,99e370ab849fd6c27d2d92dff54391711494f57b32bd4eea1ddf3b5427f2f438,121868,111028,10840,1605,photo 2026-09-27 + 85 fichiers de changements,1642,7,3,,6.7,
2026-09-27T13:07:00+00:00,ok,github,8978505,2c22b0a14205778b87e801f93030ba76f9c945ddc65cf63dcc3c01584a0d1951,121868,111028,10840,1606,photo 2026-09-27 + 86 fichiers de changements,1456,7,3,,6.4,
2026-09-27T13:12:00+00:00,ok,github,8978443,e3b6fade27d9e519633e32e1454056b6d4018da814589465b0a4fe2f8ea6c8b3,121868,111028,10840,1612,photo 2026-09-27 + 87 fichiers de changements,1442,7,3,,6.0,
2026-09-27T13:17:00+00:00,ok,github,8978445,8266521de2ec254f745435cd47be726649a3fbf6a4439ae87b691f6da0fda39c,121868,111028,10840,1610,photo 2026-09-27 + 88 fichiers de changements,1720,7,3,,6.6,
2026-09-27T13:22:00+00:00,ok,github,8978700,cb684416826720f0589780adefaff700b22f7db8d30b12105280b72c547f1d47,121868,111028,10840,1620,photo 2026-09-27 + 89 fichiers de changements,1559,7,3,,5.8,
2026-09-27T13:27:00+00:00,ok,github,8978748,44ba7054bb83652b67055b9e4fb790b2af7008a63187b09097b27bdf3951e902,121868,111028,10840,1619,photo 2026-09-27 + 90 fichiers de changements,1499,7,3,,7.5,
2026-09-27T13:32:00+00:00,ok,github,8978794,1ee81647ef16fc78ed01fa8ca444f75b4bdaca1d372564ccdbd92d7b6506b4cb,121868,111028,10840,1625,photo 2026-09-27 + 91 fichiers de changements,1681,7,3,,6.6,
2026-09-27T13:37:00+00:00,ok,github,8978760,75864f83624fca9d41b572f1138b1d5c00baeb2d2ee2c372d78d9019ae8fc337,121868,111028,10840,1627,photo 2026-09-27 + 92 fichiers de changements,1612,7,3,,7.1,
2026-09-27T13:42:00+00:00,ok,github,8978392,a9b6195ce6c246f9269e8e3307d08e7038a09af0e4c6203285848e0881650ec7,121868,111028,10840,1625,photo 2026-09-27 + 93 fichiers de changements,1659,7,3,,6.7,
2026-09-27T13:47:00+00:00,ok,github,8978588,ced3220921fd08d59be6d9d04891d1015512c2e787df9347b9707c2be1d7e2bd,121868,111028,10840,1626,photo 2026-09-27 + 94 fichiers de changements,1851,7,3,,7.6,
2026-09-27T13:52:00+00:00,ok,github,8978665,f000512dd4fb49bdee7869caf5dd8ff2df6014665c520ab5b7a0df5a43c5a473,121868,111028,10840,1622,photo 2026-09-27 + 95 fichiers de changements,1653,7,3,,7.4,
2026-09-27T13:57:00+00:00,ok,github,8978931,7d45eb78772dc70d1e0972417e2a51b01cc292b02be490a2e74260eda9968975,121868,111028,10840,1610,photo 2026-09-27 + 96 fichiers de changements,1630,7,3,,7.3,
2026-09-27T14:02:00+00:00,ok,github,8979223,5472c6c72ce8ec2f1d9c53be63364fd1a98cc7a31253dca2a5ff0a93194d263e,121868,111028,10840,1611,photo 2026-09-27 + 97 fichiers de changements,1849,7,3,,6.9,
2026-09-27T14:07:00+00:00,ok,github,8979257,a8f706b2f949b5db3af75e6d787553ae5649927cbc311e519b4de783548147aa,121868,111028,10840,1615,photo 2026-09-27 + 98 fichiers de changements,1912,7,3,,7.0,
2026-09-27T14:12:00+00:00,ok,github,8979155,10669979306f3e1bc38c5f191a1e4f6335934522c4a6474878fc3409858a02c0,121868,111028,10840,1608,photo 2026-09-27 + 99 fichiers de changements,1687,7,3,,7.2,
2026-09-27T14:17:00+00:00,ok,github,8979020,24bb8c4bde0369020b6460b774e07ffe85b9435480e51ce58249d2471f582910,121868,111028,10840,1609,photo 2026-09-27 + 100 fichiers de changements,1664,7,3,,7.1,
2026-09-27T14:22:00+00:00,ok,github,8978879,24e810c508d81b85a37a83882775a5e1c2e8025a3ebfc60d7e49bb18829ce297,121868,111028,10840,1605,photo 2026-09-27 + 101 fichiers de changements,1719,7,3,,7.8,
2026-09-27T14:27:00+00:00,ok,github,8979069,8b5a7e535aa44d2b43eff5f0cb2114487aa2be85afc91d8b4f96e753306e8e72,121868,111028,10840,1604,photo 2026-09-27 + 102 fichiers de changements,1997,7,3,,7.7,
2026-09-27T14:32:00+00:00,ok,github,8979084,34d67c9f678d4a811bfff880ae3e84ac532ae25a00d3ff11a61a0050f4fb71c5,121868,111028,10840,1607,photo 2026-09-27 + 103 fichiers de changements,1662,7,3,,6.9,
2026-09-27T14:37:00+00:00,ok,github,8979161,fe6064f92b80f10a2473a1df06b74ed4a3656aec6d143a3bfd68e8f7b00c197d,121868,111028,10840,1612,photo 2026-09-27 + 104 fichiers de changements,1570,7,3,,6.6,
2026-09-27T14:42:00+00:00,ok,github,8979297,a2f1c59b7f0a11a45abdaf02a7053924673dbe8199cf88832137b1e16c251a1e,121868,111028,10840,1615,photo 2026-09-27 + 105 fichiers de changements,1841,7,3,,7.6,
2026-09-27T14:47:00+00:00,ok,github,8979313,9bbc9f732e7d89d34a9a3771d3c8d0c89ee8a18f700d643c512b22829c41c65b,121868,111028,10840,1615,photo 2026-09-27 + 106 fichiers de changements,1962,7,3,,7.4,
2026-09-27T14:52:00+00:00,ok,github,8979187,626943105fab9f4904c85b36b53f16fed54c5198fb0d142f97d4ff70161c7a8e,121868,111028,10840,1612,photo 2026-09-27 + 107 fichiers de changements,1728,7,3,,8.0,
2026-09-27T14:57:00+00:00,ok,github,8979350,d8e26023e99a259decaae331d94af9c63639c4888fa0d28e626bc4c66081746c,121869,111029,10840,1616,photo 2026-09-27 + 108 fichiers de changements,1675,8,3,,6.8,
2026-09-27T15:02:00+00:00,ok,github,8979347,aa73ad2b8013ad636006635818a4d8c1a76211d4d12a9f3c252f4d52090da602,121869,111029,10840,1612,photo 2026-09-27 + 109 fichiers de changements,2002,8,3,,7.6,
2026-09-27T15:07:00+00:00,ok,github,8979378,05367f7ce3a97d278c29d8702d00d6e9bf4b44f623f47437e60eb460aac441e0,121869,111029,10840,1612,photo 2026-09-27 + 110 fichiers de changements,1994,8,3,,8.0,
2026-09-27T15:12:00+00:00,ok,github,8979230,61ae2858335b0bd5e3f88db46154f4a1d9c755466c0b321b9e756c9e9cb145ab,121869,111029,10840,1615,photo 2026-09-27 + 111 fichiers de changements,1761,8,3,,7.5,
2026-09-27T15:17:00+00:00,ok,github,8979179,09e9299b970074201a126fd1026197c8dfe418c95f4f62b15b4a84d895035802,121869,111029,10840,1614,photo 2026-09-27 + 112 fichiers de changements,1762,8,3,,8.1,
2026-09-27T15:22:00+00:00,ok,github,8979376,13eb97a98248a946cb0cc3aeb6917f367a29797dd1108e6f54f8212b0d223748,121869,111029,10840,1614,photo 2026-09-27 + 113 fichiers de changements,1879,8,3,,7.6,
2026-09-27T15:27:00+00:00,ok,github,8979197,a5765eec270cec30cd76b4fc03e651357e4e5a639ad0f53f29ce332a6c214cbc,121869,111029,10840,1614,photo 2026-09-27 + 114 fichiers de changements,1739,8,3,,7.0,
2026-09-27T15:32:00+00:00,ok,github,8979266,85e25e9bb9624427a7d45dadb500277779cf45d967c2e44a722684a3b6a7c57d,121869,111029,10840,1618,photo 2026-09-27 + 115 fichiers de changements,1737,8,3,,8.5,
2026-09-27T15:37:00+00:00,ok,github,8979259,4f3d10bdbbf6e63fd415d0ca0785992befa7552d33aa8c602e33c5533c09387e,121869,111029,10840,1627,photo 2026-09-27 + 116 fichiers de changements,2014,8,3,,6.4,
2026-09-27T15:42:00+00:00,ok,github,8979028,0de30b6ce24e9e2b78b9f0aef086b896b2613828d47233d1b5f10c6f7a4177f0,121869,111029,10840,1620,photo 2026-09-27 + 117 fichiers de changements,1793,8,3,,7.6,
2026-09-27T15:47:00+00:00,ok,github,8979055,a37546b3766fe5bca61b8d806a7cc82d41ca502669b6e0f60bbb009a5e45b392,121869,111029,10840,1620,photo 2026-09-27 + 118 fichiers de changements,1683,8,3,,7.6,
2026-09-27T15:52:00+00:00,ok,github,8979231,1b260827ea192ff8c0c6ffc7d2d3d4bfebdadc3c29f7c9e40e8e220cdf69f245,121870,111029,10841,1620,photo 2026-09-27 + 119 fichiers de changements,1847,8,3,,8.5,
2026-09-27T15:57:00+00:00,ok,github,8979341,c2f11e4e3ad4adde0f35ff3cfc7186be74f9b1446f2d31b906f6d0e3ac7ec5c8,121870,111029,10841,1618,photo 2026-09-27 + 120 fichiers de changements,1877,8,3,,7.8,
2026-09-27T16:02:00+00:00,ok,github,8979513,558689c94c7fac5b17b4f042531720bfb0eb5062b99002db5bed6ba3f1cae4c5,121870,111029,10841,1617,photo 2026-09-27 + 121 fichiers de changements,2108,8,3,,8.4,
2026-09-27T16:07:00+00:00,ok,github,8979457,338d2a8f19b8206002daf41a9d7ee22370446e9f1af258b87b4e4da65c3c783e,121870,111029,10841,1620,photo 2026-09-27 + 122 fichiers de changements,1910,8,3,,8.0,
2026-09-27T16:12:00+00:00,ok,github,8979539,c32fa58f8a85fbd564618e294b34dc16d518d2f481104c53c7f3d74407ea30c4,121870,111029,10841,1616,photo 2026-09-27 + 123 fichiers de changements,1767,8,3,,8.7,
2026-09-27T16:17:00+00:00,ok,github,8979245,9d14d9e0cf073d3e2c7dcd052dee4f7a37566508924b97d66535851644b1d6c9,121870,111029,10841,1616,photo 2026-09-27 + 124 fichiers de changements,1742,8,3,,8.0,
2026-09-27T16:22:00+00:00,ok,github,8979434,629bcd285ae653cf91615d9c8ac5f8fb1c69e16595b83c869434f590a7a5efaa,121870,111029,10841,1614,photo 2026-09-27 + 125 fichiers de changements,1748,8,3,,7.8,
2026-09-27T16:27:00+00:00,ok,github,8979249,56fcf3ea8c0ac274830b5318ca79882a73ac6d3e6da9fd411e1ce43fbcb7a620,121870,111029,10841,1613,photo 2026-09-27 + 126 fichiers de changements,1900,8,3,,8.3,
2026-09-27T16:32:00+00:00,ok,github,8979261,6e78bbde8456a9956c090452298976a3b9ba8472a7cb56492131c055e0c6c760,121870,111029,10841,1613,photo 2026-09-27 + 127 fichiers de changements,1650,8,3,,7.2,
2026-09-27T16:37:00+00:00,ok,github,8979218,ba5e8ccbb6785a61182fc671b19d28d64ccb931044226aee538b1da37e5f888c,121870,111029,10841,1615,photo 2026-09-27 + 128 fichiers de changements,1605,8,3,,8.6,
2026-09-27T16:42:00+00:00,ok,github,8979167,86819874aa828a76af66b4a5b8c3e245d2869820e87d9840709cbb97c3255392,121870,111029,10841,1612,photo 2026-09-27 + 129 fichiers de changements,1698,8,3,,7.1,
2026-09-27T16:47:00+00:00,ok,github,8979154,bbbb92f59e1f563ffa1a6cedb4920db8e1ae104ac94679f0e66a9c5700ccc981,121870,111029,10841,1613,photo 2026-09-27 + 130 fichiers de changements,1797,8,3,,7.6,
2026-09-27T16:52:00+00:00,ok,github,8979387,f33029065c981a17ef8846bfa79f68e87630b5b2f2ce5f323215b2049f0d210b,121870,111029,10841,1613,photo 2026-09-27 + 131 fichiers de changements,1618,8,3,,8.2,
2026-09-27T16:57:00+00:00,ok,github,8979213,8a3bcb88203d450ef0f2fb232007b2359978a3b6d64c4d41d4043ffe9a3dfe6d,121870,111029,10841,1623,photo 2026-09-27 + 132 fichiers de changements,1521,8,3,,7.7,
2026-09-27T17:02:00+00:00,ok,github,8978965,9812ccb37d349ba1731a3107380fd063f7fcdad775d7728c3269f5eb49766877,121870,111029,10841,1622,photo 2026-09-27 + 133 fichiers de changements,1905,8,3,,8.2,
2026-09-27T17:07:00+00:00,ok,github,8979189,fbd8e48f2217a0de4c4005c063ab13722762c038215cd2a91b33f10f4b4228bd,121870,111029,10841,1622,photo 2026-09-27 + 134 fichiers de changements,1736,8,3,,8.9,
2026-09-27T17:12:00+00:00,ok,github,8978874,5a69c9f4727eeb15f9458b52c8f8908540109f3dae804a9c3535c27955848023,121870,111029,10841,1622,photo 2026-09-27 + 135 fichiers de changements,1470,8,3,,8.4,
2026-09-27T17:17:00+00:00,ok,github,8978831,13661314761f57a96f21b9499b1fd8d5ee4cf976c72f4b216fbdbf3b9c2d2a72,121870,111029,10841,1615,photo 2026-09-27 + 136 fichiers de changements,1449,8,3,,8.6,
2026-09-27T17:22:00+00:00,ok,github,8978683,fba9a55c02f79b815a39c8582ff232c0ebb59e03ed40bb6bc5b4e7779589f0c0,121870,111029,10841,1614,photo 2026-09-27 + 137 fichiers de changements,1442,8,3,,8.5,
2026-09-27T17:27:00+00:00,ok,github,8978466,47199c21294e0ac4353b030c9b4de6d2171af7318937805a557c77432bc83f7d,121870,111029,10841,1612,photo 2026-09-27 + 138 fichiers de changements,1636,8,3,,8.9,
2026-09-27T17:32:00+00:00,ok,github,8978518,f769bb0d1101d2cbeff31eeeb7ce3d12cc25d74178bc0b76fff7b4ca2b9921d5,121870,111029,10841,1608,photo 2026-09-27 + 139 fichiers de changements,1352,8,3,,8.1,
2026-09-27T17:37:00+00:00,ok,github,8978534,37b4c317c2cd837718fa1a8c225e0f5906632066dea3bd3d5bcd12b21e0a7f57,121871,111030,10841,1612,photo 2026-09-27 + 140 fichiers de changements,1291,9,3,,8.7,
2026-09-27T17:42:00+00:00,ok,github,8978500,77d6bdaad24ce87aeb745e6f81e66144e18e8a219fedfefd65474d347ff6c068,121871,111030,10841,1613,photo 2026-09-27 + 141 fichiers de changements,1457,9,3,,9.3,
2026-09-27T17:47:00+00:00,ok,github,8978340,90ce6c007b47ff520f730f28a1a37bb124377e0c7f46c70bcbb6dd1c561a0624,121871,111030,10841,1615,photo 2026-09-27 + 142 fichiers de changements,1314,9,3,,7.9,
2026-09-27T17:52:00+00:00,ok,github,8978346,7cc20238c61e1580f2407dd38662006fdc50a988e3449faec07d7a53bb7be5fb,121871,111030,10841,1614,photo 2026-09-27 + 143 fichiers de changements,1379,9,3,,7.9,
2026-09-27T17:57:00+00:00,ok,github,8978257,27a7499c60f5b580c3aae9bfb54fe2a4ecd31b52e46a6bad8ccbcd2be8e493ba,121871,111030,10841,1614,photo 2026-09-27 + 144 fichiers de changements,1344,9,3,,8.1,
2026-09-27T18:02:00+00:00,ok,github,8978213,d22e8f77ff395d7655c33ece728d062340c8697f09775c6418d9844ee299c7d4,121871,111030,10841,1606,photo 2026-09-27 + 145 fichiers de changements,1353,9,3,,8.2,
2026-09-27T18:07:20+00:00,ok,github,8978384,f4303523dfeb7c2098234fe5407b1f677512a14d6676495d7b8373e67831e449,121871,111030,10841,1603,photo 2026-09-27 + 146 fichiers de changements,1239,9,3,,7.2,
2026-09-27T18:12:00+00:00,ok,github,8978229,ed408445aabfc0aa614d25073a35183f78574352f17368761f13e4e446304d0b,121871,111030,10841,1602,photo 2026-09-27 + 147 fichiers de changements,1133,9,3,,7.3,
2026-09-27T18:17:00+00:00,ok,github,8978395,55f7d3cd1423e3b0c755187739daa5a8a9b26bb4bcc6e9ec6de3b6500f4e73be,121871,111030,10841,1605,photo 2026-09-27 + 148 fichiers de changements,1220,9,3,,7.4,
2026-09-27T18:22:00+00:00,ok,github,8978525,f8dd84a61bf4ee29c4ca09cfaa7c7461dd258d9fd39c74a562de7e77a9c48d00,121871,111030,10841,1601,photo 2026-09-27 + 149 fichiers de changements,1014,9,3,,7.5,
2026-09-27T18:27:00+00:00,ok,github,8978423,4ec8a6f66b253bc027f74c2b79ba8c4013a6e6aaebb92602c8ba0ee08311925a,121871,111030,10841,1609,photo 2026-09-27 + 150 fichiers de changements,1012,9,3,,7.0,
2026-09-27T18:32:00+00:00,ok,github,8978458,ccd050555ba53402991f7d58418a1cd187dbd6a54c4f009ee9bda9d8fdc31d2a,121871,111030,10841,1613,photo 2026-09-27 + 151 fichiers de changements,1086,9,3,,7.3,
2026-09-27T18:37:00+00:00,ok,github,8978486,e29acc1b6b3d1f2f0573e5e1a1c27ce8e82f7b79d077251713b0a971e6de334e,121871,111030,10841,1613,photo 2026-09-27 + 152 fichiers de changements,1074,9,3,,7.2,
2026-09-27T18:42:00+00:00,ok,github,8978464,c960e88c145a3445e6f7660d8f958e7d0880605284b8a4186b97a307224b2ec4,121871,111030,10841,1611,photo 2026-09-27 + 153 fichiers de changements,909,9,3,,6.6,
2026-09-27T18:47:00+00:00,ok,github,8978293,95945fac7e0ef310238bd75328c20eb25bac6ee4e450e712849f24d49d79466f,121871,111030,10841,1607,photo 2026-09-27 + 154 fichiers de changements,951,9,3,,7.3,
2026-09-27T18:52:00+00:00,ok,github,8978161,f22bb60868a7cda68136c1137c4c8448fdd9fcc5f2d8711a785b25c4d62fc752,121871,111030,10841,1597,photo 2026-09-27 + 155 fichiers de changements,990,9,3,,6.7,
2026-09-27T18:57:00+00:00,ok,github,8978158,b7e1fe7dffe91887d7a57fd82cb1db87fe0daefa7175bf2e2babf31ff2ae41ca,121871,111030,10841,1599,photo 2026-09-27 + 156 fichiers de changements,852,9,3,,7.5,
2026-09-27T19:02:00+00:00,ok,github,8978073,44883a4a9bf3e20dba35269b5cc08ed640c9fd727c539e8c3b5f4a3f38e6a6fd,121871,111030,10841,1604,photo 2026-09-27 + 157 fichiers de changements,1118,9,3,,7.3,
2026-09-27T19:07:00+00:00,ok,github,8977892,0fd64b2b49649a88a31c8452ef42de035c1b18b3baedfcbb01c7a6029cddfc02,121871,111030,10841,1597,photo 2026-09-27 + 158 fichiers de changements,944,9,3,,6.9,
2026-09-27T19:12:00+00:00,ok,github,8977895,60d6f3ed5b1d184a03048802f7603eb4206f670400eec5213163875ddcbdaa93,121871,111030,10841,1607,photo 2026-09-27 + 159 fichiers de changements,794,9,3,,7.4,
2026-09-27T19:17:00+00:00,ok,github,8977580,94b3fcfc7e139e1eece118295af78f1e104bd5e93bed8533685aa019c560f378,121871,111030,10841,1606,photo 2026-09-27 + 160 fichiers de changements,767,9,3,,6.8,
2026-09-27T19:22:00+00:00,ok,github,8977600,0ee76daf24746095dd356b2de6cd4df0a28627e2485f4d235fec07fc4382c4aa,121871,111030,10841,1606,photo 2026-09-27 + 161 fichiers de changements,810,9,3,,6.6,
2026-09-27T19:27:00+00:00,ok,github,8977525,e158a8d001cb1ca2c6c78c0eb1250eebab848c0ccfad46d126e9c521e950ecb9,121871,111030,10841,1605,photo 2026-09-27 + 162 fichiers de changements,789,9,3,,7.1,
2026-09-27T19:32:00+00:00,ok,github,8977498,b13c69798b3d9365213a0402f103e26304ea1b32c22970ac64716f6cca6772b6,121871,111030,10841,1607,photo 2026-09-27 + 163 fichiers de changements,687,9,3,,7.3,
2026-09-27T19:37:00+00:00,ok,github,8977337,4cebad5c7825995ba2bf08d6f79b0a170d0217944cd9fb577d388dedf5a3acb5,121871,111030,10841,1604,photo 2026-09-27 + 164 fichiers de changements,695,9,3,,6.9,
2026-09-27T19:42:00+00:00,ok,github,8977185,81bc7f84c3ef558a9813cb62ad8a563d060639b772a76c2356f9178e70764930,121871,111030,10841,1606,photo 2026-09-27 + 165 fichiers de changements,742,9,3,,7.8,
2026-09-27T19:47:00+00:00,ok,github,8977153,26787fedaf903065f9331bdfbfac61be646b80e45f379eb5aae935619d11503e,121871,111030,10841,1605,photo 2026-09-27 + 166 fichiers de changements,622,9,3,,6.6,
2026-09-27T19:52:00+00:00,ok,github,8977065,00a616101417c577ff1e23194bf507bd03e7ac1540ce619335626a48c1d61cfb,121871,111030,10841,1602,photo 2026-09-27 + 167 fichiers de changements,615,9,3,,6.8,
2026-09-27T19:57:00+00:00,ok,github,8977055,3f43688e875c44018561877dfd8b92e6e6d96a18dc66ab8faef491e5c1358b71,121871,111030,10841,1600,photo 2026-09-27 + 168 fichiers de changements,656,9,3,,6.8,
2026-09-27T20:07:00+00:00,ok,github,8976943,facb347ac2fbb5516c80b7912a1a7c666166d0cee55b6c1f9f4da7a0ef57a92c,121871,111030,10841,1590,photo 2026-09-27 + 169 fichiers de changements,1238,9,3,,7.7,
2026-09-27T20:22:00+00:00,ok,github,8976848,b3ef899d4db8096f89c9d8181db98be558d0a7073dfe498baccbff2d969461cd,121871,111030,10841,1595,photo 2026-09-27 + 170 fichiers de changements,1487,9,3,,7.5,
2026-09-27T20:37:00+00:00,ok,github,8976712,530aff59d9407f5a5aa962ad2687a6e9d8030306ef520b70ffc4b72e5f8265ef,121871,111030,10841,1596,photo 2026-09-27 + 171 fichiers de changements,1333,9,3,,7.4,
2026-09-27T20:52:00+00:00,ok,github,8976665,da78c41c5fd059d1f185eb63992c6c7a3473a7dd2a341f9d2a1d0d543e346f9a,121871,111030,10841,1598,photo 2026-09-27 + 172 fichiers de changements,1159,9,3,,7.2,
2026-09-27T21:07:00+00:00,ok,github,8976819,a2af0e2d5889f450a0599ff975c5e539f1a9049a294cb0a561c784df89933f29,121871,111030,10841,1606,photo 2026-09-27 + 173 fichiers de changements,1201,9,3,,8.0,
2026-09-27T21:22:00+00:00,ok,github,8976549,9ab7ed79521c191f1b4b342d5ba21a37b53c08d5b3c15792bf8accfab01f8b82,121871,111030,10841,1604,photo 2026-09-27 + 174 fichiers de changements,921,9,3,,7.9,
2026-09-27T21:37:00+00:00,ok,github,8976380,a8e1ff165ed9a2d5bcfaa0910dd3fc877503621d1718517b55eed48b40302de0,121871,111030,10841,1603,photo 2026-09-27 + 175 fichiers de changements,839,9,3,,7.8,
2026-09-27T21:52:00+00:00,ok,github,8976111,77f0b185e79d6c7e0f7fe7fd27dcc2508ea20fcfc1b886d5b567f75efec9664d,121871,111030,10841,1601,photo 2026-09-27 + 176 fichiers de changements,688,9,3,,7.8,
2026-09-27T22:07:00+00:00,ok,github,8976195,100d48e80804ac3c73ebd9cb4d0aa2a8cc30f0cc56917c6292e1e848de487847,121871,111030,10841,1593,photo 2026-09-27 + 177 fichiers de changements,747,9,3,,7.7,
2026-09-27T22:22:00+00:00,ok,github,8976145,ef2b9f6c9c5290fa53b26917a566ab34125fa8b6aab1d614405e08c27eed498f,121871,111030,10841,1595,photo 2026-09-27 + 178 fichiers de changements,643,9,3,,7.9,
2026-09-27T22:37:00+00:00,ok,github,8976220,a7d8dcd913181803af64637cdc8aaf9729560be0284ffa5557c96297b267ca00,121871,111030,10841,1604,photo 2026-09-27 + 179 fichiers de changements,597,9,3,,7.6,
2026-09-27T22:52:00+00:00,ok,github,8976164,bc67dcb535eabc7badb53d3845f5915b30709678b7af4997ad05cd9d8862cf15,121871,111030,10841,1603,photo 2026-09-27 + 180 fichiers de changements,523,9,3,,7.7,
2026-09-27T23:07:00+00:00,ok,github,8975934,79476aa0b5d3e1795e6de57580399415f05d47bc3a74b2d31f64bf5777b73db1,121871,111030,10841,1597,photo 2026-09-27 + 181 fichiers de changements,563,9,3,,7.9,
2026-09-27T23:22:00+00:00,ok,github,8975882,ef5c2261c14bf52a53033fa7ce5286990af17af1a3c2aec002b6773d9b5c28c1,121871,111030,10841,1592,photo 2026-09-27 + 182 fichiers de changements,439,9,3,,7.0,
2026-09-27T23:37:00+00:00,ok,github,8975750,0b8c715abc89f57a78716dd800eb5ba081e12b61af8d6cefee5451ea358eddc4,121871,111030,10841,1591,photo 2026-09-27 + 183 fichiers de changements,415,9,3,,7.7,
2026-09-27T23:52:00+00:00,ok,github,8975720,55a2bd346cb10d7189929bc37c81c9f0c6af11733b20f2eaf042dd3960f1e087,121871,111030,10841,1603,photo 2026-09-27 + 184 fichiers de changements,386,9,3,,8.9,
2026-09-28T00:02:36+00:00,ok,github,8976061,d70fc26d5b516dc82237c48d02951bcadd8b11d6e6eac39d2f37df97182120a0,121871,111030,10841,1601,photo 2026-09-27 + 185 fichiers de changements,390,9,3,data/collecte/dynamique/instantanes/2026-09-28.csv.gz,8.4,
2026-09-28T01:39:39+00:00,ok,github,8975896,2509ff2e9249ac4c8b2beb5a0158d57a20ccd77ccb6eeb5ed7291903bcd41447,121871,111030,10841,1606,photo 2026-09-28 + 1 fichiers de changements,973,0,0,,5.3,
2026-09-28T01:52:00+00:00,ok,github,8976039,f856ba7cf3bfacc1d16c4250093a697e53f9f95d619c4a0643c55d45d4c51ced,121871,111030,10841,1597,photo 2026-09-28 + 2 fichiers de changements,331,0,0,,5.3,
2026-09-28T02:07:00+00:00,ok,github,8976006,94f7d1a44c8ecd97b0a11a4ca1eb10661865d458dae2af95050a8b46ae29f0ca,121871,111030,10841,1604,photo 2026-09-28 + 3 fichiers de changements,469,0,0,,10.5,
2026-09-28T02:22:00+00:00,ok,github,8975692,13a94fe2bab57fcaa4af7732193fdac22d85a7d5b9ff395b65a33cfb871f4cca,121871,111030,10841,1611,photo 2026-09-28 + 4 fichiers de changements,337,0,0,,5.2,
2026-09-28T02:37:00+00:00,ok,github,8975673,3b94ea352e84a8c076cdf26dd6ccc80adb20d31013ed40d4b96cb64c0a8c088a,121871,111030,10841,1613,photo 2026-09-28 + 5 fichiers de changements,258,0,0,,5.8,
2026-09-28T02:52:00+00:00,ok,github,8975832,efaa44c5781747742f1a2e9b921fe5fb010cca2a351bbc7f53201adaf1bf1f3d,121871,111030,10841,1612,photo 2026-09-28 + 6 fichiers de changements,317,0,0,,5.5,
2026-09-28T03:07:00+00:00,ok,github,8975662,2fc8208fe77228dbba01e0288d45942b8671c0b6c502745da3b3c30f78dff6ac,121871,111030,10841,1606,photo 2026-09-28 + 7 fichiers de changements,377,0,0,,5.5,
2026-09-28T03:22:00+00:00,ok,github,8975607,65fb49809ef12e7a6f95c6d7b5e087d9e49a75146bf30adee323a4c297ae5b38,121871,111030,10841,1612,photo 2026-09-28 + 8 fichiers de changements,408,0,0,,5.4,
2026-09-28T03:37:00+00:00,ok,github,8975702,12afbd0eb8a5de408392a303f38fe674859466b48277d74804bca305e336e8fd,121871,111030,10841,1612,photo 2026-09-28 + 9 fichiers de changements,452,0,0,,5.7,
2026-09-28T03:52:00+00:00,ok,github,8975905,b6bcfdcb4cefb2a260f3ee21cdece50ca1ecab8633e36c72ce8e06cb5b8daf6a,121871,111030,10841,1606,photo 2026-09-28 + 10 fichiers de changements,563,0,0,,5.5,
2026-09-28T04:07:00+00:00,ok,github,8976237,ef18e1f2f7a6cb37d4cacab048b5386eeeec568bed41f324a5a5c410eed079e9,121871,111030,10841,1617,photo 2026-09-28 + 11 fichiers de changements,740,0,0,,6.2,
2026-09-28T04:22:00+00:00,ok,github,8976402,4448b667e975d9800d4d9b2afc5b01a02ae4a5d7bf1b90049c2485ced03492d0,121871,111030,10841,1611,photo 2026-09-28 + 12 fichiers de changements,828,0,0,,5.5,
2026-09-28T04:37:00+00:00,ok,github,8976603,77f54ae6ad08ebc16f24c8390096ddddd70726066c825100664ff89f43a82662,121871,111030,10841,1618,photo 2026-09-28 + 13 fichiers de changements,934,0,0,,5.5,
2026-09-28T04:52:00+00:00,ok,github,8976574,8822a21f613e50ed24acaecaeb3a7a37bffb3908c8052e6a03558f6de1067190,121871,111030,10841,1619,photo 2026-09-28 + 14 fichiers de changements,1059,0,0,,5.6,
2026-09-28T05:07:00+00:00,ok,github,8976891,ee5a9b1c2d273af072f28e955255bfdd3cf0d2c2a2b2b0b9de1a71f5cda56177,121872,111031,10841,1622,photo 2026-09-28 + 15 fichiers de changements,1362,1,0,,5.7,
2026-09-28T05:22:00+00:00,ok,github,8977207,3cf7f34859813409a852398702bd2022593046183bfbc199db0b9a4cb4614cc0,121872,111031,10841,1621,photo 2026-09-28 + 16 fichiers de changements,1495,1,0,,5.8,
2026-09-28T05:37:00+00:00,ok,github,8977145,0f044de60c7a3a0ef5abec5a5b53fc6c79cefa61375c9a8b3b4a9aa9cf36760b,121868,111027,10841,1624,photo 2026-09-28 + 17 fichiers de changements,1653,1,4,,5.6,
2026-09-28T05:52:00+00:00,ok,github,8977321,0d5ce56ebc9e9074eaeef803a221a12ac85a5710018a432360f3d58ec177354a,121868,111027,10841,1625,photo 2026-09-28 + 18 fichiers de changements,1900,1,4,,5.5,
2026-09-28T06:02:00+00:00,ok,github,8977823,4f6682703c4bcf6161df9166b420a0e3c6e2ab03bc441468f79c5e8050fd0d00,121868,111027,10841,1625,photo 2026-09-28 + 19 fichiers de changements,1981,1,4,,5.5,
2026-09-28T07:38:40+00:00,ok,github,8981759,e877528be8652c01bb426e984bf5f220e05472a2af44fc925858d79c955c89d1,121870,111028,10842,1648,photo 2026-09-28 + 20 fichiers de changements,8831,2,4,,4.6,
2026-09-28T07:42:00+00:00,ok,github,8981652,53c7413f4a62e7ececcb91092617c4fb32de7f6f2817edb9f87b0cb530823d1f,121870,111028,10842,1661,photo 2026-09-28 + 21 fichiers de changements,838,2,4,,4.0,
2026-09-28T07:47:00+00:00,ok,github,8981816,ca739eb4d7622ca9bcc6471d1abf24d2dd24ca62830b8ff7ad62b3f032302bac,121870,111028,10842,1661,photo 2026-09-28 + 22 fichiers de changements,1193,2,4,,4.7,
2026-09-28T07:52:00+00:00,ok,github,8981851,7f26bdb2a794d2c539b113b59a41a48f6980896303da65f8dc27949fed773d86,121870,111028,10842,1666,photo 2026-09-28 + 23 fichiers de changements,1276,2,4,,3.7,
2026-09-28T07:57:00+00:00,ok,github,8982050,9ae6f3a96e969029c5fd9a22698050d7f8041bfa42248f77988404e649223569,121870,111028,10842,1658,photo 2026-09-28 + 24 fichiers de changements,1260,2,4,,4.4,
2026-09-28T08:02:00+00:00,ok,github,8982440,eb0153a9095da8f726fd26f4d132a9ff973c8860d8507f19b172949ec5d67c83,121870,111028,10842,1642,photo 2026-09-28 + 25 fichiers de changements,1591,2,4,,5.1,
2026-09-28T08:07:00+00:00,ok,github,8982293,7f130df293d09479b50c5a0fa3bf60ba9360c2f11244a91bc0406a5bda63af22,121870,111028,10842,1636,photo 2026-09-28 + 26 fichiers de changements,1191,2,4,,4.3,
2026-09-28T08:12:00+00:00,ok,github,8982374,82ab92dbb42079c3f4bf0fc60d10e47e111361b894bc631fe2c5ce7ea9bf3a3f,121870,111028,10842,1645,photo 2026-09-28 + 27 fichiers de changements,1264,2,4,,4.8,
2026-09-28T08:17:00+00:00,ok,github,8982306,663acacd8897e1410071f93508cca4cb9ae36b907a69e5c815a21e5b884f3f6c,121870,111028,10842,1654,photo 2026-09-28 + 28 fichiers de changements,1234,2,4,,4.0,
2026-09-28T08:22:00+00:00,ok,github,8982336,515fa983a877282b831bc743812051f8a82f5d6569f477b2252319501c354369,121870,111028,10842,1635,photo 2026-09-28 + 29 fichiers de changements,1172,2,4,,4.4,
2026-09-28T08:27:00+00:00,ok,github,8982191,2ea4eccb4b104d1b979ff3410e4cd95c854967490b19d09fb046306b2881e610,121870,111028,10842,1628,photo 2026-09-28 + 30 fichiers de changements,1191,2,4,,4.8,
2026-09-28T08:32:00+00:00,ok,github,8982203,e3ba79be8c8c2398d173cc2d83cbd63ea77e333dcd9d6a3a0fc63c012b5bfb92,121870,111028,10842,1626,photo 2026-09-28 + 31 fichiers de changements,1295,2,4,,4.8,
2026-09-28T08:37:00+00:00,ok,github,8982404,17dbab2bd58bc8e83bb84e7f439c8eb87fcfa571fa547f0c1ce6e73a00539d42,121875,111033,10842,1622,photo 2026-09-28 + 32 fichiers de changements,1399,7,4,,4.2,
2026-09-28T08:42:00+00:00,ok,github,8982491,ee4d529d36ab4dd808a9420610f47c65cc9ed5d8924964545d46b114ee2bf14f,121875,111033,10842,1619,photo 2026-09-28 + 33 fichiers de changements,1193,7,4,,4.4,
2026-09-28T08:47:00+00:00,ok,github,8982242,e04c72353425afc99989c9750e6529b36e7aa36fde659940b63005e11ccb47c7,121875,111033,10842,1616,photo 2026-09-28 + 34 fichiers de changements,1137,7,4,,4.0,
2026-09-28T08:52:00+00:00,ok,github,8981957,dd7314e5c70a8b18a9cfb412ef351482cdffd0a375ba3b16bb9d64e6a5dde085,121875,111033,10842,1623,photo 2026-09-28 + 35 fichiers de changements,1480,7,4,,4.5,
2026-09-28T08:57:00+00:00,ok,github,8981742,7f5fcb2d0760e75176719043febf6ab5cb682baec03b8f9f250d5c2a6fdeb64e,121875,111033,10842,1627,photo 2026-09-28 + 36 fichiers de changements,1288,7,4,,4.1,
2026-09-28T09:02:01+00:00,ok,github,8981539,53415e0b2c7e1373024cefb6cd16ce1d24b82e098375f8b497ab873212634e5e,121875,111033,10842,1640,photo 2026-09-28 + 37 fichiers de changements,1661,7,4,,4.4,
2026-09-28T09:07:00+00:00,ok,github,8981595,25b7f22bf0c2bf9cbd7a1715a28c1a1c551b1316e4d1ce00d3c49feeea21f748,121875,111033,10842,1635,photo 2026-09-28 + 38 fichiers de changements,1451,7,4,,4.3,
2026-09-28T09:12:00+00:00,ok,github,8981806,a285ec947a3c132d619587ee4f9b953dd1a7f1dae3f61d5c2b01ecb8e21587da,121875,111033,10842,1643,photo 2026-09-28 + 39 fichiers de changements,1318,7,4,,4.3,
2026-09-28T09:17:00+00:00,ok,github,8981824,26e70c41ac4636c5d53e71116120da591492b6d7a7e479a8fd5b2a94798da022,121875,111033,10842,1645,photo 2026-09-28 + 40 fichiers de changements,1261,7,4,,5.0,
2026-09-28T09:22:00+00:00,ok,github,8981826,d5a9d88da65794bcb8c57e9efbc8fc8292763983ef3a570f6d14a07356d94dbd,121875,111033,10842,1637,photo 2026-09-28 + 41 fichiers de changements,1347,7,4,,4.9,
2026-09-28T09:27:00+00:00,ok,github,8981853,d119f68b56ed4bce1d5fb5c7b0eed29657b88d4f8de113d02a40cd3ff7a247c9,121875,111033,10842,1636,photo 2026-09-28 + 42 fichiers de changements,1442,7,4,,4.5,
2026-09-28T09:32:00+00:00,ok,github,8981967,153f526f63da6d9f3f5bd08c08e7d52f9e2dbc1434014773f472564eaba871ca,121875,111033,10842,1638,photo 2026-09-28 + 43 fichiers de changements,1433,7,4,,4.6,
2026-09-28T09:37:00+00:00,ok,github,8981701,3fe96580e88cba9ccccc8f67d6c5469c1133af61b5dc9d968e94e9df549cae50,121875,111033,10842,1634,photo 2026-09-28 + 44 fichiers de changements,1331,7,4,,4.7,
2026-09-28T09:42:00+00:00,ok,github,8981755,3ad7a46fae262963d15a95ca2cb9b93c602b79a831a7de7aa1da99aa891d509e,121875,111033,10842,1632,photo 2026-09-28 + 45 fichiers de changements,1430,7,4,,6.6,
2026-09-28T09:47:00+00:00,ok,github,8981651,82b603009896c44df565aef1b43d95502cafd2893119903caf43d870a516df9f,121875,111033,10842,1630,photo 2026-09-28 + 46 fichiers de changements,1428,7,4,,4.7,
2026-09-28T09:52:00+00:00,ok,github,8981946,198b2b1af96f21e337cc7752265e7ef277f7d41832bcff13bd86695c0e66363b,121875,111033,10842,1620,photo 2026-09-28 + 47 fichiers de changements,1433,7,4,,5.2,
2026-09-28T09:57:00+00:00,ok,github,8981735,e9a694bc505e8687b9423562fe4fe2deccf8c6f172d657db3f9edb75b37c7fba,121875,111033,10842,1623,photo 2026-09-28 + 48 fichiers de changements,1375,7,4,,4.5,
2026-09-28T10:02:00+00:00,ok,github,8981762,5094c70df65a80f873930b6b2701cc3cd4f0b83180edeaeea0c8da289cb51b18,121876,111034,10842,1619,photo 2026-09-28 + 49 fichiers de changements,1820,8,4,,5.6,
2026-09-28T10:07:00+00:00,ok,github,8981850,55fe11fb326aca6311e04832d2ec5f22d1937171dfca9a9832605dce19500464,121876,111034,10842,1620,photo 2026-09-28 + 50 fichiers de changements,1538,8,4,,4.7,
2026-09-28T10:12:00+00:00,ok,github,8982051,8b57c38e48ee03f51315e1edf84ea51d27a367ecbbf553772312a97d726ceca7,121876,111034,10842,1624,photo 2026-09-28 + 51 fichiers de changements,1777,8,4,,5.2,
2026-09-28T10:17:00+00:00,ok,github,8981830,0e2e1713bc166d565f98c8ba4341bce3f731c251fd2f3321ed30af04779a94d1,121876,111034,10842,1622,photo 2026-09-28 + 52 fichiers de changements,1646,8,4,,6.6,
2026-09-28T10:22:00+00:00,ok,github,8982128,0cc4799e37319ac6f0460a2cc26b1bee1a14c302a6035f7acf4bee45cc7f6552,121876,111034,10842,1628,photo 2026-09-28 + 53 fichiers de changements,1679,8,4,,5.1,
2026-09-28T10:27:00+00:00,ok,github,8982182,7bcefb1b484c22575e4e0706d9a39ef88e9e3199bf41e43fe1ae4b2559ead1b7,121876,111034,10842,1622,photo 2026-09-28 + 54 fichiers de changements,1824,8,4,,5.7,
2026-09-28T10:32:00+00:00,ok,github,8982315,35f05a72d5c934cd711f8882200bb2e5bbbb872fcb36394b4bd2386923765ca2,121876,111034,10842,1617,photo 2026-09-28 + 55 fichiers de changements,1556,8,4,,5.5,
2026-09-28T10:37:00+00:00,ok,github,8982546,e53a2e5024cd6d870af50266868d04365109cb5e2222f24da105f10e4f7a0335,121876,111034,10842,1628,photo 2026-09-28 + 56 fichiers de changements,1715,8,4,,5.8,
2026-09-28T10:42:00+00:00,ok,github,8982721,b28129bc54fe9d14bca3a9251c0cc88d42588c3762c4a9218596d67e4976d7fb,121876,111034,10842,1624,photo 2026-09-28 + 57 fichiers de changements,1733,8,4,,5.3,
2026-09-28T10:47:00+00:00,ok,github,8982908,9ba1d57728cfe88be8f22f1a89af928c9054986fd7bd4f3192f3cf75455593ad,121876,111034,10842,1623,photo 2026-09-28 + 58 fichiers de changements,1687,8,4,,5.2,
2026-09-28T10:52:00+00:00,ok,github,8982985,b87485f46fa094cbe536352bce05c8310174c9a84b0647a478746e12ed191c50,121876,111034,10842,1625,photo 2026-09-28 + 59 fichiers de changements,1556,8,4,,4.3,
2026-09-28T10:57:00+00:00,ok,github,8983199,9cfd65daf6f1e2d49a6913ee79f858af5022e8fb8fca5acdeb05ed7d3ed981e5,121876,111034,10842,1626,photo 2026-09-28 + 60 fichiers de changements,1525,8,4,,4.5,
2026-09-28T11:02:00+00:00,ok,github,8983092,5a2f476b4b178396aadd33c47bbe1a515892a66f0529c47a57f2ada575236f3f,121876,111034,10842,1602,photo 2026-09-28 + 61 fichiers de changements,2255,8,4,,5.3,
2026-09-28T11:07:00+00:00,ok,github,8983167,aedd47eb3d9752383e25ff9f1af5d8f288d8b5abddd2432383608864ae7063b7,121876,111034,10842,1611,photo 2026-09-28 + 62 fichiers de changements,1712,8,4,,5.3,
2026-09-28T11:12:00+00:00,ok,github,8983113,5fbea1ee8c932413316b7edd333084b2e77455e8c4b9e94a39b828beea0ce6a0,121876,111034,10842,1605,photo 2026-09-28 + 63 fichiers de changements,1636,8,4,,5.3,
2026-09-28T11:17:00+00:00,ok,github,8983024,aff8a7b87a7ac1d0fa5821de41a3511223353c3d974d40118ef85e4015343033,121876,111034,10842,1609,photo 2026-09-28 + 64 fichiers de changements,1792,8,4,,5.1,
2026-09-28T11:22:00+00:00,ok,github,8982873,b1b53b8f1ad39a71819edd2f2b395faa240f219c833d1be2c3122aaf00c6ff46,121876,111034,10842,1602,photo 2026-09-28 + 65 fichiers de changements,1608,8,4,,5.1,
2026-09-28T11:27:00+00:00,ok,github,8982559,bc67e6a849a4f1fe711d9033c49c6d5253e0ce0c196fcf275a88267a9ec68363,121876,111034,10842,1604,photo 2026-09-28 + 66 fichiers de changements,1504,8,4,,4.9,
2026-09-28T11:32:00+00:00,ok,github,8982091,ce650c3b80f81ccc39c025cc8f97d2e33879f8cae149942d88dc0ceb9f110b93,121876,111034,10842,1600,photo 2026-09-28 + 67 fichiers de changements,1720,8,4,,5.5,
2026-09-28T11:37:00+00:00,ok,github,8982085,84075e3df1eaefe42eab53fa4d040529e943f3abae91c4d1db44263946de3434,121877,111034,10843,1605,photo 2026-09-28 + 68 fichiers de changements,1567,8,4,,5.7,
2026-09-28T11:42:00+00:00,ok,github,8982067,6632f653251aef5a29fe0a26cc53b25a41f64d4e87c9c9dcc3520f53e005513e,121877,111034,10843,1611,photo 2026-09-28 + 69 fichiers de changements,1477,8,4,,5.4,
2026-09-28T11:47:00+00:00,ok,github,8981936,402ec18f48e7055693c21ea5873dba512835d4d61bb5fbae8aa8e7fcbe645dee,121877,111034,10843,1617,photo 2026-09-28 + 70 fichiers de changements,1402,8,4,,5.0,
2026-09-28T11:52:00+00:00,ok,github,8981659,1b68728a067f1ab05bcb77878b77eed855731aca15894e33974143ef78615f90,121877,111034,10843,1610,photo 2026-09-28 + 71 fichiers de changements,1587,8,4,,4.9,
2026-09-28T11:57:00+00:00,ok,github,8981766,b433af781655418a6e61a7e4c998340691d79d9c6f0b29ee9d136466eb756273,121878,111035,10843,1615,photo 2026-09-28 + 72 fichiers de changements,1372,9,4,,5.1,
2026-09-28T12:02:00+00:00,ok,github,8981837,a0de3de5734254fecf9a8fd67bda6534fe1db4d5ea98784c1c34fd617bfaae7a,121879,111036,10843,1624,photo 2026-09-28 + 73 fichiers de changements,1930,10,4,,7.4,
2026-09-28T15:58:20+00:00,ok,github,8995492,ee63514ce0467780fbbb6d44034311b9a7ad18e697ab6fa61a2297825fbb531c,122122,111279,10843,1625,photo 2026-09-28 + 74 fichiers de changements,11891,253,4,,7.0,
2026-09-28T16:02:00+00:00,ok,github,8995451,63a3c8feb06874705490675b08ae38186635fe12d2e3c035e94198dcd4b44299,122123,111280,10843,1597,photo 2026-09-28 + 75 fichiers de changements,1646,254,4,,6.3,
2026-09-28T16:07:01+00:00,ok,github,8995243,cea9ac9ecb4be9461eb7c9bea1707ff8a19246238fc1a851803f75b541fb6704,122126,111283,10843,1609,photo 2026-09-28 + 76 fichiers de changements,1579,257,4,,6.9,
2026-09-28T16:12:00+00:00,ok,github,8995741,67fc32460f9b3987dbae9a05528bb3abc3cba24cd196349e9cf33c6d0611a95f,122132,111289,10843,1605,photo 2026-09-28 + 77 fichiers de changements,1680,263,4,,7.3,
2026-09-28T16:17:00+00:00,ok,github,8996152,52a6adfc44675f021295790fd3bac9a665bee9711e5170c4d1aafc6f1e9d29d6,122139,111296,10843,1595,photo 2026-09-28 + 78 fichiers de changements,1634,270,4,,7.0,
2026-09-28T16:22:00+00:00,ok,github,8996310,03ecf63a26b97cbb59ab1af02d09e23ba42f46e0ac30c07df6c4c61228745877,122142,111299,10843,1594,photo 2026-09-28 + 79 fichiers de changements,1530,273,4,,7.1,
2026-09-28T16:27:00+00:00,ok,github,8996533,fc3d9af64dceac06965655772372b334b55e7b61f7072c5b1b689fc1d96b4e7d,122147,111304,10843,1594,photo 2026-09-28 + 80 fichiers de changements,1417,278,4,,6.9,
2026-09-28T16:32:00+00:00,ok,github,8996817,a22f701944443b23da7bf2e019d5886d0bad81764acf174f5f681f6c0396ce16,122150,111307,10843,1592,photo 2026-09-28 + 81 fichiers de changements,1666,281,4,,7.3,
2026-09-28T16:37:00+00:00,ok,github,8997096,3dc84ce3fb1086820ea2e60546a5a579cb2aea3451bed279b95185236c93eedb,122154,111311,10843,1600,photo 2026-09-28 + 82 fichiers de changements,1463,285,4,,6.9,
2026-09-28T16:42:00+00:00,ok,github,8997406,6dc74aa38d84582c73869c5f47d3ff30d197829654ad1c688579ac9c6f67529a,122159,111316,10843,1603,photo 2026-09-28 + 83 fichiers de changements,1525,290,4,,6.9,
2026-09-28T16:47:00+00:00,ok,github,8997405,f2daf068c8db2169ca43f57b39f138f4b455a16e0e3762c4e4e395ed4df5fe59,122161,111318,10843,1598,photo 2026-09-28 + 84 fichiers de changements,1437,292,4,,7.2,
2026-09-28T16:52:00+00:00,ok,github,8997911,dc243d8bfef04c4a57800b02c255c06bba23f4b15bf484f65a4866a41bb02308,122168,111325,10843,1602,photo 2026-09-28 + 85 fichiers de changements,1380,299,4,,7.2,
2026-09-28T16:57:00+00:00,ok,github,8998127,025c60ea3264ca79877a6e0e3290127b9e9d1f4da67033ea663d1efc12ae4b91,122173,111330,10843,1595,photo 2026-09-28 + 86 fichiers de changements,1398,304,4,,7.7,
2026-09-28T17:02:00+00:00,ok,github,8998482,9d6b9d6f59f2f7caf6467a91e42ddb6be2fd5bf995ad7edaf064e88ef30cd26c,122179,111336,10843,1583,photo 2026-09-28 + 87 fichiers de changements,1955,310,4,,7.0,
2026-09-28T17:07:00+00:00,ok,github,8998530,35a375555e36b0d0dc6f1cf7166e954670831c5350c2bdd2aedb577b607f823e,122182,111339,10843,1583,photo 2026-09-28 + 88 fichiers de changements,1212,313,4,,6.8,
2026-09-28T17:12:00+00:00,ok,github,8998863,f7934f926241dfb4e0def90e4030aa93b326e0a82021b0ac89459438f31c1fa8,122184,111341,10843,1589,photo 2026-09-28 + 89 fichiers de changements,1421,315,4,,7.8,
2026-09-28T17:17:00+00:00,ok,github,8998811,dddee72f0b616cfd178f45acc2ee4aef9f3f04bc102822542064e5aea64a9837,122188,111345,10843,1587,photo 2026-09-28 + 90 fichiers de changements,1288,319,4,,7.1,
2026-09-28T17:22:00+00:00,ok,github,8999001,deb344a81f736e5fe3a6369328904bdc581506145f9e408df99998231291f8d3,122195,111352,10843,1590,photo 2026-09-28 + 91 fichiers de changements,1313,326,4,,7.6,
2026-09-28T17:27:00+00:00,ok,github,8999053,a7f3c6ea65d0567e027802e3816fcd06e0bd41c0ef6e10d1cff087fb42f77e80,122199,111356,10843,1590,photo 2026-09-28 + 92 fichiers de changements,1237,330,4,,7.0,
2026-09-28T17:32:00+00:00,ok,github,8999265,2289edecdca5c4cd6cf584f574172e50537fee0aada79979265dfc66bb3cf09c,122200,111357,10843,1589,photo 2026-09-28 + 93 fichiers de changements,1230,331,4,,7.4,
2026-09-28T17:37:00+00:00,ok,github,8999486,99a9d6fa6a7ce5ccd93fac2752ed0febb8b4874028b04700813afa3219c6036b,122203,111360,10843,1598,photo 2026-09-28 + 94 fichiers de changements,1217,334,4,,7.3,
2026-09-28T17:42:00+00:00,ok,github,8999654,1c9dac509f5601903eb3f5ec696284a5b40dcdd6ee5014d8de4544aaa1a2e574,122207,111364,10843,1601,photo 2026-09-28 + 95 fichiers de changements,1261,338,4,,7.2,
2026-09-28T17:47:00+00:00,ok,github,8999664,043359d34b6588a87d3ffb3801bc97f3e5d80680f4b291d7683e39f4e803ea07,122210,111367,10843,1604,photo 2026-09-28 + 96 fichiers de changements,1212,341,4,,6.9,
2026-09-28T17:52:00+00:00,ok,github,8999698,d9da30acec331b384f366de672f58d064d62566de1ccefd761518e84840b1edb,122212,111369,10843,1606,photo 2026-09-28 + 97 fichiers de changements,995,343,4,,7.6,
2026-09-28T17:57:00+00:00,ok,github,8999656,94fbd6d71a4ed2680e71d88056e2b08e4608bc71024945beca874975aea6289e,122214,111371,10843,1612,photo 2026-09-28 + 98 fichiers de changements,956,345,4,,7.4,
2026-09-28T18:02:00+00:00,ok,github,9000022,d20fe419d3ffaadcadc6afdf6d656d356fd0ebaf3585132d82187ff448baa049,122218,111375,10843,1611,photo 2026-09-28 + 99 fichiers de changements,1549,349,4,,7.6,
2026-09-28T21:47:06+00:00,ok,github,9003014,d5fca4bd7fc79a9ca8189cefdd17341d9d462c578c985ee34aebd4347c64da13,122314,111471,10843,1627,photo 2026-09-28 + 100 fichiers de changements,6647,445,4,,7.0,
2026-09-28T21:52:00+00:00,ok,github,9003053,635de71a6d7cb4aa49bbac61da508315763f1af47c64e0b59fecadcf278c9d08,122315,111472,10843,1607,photo 2026-09-28 + 101 fichiers de changements,312,446,4,,6.7,
2026-09-28T22:07:00+00:00,ok,github,9003302,6ae9c3aa777c77b164382870281f1ad0a7b9d1111c8681fefcb049e56826dd27,122318,111475,10843,1605,photo 2026-09-28 + 102 fichiers de changements,799,449,4,,7.8,
2026-09-28T22:22:00+00:00,ok,github,9003445,fba61354fbcb7178de017bcdec5880916345ee278c98bedea21eaa8aeeb2fea9,122319,111476,10843,1619,photo 2026-09-28 + 103 fichiers de changements,679,450,4,,7.6,
2026-09-28T22:37:00+00:00,ok,github,9003310,d82bb0c4f7b274d9ea0ab5fde3b96cae03883ee8a43b5cd8672454d4a26bacfb,122319,111476,10843,1618,photo 2026-09-28 + 104 fichiers de changements,572,450,4,,7.2,
2026-09-28T22:52:00+00:00,ok,github,9003510,30881c78539ce816d5fa24c383d7e42c8875d0108162488b07f9f2a7af9ab1c4,122321,111478,10843,1605,photo 2026-09-28 + 105 fichiers de changements,559,452,4,,7.5,
2026-09-28T23:07:00+00:00,ok,github,9004730,fe86ec55c8d3bea3956206dceda8abdc65bc23bdee7ce2f1d78d802bed58e45b,122329,111486,10843,1607,photo 2026-09-28 + 106 fichiers de changements,627,460,4,,7.1,
2026-09-28T23:22:00+00:00,ok,github,9004094,7a63af744deb8ef3d5ea07dbaea317e793294d4cd87a5891b30a2de2b0d6ff06,122330,111487,10843,1609,photo 2026-09-28 + 107 fichiers de changements,451,461,4,,7.4,
2026-09-28T23:37:00+00:00,ok,github,9004088,533b92b8cbd1519621f0d1613e260b5fd8e897b2c969c5b114e46aba0847fb03,122331,111488,10843,1629,photo 2026-09-28 + 108 fichiers de changements,383,462,4,,7.4,
2026-09-28T23:52:00+00:00,ok,github,9004013,da95afae4b903d761c10de7167a7f0ce9d1b298c726e5afbf35ef44cc34a3980,122331,111488,10843,1634,photo 2026-09-28 + 109 fichiers de changements,415,462,4,,7.1,
2026-09-29T01:18:22+00:00,ok,github,9006289,b3bd4d6d4ffb5ed4528bb6009680fdea036ade80b835dcb58ba11d5f3bd56c5c,122329,111486,10843,1611,photo 2026-09-28 + 110 fichiers de changements,1563,464,8,data/collecte/dynamique/instantanes/2026-09-29.csv.gz,8.7,
2026-09-29T01:22:00+00:00,ok,github,9005284,ff83891e47e23f8e1f0c238eb7d66b27c442248b0a0c7dc468f9d7525c1b552e,122329,111486,10843,1613,photo 2026-09-29 + 1 fichiers de changements,369,0,0,,5.0,
2026-09-29T01:37:00+00:00,ok,github,9004517,258c30465a4f69b5c1655989eae0dfdfd1dcbdd06da323ebd8faf0441a36bb42,122330,111487,10843,1618,photo 2026-09-29 + 2 fichiers de changements,577,1,0,,6.2,
2026-09-29T01:52:00+00:00,ok,github,9004643,d3d68f26838098297e07c07b7eaae1e78e438163b7e68b0492089d54f81fe810,122330,111487,10843,1623,photo 2026-09-29 + 3 fichiers de changements,422,1,0,,6.0,
2026-09-29T02:07:00+00:00,ok,github,9004910,0d2dd34848882dba5eb78696ef6b1d713e7f244d0b35ea9cc6b49d3bed9f8394,122333,111490,10843,1635,photo 2026-09-29 + 4 fichiers de changements,530,4,0,,6.6,
2026-09-29T02:22:00+00:00,ok,github,9004777,7462dca0dac988f08f804c707bd298eca18a16c891bc0f7413942ebdee61eb46,122333,111490,10843,1620,photo 2026-09-29 + 5 fichiers de changements,429,4,0,,6.0,
2026-09-29T02:37:00+00:00,ok,github,9004732,f57e4dedf0b9ba9801a7e0f81e16f62ee7d0e3d13375909145c3ab6146a2c9fc,122334,111491,10843,1626,photo 2026-09-29 + 6 fichiers de changements,474,5,0,,5.8,
2026-09-29T02:52:00+00:00,ok,github,9004633,b58fe025dce99bca32970a6a46b3e5b6d297d5cc7eaa5dbffb4d440b485973ac,122335,111492,10843,1632,photo 2026-09-29 + 7 fichiers de changements,438,6,0,,5.9,
2026-09-29T03:07:00+00:00,ok,github,9004919,0df4fea9b9846325f8460213c931dd9a7f8ad77a09e715bf32242d18022c24de,122336,111493,10843,1633,photo 2026-09-29 + 8 fichiers de changements,534,7,0,,5.9,
2026-09-29T03:22:00+00:00,ok,github,9004709,ecb814e006e082abf558383eb90edd165c12324d9ef5524d0714bb521c6c05a7,122336,111493,10843,1626,photo 2026-09-29 + 9 fichiers de changements,499,7,0,,6.0,
2026-09-29T03:37:00+00:00,ok,github,9005021,cd243b05627c943fe9ab96773001e93f84f93d6f2463f494d05480f90c1deae6,122337,111494,10843,1634,photo 2026-09-29 + 10 fichiers de changements,479,8,0,,6.1,
2026-09-29T03:52:00+00:00,ok,github,9005086,95930f73aed5356ff412b52a9da04738e80cd8b4de721f84298750a3379ad170,122339,111496,10843,1636,photo 2026-09-29 + 11 fichiers de changements,591,10,0,,5.7,
2026-09-29T04:07:00+00:00,ok,github,9005211,ff1904f8a83031c533c8087b437b1cf060765a63dfb83308b77ff9bddcd99da3,122339,111496,10843,1631,photo 2026-09-29 + 12 fichiers de changements,799,10,0,,6.2,
2026-09-29T04:22:00+00:00,ok,github,9005671,686146e7ac87f04241ea93eb3d50697ba890e18cacc4e7d6a64830e13a3deca6,122342,111499,10843,1624,photo 2026-09-29 + 13 fichiers de changements,877,13,0,,6.3,
2026-09-29T04:37:00+00:00,ok,github,9005579,cd7bd8eaae4e4e71b8e0661471c4612920b23c5f77b1f5a18cbc2fb41a3a8d6b,122344,111501,10843,1633,photo 2026-09-29 + 14 fichiers de changements,975,15,0,,6.3,
2026-09-29T04:52:00+00:00,ok,github,9006037,7dd1099bf07a24aa3dfc83889087797e00d8c3c9f3f99ddb1eb935004c763204,122346,111503,10843,1629,photo 2026-09-29 + 15 fichiers de changements,1088,17,0,,6.1,
2026-09-29T05:07:00+00:00,ok,github,9006264,37560ff611a5694fc1736140777f4679a7ff85a148baffe8e86c2f88f1fdf954,122348,111505,10843,1625,photo 2026-09-29 + 16 fichiers de changements,1373,19,0,,6.4,
2026-09-29T05:22:00+00:00,ok,github,9006953,3aca07101e54f6f8d4b0db14febbc1424891568262bf3d4a36d6237c82792a0e,122352,111509,10843,1618,photo 2026-09-29 + 17 fichiers de changements,1535,23,0,,7.5,
2026-09-29T05:37:00+00:00,ok,github,9007218,254bc5faba33e8a13d58d6b87be67dd588076188daad71591721a7ebb1ad08da,122353,111510,10843,1613,photo 2026-09-29 + 18 fichiers de changements,1673,24,0,,6.3,
2026-09-29T05:52:00+00:00,ok,github,9007501,1b1f80fbc57044092c77b6376b4cb9ae20b97ad9aba007cc14eb2a07853a334d,122357,111514,10843,1619,photo 2026-09-29 + 19 fichiers de changements,2010,28,0,,6.0,
2026-09-29T06:02:00+00:00,ok,github,9008119,b6e0f9a54c1c3c42466734425daa22008a9e77f89942a2de26c13ef2afcad45a,122360,111517,10843,1616,photo 2026-09-29 + 20 fichiers de changements,1882,31,0,,5.7,
2026-09-29T07:01:24+00:00,ok,github,9012334,f014f56a85f1390f026c6e1c180e9dc28cce93e0028596247bd21ecefbc9cd14,122388,111545,10843,1645,photo 2026-09-29 + 21 fichiers de changements,7543,59,0,,5.9,
2026-09-29T07:02:00+00:00,ok,github,9012355,683a9d60a9549ea31d29f16ccc380661bbe99f6788bbd1bdd6b4ed5d6c23346b,122388,111545,10843,1645,photo 2026-09-29 + 22 fichiers de changements,148,59,0,,5.6,
2026-09-29T07:07:00+00:00,ok,github,9012524,e41faed877eae6b0071fcf91fdc99765b6ffbf50b0adb27559263895e1902455,122389,111546,10843,1646,photo 2026-09-29 + 23 fichiers de changements,1124,60,0,,5.6,
2026-09-29T07:12:00+00:00,ok,github,9012820,5e0d82f4f091784181ace7cba80f8ec0b2fbfb253c1b225676da12ff014a0d65,122392,111549,10843,1658,photo 2026-09-29 + 24 fichiers de changements,1123,63,0,,5.9,
2026-09-29T07:17:00+00:00,ok,github,9013006,2d3d3b81b9763ea0f26fdea1fe46337cf7cd62ef23a7e1dfe75467cbe4ba4912,122393,111550,10843,1655,photo 2026-09-29 + 25 fichiers de changements,1326,64,0,,6.3,
2026-09-29T07:22:00+00:00,ok,github,9013288,4377a44f6083fb4b8876474226c6a229c3e3171a1522b3b4b41094b72fc563db,122399,111556,10843,1653,photo 2026-09-29 + 26 fichiers de changements,1129,70,0,,6.2,
2026-09-29T07:27:00+00:00,ok,github,9013407,0a612465f6a4e2e6abc5dd666a817f6338bd4996881a0e8a3340632b67076c5a,122400,111557,10843,1641,photo 2026-09-29 + 27 fichiers de changements,1092,71,0,,5.8,
2026-09-29T07:32:00+00:00,ok,github,9013794,ac3a21ed18b8a911b57c74ba767087faa59f9c32d25361ec0f86224daf647866,122402,111559,10843,1638,photo 2026-09-29 + 28 fichiers de changements,1209,73,0,,6.1,
2026-09-29T07:37:00+00:00,ok,github,9013777,746435dc76bfba215f32d7571d052c3a3f3b07ca3904fa1c57a2df5b248a2d5b,122402,111559,10843,1645,photo 2026-09-29 + 29 fichiers de changements,1123,73,0,,6.3,
2026-09-29T07:42:00+00:00,ok,github,9013784,150b03029606197b3b1cc7229bbd9dad10682e3714d44b5791aa59448a14de8e,122402,111559,10843,1644,photo 2026-09-29 + 30 fichiers de changements,1139,73,0,,5.9,
2026-09-29T07:47:00+00:00,ok,github,9013943,99746d872be4c632d013cfdb6d8549f3fc03469b52406130fe5d03fa6140d343,122403,111560,10843,1637,photo 2026-09-29 + 31 fichiers de changements,1099,74,0,,5.5,
2026-09-29T07:52:00+00:00,ok,github,9014389,8af90ff7fad57a54ac5b035f3ccf48773f70f064aa5e215b342e87df35734520,122404,111561,10843,1637,photo 2026-09-29 + 32 fichiers de changements,1295,75,0,,6.3,
2026-09-29T07:57:00+00:00,ok,github,9014356,31ca950d5299ab75c13996c72e01e7272e9aaed40e06fc4528469d605ba36896,122405,111562,10843,1635,photo 2026-09-29 + 33 fichiers de changements,1149,76,0,,6.4,
2026-09-29T08:02:00+00:00,ok,github,9014326,80b1601be90b385b59295ed454d9c42d84f9b500c8492a11eda3d3f21f498b15,122407,111564,10843,1639,photo 2026-09-29 + 34 fichiers de changements,1723,78,0,,7.7,
2026-09-29T08:07:00+00:00,ok,github,9014681,ccc0021a1d9889ea4ef2bc75e81b8d6a3134a1b9dc93797ba0b2ebb8d5211e6a,122410,111567,10843,1636,photo 2026-09-29 + 35 fichiers de changements,1185,81,0,,5.9,
2026-09-29T08:12:00+00:00,ok,github,9014735,680756f935cd9c7fe31ca6fc264da63d3746291ebef53598d8b2d6e23ebd14ee,122411,111568,10843,1634,photo 2026-09-29 + 36 fichiers de changements,1131,82,0,,6.9,
2026-09-29T08:17:00+00:00,ok,github,9014793,45bf35c14a8a40fa1cfdb177eed5f849ba8c9d9fc837d77ce4e03e6e5ce74e5b,122412,111569,10843,1628,photo 2026-09-29 + 37 fichiers de changements,1137,83,0,,6.2,
2026-09-29T08:22:00+00:00,ok,github,9014862,bea70bc0b14d4bde981c4c717c375bf50a067a725e40ca069241b95f3cf9d26c,122413,111570,10843,1643,photo 2026-09-29 + 38 fichiers de changements,1254,84,0,,6.9,
2026-09-29T08:27:00+00:00,ok,github,9015085,54551391cb965c95380610796a110b8d8155faa1f9efa1739a23544bff346ea3,122414,111571,10843,1638,photo 2026-09-29 + 39 fichiers de changements,1214,85,0,,6.1,
2026-09-29T08:32:00+00:00,ok,github,9015005,b5db714df17ad201286a6aabe2f6ba536663a3c7485964672161389da0236708,122414,111571,10843,1635,photo 2026-09-29 + 40 fichiers de changements,1199,85,0,,6.9,
2026-09-29T08:37:00+00:00,ok,github,9015111,c53a26a62c93c85b9f3d385e9ef7922d63cecfa30275d01f6723bcaa087ba2e8,122415,111572,10843,1633,photo 2026-09-29 + 41 fichiers de changements,1277,86,0,,7.5,
2026-09-29T08:42:00+00:00,ok,github,9015176,69564abf5c887e15aca1a6871d776462d8a29fd1c6b92620024ed7f7945684bc,122418,111575,10843,1629,photo 2026-09-29 + 42 fichiers de changements,1166,89,0,,6.9,
2026-09-29T08:47:00+00:00,ok,github,9015312,ae3a5a6d3f809fc760b1ddeca8c42f750c3daff553af2eaa35d56b08fb4af954,122420,111577,10843,1631,photo 2026-09-29 + 43 fichiers de changements,1143,91,0,,6.8,
2026-09-29T08:52:00+00:00,ok,github,9015093,810bed240d8a4a0cc1974fd2e3ca4ffbb569cafcc5e4e7bcfe3edb51b5e963ee,122420,111577,10843,1629,photo 2026-09-29 + 44 fichiers de changements,1253,91,0,,6.3,
2026-09-29T08:57:00+00:00,ok,github,9015240,8b1c51da2c8cd717403517669dcd12db5a6e75b715dc09762730a69c11fa7f95,122421,111578,10843,1630,photo 2026-09-29 + 45 fichiers de changements,1300,92,0,,5.6,
2026-09-29T09:02:00+00:00,ok,github,9015640,8b7d8eab3b89b4a86ff79decb083a9ab5a07d962defe8f1ec9d5fec18e350a78,122422,111579,10843,1616,photo 2026-09-29 + 46 fichiers de changements,1552,93,0,,6.3,
2026-09-29T09:07:00+00:00,ok,github,9015856,c996006b8638fc9e3a670a4b8dd612553608d5c1b20e00cc114b955257f4c88b,122424,111581,10843,1623,photo 2026-09-29 + 47 fichiers de changements,1196,95,0,,5.8,
2026-09-29T09:12:01+00:00,ok,github,9015733,3626380bffbe8b1576f7665c1ad14e4dac511c54aaf955181c28675fd32ef578,122425,111582,10843,1614,photo 2026-09-29 + 48 fichiers de changements,1236,96,0,,7.5,
2026-09-29T09:17:00+00:00,ok,github,9015626,190e9428a411ef2e4dc8ea87bd25c33de42d6d0f6764c9646786ac321c8663f8,122425,111582,10843,1615,photo 2026-09-29 + 49 fichiers de changements,1298,96,0,,7.5,
2026-09-29T09:22:00+00:00,ok,github,9015887,021df870f9251323d1adab7eb8ca93469f8f5dc2bb4d378f52a9fc329942c69c,122426,111583,10843,1615,photo 2026-09-29 + 50 fichiers de changements,1223,97,0,,7.2,
2026-09-29T09:27:00+00:00,ok,github,9015989,9b3a68c245955b6dee45a98195eef1af62f331c41929d0dd75eaa45aa9210386,122427,111584,10843,1622,photo 2026-09-29 + 51 fichiers de changements,1306,98,0,,7.6,
2026-09-29T09:32:00+00:00,ok,github,9016073,81a82d4bd8b61ea50f3e65e1c5de77a426851dbce0940b40865289392af9f2f1,122427,111584,10843,1622,photo 2026-09-29 + 52 fichiers de changements,1286,98,0,,7.6,
2026-09-29T09:37:01+00:00,ok,github,9015925,7deb258aa9c19e8a57a31f9dc4b04417947b15ef71e3b6f7551fc95d89c21ed2,122428,111585,10843,1617,photo 2026-09-29 + 53 fichiers de changements,1291,99,0,,8.4,
2026-09-29T09:42:00+00:00,ok,github,9015660,9ffe0299bde47676a5eaa7ca514012d9e30c4c25c08d1b299d5fe6abaf6b3ea1,122428,111585,10843,1621,photo 2026-09-29 + 54 fichiers de changements,1207,99,0,,7.7,
2026-09-29T09:47:00+00:00,ok,github,9015920,1e57e5f38bdb999fe43877d722a8b295f4ea1b9773ffa9e25eebe8604c8a1320,122431,111588,10843,1618,photo 2026-09-29 + 55 fichiers de changements,1338,102,0,,9.4,
2026-09-29T09:52:00+00:00,ok,github,9016188,f675942c34024841b927f3dedffadaf872c899f383f0739df5a5af4498b985c1,122437,111594,10843,1604,photo 2026-09-29 + 56 fichiers de changements,1452,108,0,,7.5,
2026-09-29T09:57:00+00:00,ok,github,9016431,6449193ec6833deebd1bd734f87792f4f4363a98493dcf229e1f323ebf634f15,122438,111595,10843,1608,photo 2026-09-29 + 57 fichiers de changements,1474,109,0,,6.9,
2026-09-29T10:02:00+00:00,ok,github,9016412,8137a7e2d511092788bbec41cd7f7b9f8a7d2cdd6909d21b84ecfc38f8448b37,122438,111595,10843,1617,photo 2026-09-29 + 58 fichiers de changements,1702,109,0,,5.8,
2026-09-29T10:07:00+00:00,ok,github,9016752,bc530b3a95a967c845d3788da296aebdf60939e03d992fee307f197ad05eb6f7,122439,111596,10843,1611,photo 2026-09-29 + 59 fichiers de changements,1455,110,0,,7.5,
2026-09-29T10:12:01+00:00,ok,github,9016808,18aacacbe53899257ae654396a53bbf09075194a88b2bafc15a3e29e695c5368,122440,111597,10843,1604,photo 2026-09-29 + 60 fichiers de changements,1478,111,0,,7.3,
2026-09-29T10:17:00+00:00,ok,github,9017093,5f2aa6e705e65458bbfc1aafed8ddece5c68a121b969a150def77a1e329bd4ce,122441,111598,10843,1608,photo 2026-09-29 + 61 fichiers de changements,1808,112,0,,7.6,
2026-09-29T10:22:00+00:00,ok,github,9017234,81cd4cbed5f507ae7b677a7b1c795df92fdb951a88b80397cd087e4e77333199,122442,111599,10843,1608,photo 2026-09-29 + 62 fichiers de changements,1603,113,0,,7.2,
2026-09-29T10:27:00+00:00,ok,github,9017556,523f529512599a0511d121b2b23c8dffedc159ce42a9667678fb47ff4e438553,122442,111599,10843,1609,photo 2026-09-29 + 63 fichiers de changements,1693,113,0,,7.3,
2026-09-29T10:32:00+00:00,ok,github,9017795,d995405059506ea41da68cd95a8a4aef1130201ced46a8594169630f4da167fc,122443,111600,10843,1615,photo 2026-09-29 + 64 fichiers de changements,1562,114,0,,8.2,
2026-09-29T10:37:00+00:00,ok,github,9017808,69f9021e2a000eea4d36b63f3c75f7f27c6b9e406356b5d137004ab1c2352134,122443,111600,10843,1619,photo 2026-09-29 + 65 fichiers de changements,1556,114,0,,6.1,
2026-09-29T10:42:00+00:00,ok,github,9018000,d5fcf19143084b1cb299fce0abbfe1a4e1ad0e65a07edd8f5ca1be4760c836a4,122446,111603,10843,1623,photo 2026-09-29 + 66 fichiers de changements,1705,117,0,,8.3,
2026-09-29T10:47:00+00:00,ok,github,9018067,c4df355141e2348aae188282e8d20a3bb646969d5cf51b122b27d889deafe45b,122447,111604,10843,1617,photo 2026-09-29 + 67 fichiers de changements,1493,118,0,,7.3,
2026-09-29T10:52:00+00:00,ok,github,9018174,e1c58dcb12b9d0484d76db0a71d7e6f06fa02f99bd8ebd9d74c82edeb2d3b755,122447,111604,10843,1625,photo 2026-09-29 + 68 fichiers de changements,1537,118,0,,10.6,
2026-09-29T10:57:00+00:00,ok,github,9017900,5ff59e1b97ea3a28b9a2b967a8b380a970b4e43aec54479684159a4a155d71ed,122447,111604,10843,1615,photo 2026-09-29 + 69 fichiers de changements,1538,118,0,,8.7,
2026-09-29T11:02:00+00:00,ok,github,9018072,66bda8fc5a2a8ff1f5eff82f95e9252f8dcf762eefc4ab8419c6c7647a3a77f3,122447,111604,10843,1607,photo 2026-09-29 + 70 fichiers de changements,1979,118,0,,6.6,
2026-09-29T11:07:00+00:00,ok,github,9017904,b11a987cd1b3ce1b50b35e18e8811e83bc6ecd76352bbaf743e25442fa9bc5c9,122447,111604,10843,1607,photo 2026-09-29 + 71 fichiers de changements,1512,118,0,,6.8,
2026-09-29T11:12:00+00:00,ok,github,9017805,de198e65e67343c427d2a2e21ead6d6029a1d6d99e6a40e19acac827aac02ce2,122447,111604,10843,1608,photo 2026-09-29 + 72 fichiers de changements,1571,118,0,,7.2,
2026-09-29T11:17:00+00:00,ok,github,9017684,d9ac8d06d67a457ed075503b9be5056b7a1393929fca6a1eff773460475e4d76,122447,111604,10843,1605,photo 2026-09-29 + 73 fichiers de changements,1663,118,0,,7.2,
2026-09-29T11:22:00+00:00,ok,github,9017653,f34682c4e5912bf618a1f798b435ee8773225b312499a9909ca414476a00b27e,122448,111605,10843,1610,photo 2026-09-29 + 74 fichiers de changements,1408,119,0,,7.3,
2026-09-29T11:27:00+00:00,ok,github,9017465,50419209cdb98d68905810a64608a1ca39d6b5c62608b81dc736f5a3b13aa56f,122448,111605,10843,1608,photo 2026-09-29 + 75 fichiers de changements,1487,119,0,,7.3,
2026-09-29T11:32:00+00:00,ok,github,9017735,0cd86a04e64a03f9f74776c21b752b58e675e641253c94218d4c0ac95f53f21f,122451,111608,10843,1611,photo 2026-09-29 + 76 fichiers de changements,1573,122,0,,7.1,
2026-09-29T11:37:00+00:00,ok,github,9017874,2a9d71cc2eeb91014cae8c6e73af56bec0bb55cd582923d9477c0df4f21304d1,122453,111610,10843,1608,photo 2026-09-29 + 77 fichiers de changements,1473,124,0,,10.1,
2026-09-29T11:42:00+00:00,ok,github,9017965,bd484ec3180f2b6f35e319ec93812318e0feabcb4932149687f6e771c0ac9e5d,122453,111610,10843,1607,photo 2026-09-29 + 78 fichiers de changements,1564,124,0,,7.4,
2026-09-29T11:47:00+00:00,ok,github,9017796,d4ca9687d48ffdd9013311b315de076c0d5480d49c63783d6573b4609e5bdae4,122455,111612,10843,1606,photo 2026-09-29 + 79 fichiers de changements,1473,126,0,,7.2,
2026-09-29T11:52:00+00:00,ok,github,9017698,69f9d39c04f3a71142259973d9fd9a9046ae77e3fda5ab1fdd43444731e746bc,122455,111612,10843,1605,photo 2026-09-29 + 80 fichiers de changements,1347,126,0,,7.1,
2026-09-29T11:57:00+00:00,ok,github,9017602,1bbbf1bcf2bcc12fbd8e35ddd5cc3e6995c267c3efa35e5ddd52774e44769c7b,122457,111614,10843,1603,photo 2026-09-29 + 81 fichiers de changements,1288,128,0,,7.1,
2026-09-29T12:02:00+00:00,ok,github,9017612,351498da8931731a2e0f24d15c4fe87f0d21beb5caee0909be7cc0853bc58f38,122458,111615,10843,1606,photo 2026-09-29 + 82 fichiers de changements,1907,129,0,,6.4,
2026-09-29T13:59:05+00:00,ok,github,9020126,c6fe7454929f28c8fb258a6f3f0346ab4266b3acc756cbd0c16b3fb4932b5e90,122496,111653,10843,1635,photo 2026-09-29 + 83 fichiers de changements,9148,167,0,,7.1,
2026-09-29T14:02:00+00:00,ok,github,9020020,b3de15fd8571ba0a7f291600e3d1767a9f347dbd8eb437c28a34d89458d74638,122496,111653,10843,1637,photo 2026-09-29 + 84 fichiers de changements,1334,167,0,,5.9,
2026-09-29T14:07:00+00:00,ok,github,9020067,600290383c9b5f8e3b50a2ae70b5dd421c934a0b5ac54868453278070ef8423d,122496,111653,10843,1636,photo 2026-09-29 + 85 fichiers de changements,1473,167,0,,6.3,
2026-09-29T14:12:00+00:00,ok,github,9020227,d7214ff398f6fca45a5c8092714fbdba8e92d73a8753cd5e7b60a7986ea3cda6,122497,111654,10843,1635,photo 2026-09-29 + 86 fichiers de changements,1279,168,0,,6.9,
2026-09-29T14:17:00+00:00,ok,github,9020169,badce21efbe588e698e20e3e3804ea1b233bfd1eeee1b52723980f46d7d95394,122497,111654,10843,1639,photo 2026-09-29 + 87 fichiers de changements,1372,168,0,,6.4,
2026-09-29T14:22:00+00:00,ok,github,9020106,7f19c728bd38cd2c297e856e3071aa05672c31088d4c3654bfdc1a42e19d207f,122497,111654,10843,1628,photo 2026-09-29 + 88 fichiers de changements,1363,168,0,,6.5,
2026-09-29T14:27:00+00:00,ok,github,9020111,14f54e2aa7ec84d43d99b3a53b5966953a0be2086555a7c0d571bc9e15ae8b5d,122498,111655,10843,1636,photo 2026-09-29 + 89 fichiers de changements,1471,169,0,,6.8,
2026-09-29T14:32:00+00:00,ok,github,9020045,b2282be03c303a7c0414bc287620acbd13bb3eb68e59a1df5903775d0184efa3,122498,111655,10843,1635,photo 2026-09-29 + 90 fichiers de changements,1293,169,0,,7.6,
2026-09-29T14:37:00+00:00,ok,github,9020391,7358d955d1216a53e1cdea6d485155da8a020165e8dcd8617b14dbc06c8babd5,122504,111661,10843,1623,photo 2026-09-29 + 91 fichiers de changements,1367,175,0,,6.7,
2026-09-29T14:42:00+00:00,ok,github,9020634,0ca3fb60300ce15cc0c5b4069626a3946b037418ca91edb8c526c0ebfcae3944,122505,111662,10843,1623,photo 2026-09-29 + 92 fichiers de changements,1397,176,0,,6.5,
2026-09-29T14:47:00+00:00,ok,github,9020698,c36679622f57a7b9561d87f063f71b3176c1c03b273b3c6fc9c1c5441e2e67ac,122506,111663,10843,1630,photo 2026-09-29 + 93 fichiers de changements,1458,177,0,,6.6,
2026-09-29T14:52:00+00:00,ok,github,9020647,1fec6d6ef59c4284ae0b29ebe1cfb2faef346377b2f3b063ecd8c4cf6a1116b2,122506,111663,10843,1631,photo 2026-09-29 + 94 fichiers de changements,1403,177,0,,6.6,
2026-09-29T14:57:00+00:00,ok,github,9020666,6835270ae71fae286fcfabd9b0d6a7b471fbc20bfd4971723a4aa85ea40c1cfd,122507,111664,10843,1633,photo 2026-09-29 + 95 fichiers de changements,1456,178,0,,6.2,
2026-09-29T15:02:00+00:00,ok,github,9020415,fea584f641ea2b1a4b4bd9549fe50b44fe9d0a88cd47cb56c4c8c209d08a46db,122508,111665,10843,1633,photo 2026-09-29 + 96 fichiers de changements,1901,179,0,,6.6,
2026-09-29T15:07:00+00:00,ok,github,9020665,821f4c0694f7c44b97c0f9342a116237011bfc81ede6b469a8ffd9641aa79e08,122510,111667,10843,1634,photo 2026-09-29 + 97 fichiers de changements,1298,181,0,,6.4,
2026-09-29T15:12:00+00:00,ok,github,9020811,9560006f00e62c1cc22d6d6ccbf0db656c838b1bceee344920ff31e5bc3fc9d8,122510,111667,10843,1626,photo 2026-09-29 + 98 fichiers de changements,1410,181,0,,6.5,
2026-09-29T15:17:00+00:00,ok,github,9020661,f386a4cc03129f2fe2e8b0563eaae5f3507f3ac822e0e702615071835f58ff9c,122510,111667,10843,1629,photo 2026-09-29 + 99 fichiers de changements,1570,181,0,,6.9,
2026-09-29T15:22:00+00:00,ok,github,9020977,de55bec3b18a5d44fa6f6f3befc1659b9e1d8f24e8b93fa2fc30ebb983f2cbfb,122516,111673,10843,1632,photo 2026-09-29 + 100 fichiers de changements,1474,187,0,,7.0,
2026-09-29T15:27:00+00:00,ok,github,9021016,902e8820a785a0c7973f45b8f70c257fec9e652b3ce832f3eeb26beeda6a7473,122517,111674,10843,1627,photo 2026-09-29 + 101 fichiers de changements,1411,188,0,,7.1,
2026-09-29T15:32:00+00:00,ok,github,9021032,5f35afa6dde449818c1f95614d33938217c55e61b48568b058ab56fe51e19e40,122518,111675,10843,1634,photo 2026-09-29 + 102 fichiers de changements,1477,189,0,,7.1,
2026-09-29T15:37:00+00:00,ok,github,9021354,b8a3a2b05a082f38d6a03104dea6f1fc387869f20c588519271c5d7144bf3429,122520,111677,10843,1627,photo 2026-09-29 + 103 fichiers de changements,1622,191,0,,6.6,
2026-09-29T15:42:00+00:00,ok,github,9021631,b519fd72850c3f1bf953ff51a585bca759542ed80954d8b2b610df97b8d0ab80,122525,111682,10843,1632,photo 2026-09-29 + 104 fichiers de changements,1410,196,0,,8.4,
2026-09-29T15:47:00+00:00,ok,github,9021858,1e067fee146e014f83c5bf14b479ee8ff9cfbeefe2c2720b13ed3d441607e489,122527,111684,10843,1635,photo 2026-09-29 + 105 fichiers de changements,1433,198,0,,7.0,
2026-09-29T15:52:00+00:00,ok,github,9021761,0143393a601c41064b0af73b02a0e1847af61bd1c3f1a83fa8c4bf7ef8c9af4e,122528,111685,10843,1641,photo 2026-09-29 + 106 fichiers de changements,1602,199,0,,8.5,
2026-09-29T15:57:00+00:00,ok,github,9021880,3e170aad9c82251acddd934d3502f6344b8c3655a23dcd847ad43c72d0c7b127,122529,111686,10843,1636,photo 2026-09-29 + 107 fichiers de changements,1483,200,0,,7.1,
2026-09-29T16:02:00+00:00,ok,github,9021863,67c62bdc6286e6d21726d114b55fc7240c2bc08ab63832e2ba71082b34b25759,122530,111687,10843,1616,photo 2026-09-29 + 108 fichiers de changements,2070,201,0,,7.0,
2026-09-29T16:07:00+00:00,ok,github,9021933,92e7d5def3c1893aa64af58db0c83aaa2780f610c724e779b28820a8fd276281,122530,111687,10843,1618,photo 2026-09-29 + 109 fichiers de changements,1604,201,0,,7.0,
2026-09-29T16:12:00+00:00,ok,github,9022012,e876834e0b1479fe06e65ded42551312113ad9ed31a5edafc4d9911aef19b050,122533,111690,10843,1617,photo 2026-09-29 + 110 fichiers de changements,1508,204,0,,7.5,
2026-09-29T16:17:00+00:00,ok,github,9021858,95a809409d56e0078f32b5e5dcd8ef43b20a2abf36129d7b99144e7c7c0bfdd0,122533,111690,10843,1615,photo 2026-09-29 + 111 fichiers de changements,1435,204,0,,6.6,
2026-09-29T16:22:00+00:00,ok,github,9022232,cdc82b1dfd25bbf864fa05b492d292f61e491c5556a94ef790d8e628ea12b87b,122535,111692,10843,1619,photo 2026-09-29 + 112 fichiers de changements,1567,206,0,,6.9,
2026-09-29T16:27:00+00:00,ok,github,9022267,7788e267e19127001c8856d91132e0504716aa3db516c4ebb5d9250fd5618172,122535,111692,10843,1617,photo 2026-09-29 + 113 fichiers de changements,1563,206,0,,7.5,
2026-09-29T16:32:00+00:00,ok,github,9022281,d13d80f57a9760c0e722cb61b52a798de8753615139a750a678e9a8d96c7e754,122537,111694,10843,1618,photo 2026-09-29 + 114 fichiers de changements,1474,208,0,,7.3,
2026-09-29T16:37:00+00:00,ok,github,9022220,326bb631188c6a60895c70647c12063a51e3471215e89a861c57792c784dcc85,122539,111696,10843,1607,photo 2026-09-29 + 115 fichiers de changements,1457,210,0,,7.4,
2026-09-29T16:42:00+00:00,ok,github,9022302,557bc695625f89393e31987e9476703cee03752496f190c2d19c31b90942a0f0,122539,111696,10843,1613,photo 2026-09-29 + 116 fichiers de changements,1484,210,0,,7.4,
2026-09-29T16:47:00+00:00,ok,github,9022340,fd983ff1d36867914da3527d3e1967c86beb93428023429068f7d6ba1dbf5b35,122540,111697,10843,1616,photo 2026-09-29 + 117 fichiers de changements,1578,211,0,,7.2,
2026-09-29T16:52:00+00:00,ok,github,9022249,6c2bdc678c29ad77486a633dd020ebf1e545f5243e651d53fed69e2a388b27a6,122540,111697,10843,1616,photo 2026-09-29 + 118 fichiers de changements,1403,211,0,,7.1,
2026-09-29T16:57:00+00:00,ok,github,9022076,5f9ee41a2d4e683d43ce39d162c86bb7f45e0f535e7a6c49f6aa645ef201a270,122542,111699,10843,1619,photo 2026-09-29 + 119 fichiers de changements,1304,213,0,,7.2,
2026-09-29T17:02:00+00:00,ok,github,9021897,b27728de4c2dfacf2bebb1876edf6287795bb16583a2a089eb8cde14912fb745,122542,111699,10843,1599,photo 2026-09-29 + 120 fichiers de changements,1964,213,0,,6.9,
2026-09-29T17:07:00+00:00,ok,github,9021834,d339b3a9c53b9358d278460a86283ff22d303a5c4fbf85d7d576bd3dac0ac021,122542,111699,10843,1596,photo 2026-09-29 + 121 fichiers de changements,1392,213,0,,7.2,
2026-09-29T17:12:00+00:00,ok,github,9021724,4fceb47b2946d42a07433be2deaa6841b64f6e086cc4e92179c4d674db416ff4,122542,111699,10843,1594,photo 2026-09-29 + 122 fichiers de changements,1246,213,0,,7.0,
2026-09-29T17:17:00+00:00,ok,github,9021537,03cdc8d53f94d30a29a2123b8ed4fd75d97adbee56ebc41870771ad0fe68179f,122542,111699,10843,1592,photo 2026-09-29 + 123 fichiers de changements,1335,213,0,,7.5,
2026-09-29T17:22:00+00:00,ok,github,9021379,90ebcb58525b2f30a05fe4479ef1ff08a7715bc16373a0f9256da2a317fb6585,122542,111699,10843,1592,photo 2026-09-29 + 124 fichiers de changements,1258,213,0,,7.1,
2026-09-29T17:27:00+00:00,ok,github,9021537,3fb2df789ac95f12dd39dc34e06cc9530a5e036c6dd22e1d0d16d7f965b3dd66,122544,111701,10843,1598,photo 2026-09-29 + 125 fichiers de changements,1194,215,0,,7.8,
2026-09-29T17:32:00+00:00,ok,github,9021811,c02e20d6660860cc76a5b396f0c4f2bf137adf8eb4d8804622742ff859cdedd6,122544,111701,10843,1602,photo 2026-09-29 + 126 fichiers de changements,1173,215,0,,7.6,
2026-09-29T17:37:00+00:00,ok,github,9021482,45f9545a63ed44c41f13c7ce6f81568888106622429159909f7db67e728547e7,122544,111701,10843,1601,photo 2026-09-29 + 127 fichiers de changements,1223,215,0,,8.1,
2026-09-29T17:42:00+00:00,ok,github,9021625,efd3d4334c0c23bee8be7f0237d12bfd8369964dac49bebfdfc84f8bd6bb358b,122544,111701,10843,1599,photo 2026-09-29 + 128 fichiers de changements,1106,215,0,,7.4,
2026-09-29T17:47:00+00:00,ok,github,9021435,c768e052fcbe2373b7a78f68b5c01f4a13e4e471c8c7100a6497e4323199bbd6,122544,111701,10843,1598,photo 2026-09-29 + 129 fichiers de changements,1098,215,0,,8.0,
2026-09-29T17:52:00+00:00,ok,github,9021456,9b2d4bc22c1376135d906865c3f54e4eeef830dfbff049af350ef6823d5d25c7,122544,111701,10843,1605,photo 2026-09-29 + 130 fichiers de changements,962,215,0,,7.6,
2026-09-29T17:57:00+00:00,ok,github,9021740,146c74e18861f0c100f69e33e000192aad8fa8eb06d2d2ec6c68658d806f8044,122545,111701,10844,1633,photo 2026-09-29 + 131 fichiers de changements,993,215,0,,7.0,
2026-09-29T18:02:00+00:00,ok,github,9021736,0a5a86b39d45e0dbd7686ad22032cc8ace411286d337058c6c4fb0fd604e9731,122545,111701,10844,1623,photo 2026-09-29 + 132 fichiers de changements,1427,215,0,,8.6,
2026-09-29T19:16:26+00:00,ok,github,9021326,307208e3889f899b5efdc3e124c5173063a6f30d0dd40fb826027b3d51bfdf93,122550,111706,10844,1599,photo 2026-09-29 + 133 fichiers de changements,5788,220,0,,8.2,
2026-09-29T19:17:00+00:00,ok,github,9021356,24a3e01b670a0a7c206c160ae2e476606295d7fbed5338d29f3f0881de0bee3e,122550,111706,10844,1598,photo 2026-09-29 + 134 fichiers de changements,69,220,0,,7.6,
2026-09-29T19:22:00+00:00,ok,github,9021494,6249b1794472e609a7aefcd01a81fc47c95986b9e3c03133021a6b42aae3227d,122550,111706,10844,1599,photo 2026-09-29 + 135 fichiers de changements,549,220,0,,7.5,
2026-09-29T19:27:00+00:00,ok,github,9021145,740d0df6900ee78266c18ad2e563fb4e2f73cdc66f7c25c35b629a8c50874a5c,122550,111706,10844,1599,photo 2026-09-29 + 136 fichiers de changements,544,220,0,,7.0,
2026-09-29T19:32:00+00:00,ok,github,9021076,058091788a82d615b5d2d07ea08d291ae1838a819a8be2011c40fddd30a77e2e,122550,111706,10844,1601,photo 2026-09-29 + 137 fichiers de changements,648,220,0,,7.5,
2026-09-29T19:37:00+00:00,ok,github,9021086,c08982e3a7e7bcdf51986044c9010c24daa04468025755239df64ba81cb9d7ea,122550,111706,10844,1603,photo 2026-09-29 + 138 fichiers de changements,538,220,0,,7.9,
2026-09-29T19:42:00+00:00,ok,github,9020988,fccbeebbec2d25b3c1490643fed0ff3318c08c4fcf85beb5e9f044f21ec9fdf6,122550,111706,10844,1604,photo 2026-09-29 + 139 fichiers de changements,607,220,0,,8.8,
2026-09-29T19:47:00+00:00,ok,github,9020968,e1cbb62bb00e4beaa5d01e7adcf412c8a34101ffd20490911573742da7fa976c,122551,111707,10844,1604,photo 2026-09-29 + 140 fichiers de changements,504,221,0,,7.2,
2026-09-29T19:52:00+00:00,ok,github,9020967,16d31a737eb74ac0d93f8c7ade50378997b65d224ddfe2d09fedef0216a5e364,122551,111707,10844,1601,photo 2026-09-29 + 141 fichiers de changements,470,221,0,,8.1,
2026-09-29T19:57:00+00:00,ok,github,9020823,3493b7f4993654a2ef145556d566a807288f65224e8239383792405a99dbb2e1,122551,111707,10844,1597,photo 2026-09-29 + 142 fichiers de changements,464,221,0,,7.5,
2026-09-29T20:07:00+00:00,ok,github,9020789,83d40d08cfd9b4f87cf798eaf378768da73a4abb5f982463d79391c9f9568c17,122552,111708,10844,1607,photo 2026-09-29 + 143 fichiers de changements,1071,222,0,,7.9,
2026-09-29T20:22:00+00:00,ok,github,9020511,8505180389a11a0ba153f9e117573f2a2f1468d819779d9860b93068a7b11d44,122552,111708,10844,1607,photo 2026-09-29 + 144 fichiers de changements,1222,222,0,,7.4,
2026-09-29T20:37:00+00:00,ok,github,9020551,a306a3da8050b9a13729db7ce358595bc64fd86ee04de33b28ac7db04992c2d4,122553,111709,10844,1600,photo 2026-09-29 + 145 fichiers de changements,1066,223,0,,8.9,
2026-09-29T20:52:00+00:00,ok,github,9020390,5f9d37b0a3bdeb7c831ad4ad1a49756f624271f89275c8f3f649894c12e23bb7,122555,111711,10844,1603,photo 2026-09-29 + 146 fichiers de changements,1080,225,0,,9.0,
2026-09-29T21:07:00+00:00,ok,github,9022632,d86ce07a67c0994fa9cb1495196f7fa911902827f2c5fdc1cbdca6a44f587b46,122598,111754,10844,1596,photo 2026-09-29 + 147 fichiers de changements,1195,268,0,,8.0,
2026-09-29T21:22:00+00:00,ok,github,9022383,168fe70e4a90ea4fe71d82db45d25139881842144ed4f5f7f4516a819cfae124,122600,111756,10844,1590,photo 2026-09-29 + 148 fichiers de changements,855,270,0,,8.9,
2026-09-29T21:37:00+00:00,ok,github,9022458,b2cee3f51529f016f84b7b610823c86d4b2b69aa6aa75405650e9385d35a379a,122600,111756,10844,1594,photo 2026-09-29 + 149 fichiers de changements,740,270,0,,11.4,
2026-09-29T21:52:00+00:00,ok,github,9022338,64065102dc10e01b3766ebb680e7d88d81de12196ee2e96b3d8df0d87ace074b,122601,111757,10844,1589,photo 2026-09-29 + 150 fichiers de changements,652,271,0,,7.3,
2026-09-29T22:07:00+00:00,ok,github,9022627,d30649499f21c97db51a310798d6f0c45e05ae42345cad9cf18110511578e451,122602,111758,10844,1585,photo 2026-09-29 + 151 fichiers de changements,839,272,0,,8.5,
2026-09-29T22:22:00+00:00,ok,github,9022416,d32f64184bc35fc23322bd19cbc87053586aed51bf9336fd148939eec6a80ba7,122604,111760,10844,1586,photo 2026-09-29 + 152 fichiers de changements,706,274,0,,11.7,
2026-09-29T22:37:00+00:00,ok,github,9022708,be1562e0823231eedcac318720a61a765a5234dec7f19d5c0cda05519c5dc8c8,122605,111761,10844,1590,photo 2026-09-29 + 153 fichiers de changements,537,275,0,,8.0,
2026-09-29T22:52:00+00:00,ok,github,9022601,258e5ddf7aa7a1c5b84014555ad8a32c94670da962e5c03cbe77dadd8ddada61,122605,111761,10844,1591,photo 2026-09-29 + 154 fichiers de changements,472,275,0,,9.6,
2026-09-29T23:07:00+00:00,ok,github,9022503,a739173e2c4ddb7798c08e784b75faa97d6467dafda457b44ae951c7b8978e84,122605,111761,10844,1593,photo 2026-09-29 + 155 fichiers de changements,544,275,0,,8.9,
2026-09-29T23:22:00+00:00,ok,github,9022329,da4cc618f56e3115b132181bd16b00e5d144b16bb48a2ddc7ce5c89bb2f413f5,122605,111761,10844,1593,photo 2026-09-29 + 156 fichiers de changements,413,275,0,,10.0,
2026-09-29T23:37:00+00:00,ok,github,9022634,181f19b3a9837c7296862aed5f722e09898ffdc67e0d7ee084fec8d8a23eddc1,122605,111761,10844,1592,photo 2026-09-29 + 157 fichiers de changements,398,275,0,,8.7,
2026-09-29T23:52:00+00:00,ok,github,9022362,45d74a00fd8410e0050b1da83aa642dff066fcec50ac7e72532c81ae6282a576,122605,111761,10844,1594,photo 2026-09-29 + 158 fichiers de changements,402,275,0,,7.9,
2026-09-30T00:07:20+00:00,ok,github,9023941,1911ce70c650fbff71144f8d0bbc968d7f0ef17793068efbbbcc7faab42f79eb,122608,111764,10844,1594,photo 2026-09-29 + 159 fichiers de changements,1077,278,0,data/collecte/dynamique/instantanes/2026-09-30.csv.gz,7.4,
2026-09-30T00:22:00+00:00,ok,github,9024903,12c14a4f5bf774741eb4dd20d7ab2895324b6cbc58174067a55ebacb8df99a46,122608,111764,10844,1593,photo 2026-09-30 + 1 fichiers de changements,2131,0,0,,3.9,
2026-09-30T00:37:00+00:00,ok,github,9023782,a9be1578996bf3f95bb3e0b6be637752d40fbba36f380c4d2638ec51504c31dd,122608,111764,10844,1595,photo 2026-09-30 + 2 fichiers de changements,2074,0,0,,4.3,
2026-09-30T00:52:00+00:00,ok,github,9022671,34656351e76956a1fe1805f62d4f6f9eb9d4c861b2c7dffdfc3f59b5e9baf63e,122608,111764,10844,1594,photo 2026-09-30 + 3 fichiers de changements,957,0,0,,4.2,
2026-09-30T01:07:00+00:00,ok,github,9022890,b766f0ea64850272a3a69e3d0adf883ebd41f9eb657d64d021e3363fa088afa6,122606,111762,10844,1603,photo 2026-09-30 + 4 fichiers de changements,493,0,2,,3.9,
2026-09-30T01:22:00+00:00,ok,github,9022573,60e65e5a5e041d13d0c887a4c6884dfb408ba09e030a4d8ac728dfc9da8a78ee,122606,111762,10844,1603,photo 2026-09-30 + 5 fichiers de changements,386,0,2,,4.0,
2026-09-30T01:37:00+00:00,ok,github,9022634,c8b90b0a0455b1d4703cc91808f7a471ab71d0f56c5f4dec84828aa684ccc128,122606,111762,10844,1603,photo 2026-09-30 + 6 fichiers de changements,260,0,2,,4.0,
2026-09-30T01:52:00+00:00,ok,github,9022519,c2982d5ea7206cae1c0fe41504a3d6f5dacab40f7763d1e5e3ba5247f55afe60,122606,111762,10844,1601,photo 2026-09-30 + 7 fichiers de changements,366,0,2,,4.1,
2026-09-30T02:07:00+00:00,ok,github,9022383,716c435d92541efe103929351e49f0bd6e4281547efcca99111c62c095a5d058,122606,111762,10844,1600,photo 2026-09-30 + 8 fichiers de changements,383,0,2,,4.1,
2026-09-30T02:22:00+00:00,ok,github,9022305,50e87dd87a080393d2eff68dee4ecfd421845b5e851b3d8f99d264c09834c477,122606,111762,10844,1599,photo 2026-09-30 + 9 fichiers de changements,354,0,2,,4.1,
2026-09-30T02:37:00+00:00,ok,github,9022172,0abd77f7082dbdad98e617ba9a76902df6f8ccb713f8bd6ebee67d814aab0962,122606,111762,10844,1602,photo 2026-09-30 + 10 fichiers de changements,282,0,2,,4.3,
2026-09-30T02:52:00+00:00,ok,github,9022299,999f8af1c35214428ede45d0e81fcfdeb984b629ea59d780338624f6ba80ddd8,122606,111762,10844,1603,photo 2026-09-30 + 11 fichiers de changements,274,0,2,,4.1,
2026-09-30T03:07:00+00:00,ok,github,9022535,de02428bc157c0090f77169480af61a3afda8911fe6d5a90587832255caca4b0,122606,111762,10844,1606,photo 2026-09-30 + 12 fichiers de changements,457,0,2,,4.1,
2026-09-30T03:22:00+00:00,ok,github,9022485,c422c2b486fa11b1956d3ee48f6e9c0310ac493674407eee296681582e65423a,122608,111764,10844,1604,photo 2026-09-30 + 13 fichiers de changements,429,2,2,,4.0,
2026-09-30T03:37:00+00:00,ok,github,9022749,285cd1e47d03bfd9d9916afee0eeae2b50e03d68e35cadac088d1223e17c3508,122608,111764,10844,1603,photo 2026-09-30 + 14 fichiers de changements,703,2,2,,4.0,
2026-09-30T03:52:00+00:00,ok,github,9022764,04f877db5ba59ffb1068d55c66ed774b93b1202cdf82e3ace6dd40c4b69d9ce0,122608,111764,10844,1606,photo 2026-09-30 + 15 fichiers de changements,589,2,2,,4.2,
2026-09-30T04:07:00+00:00,ok,github,9022867,35fe956e14f349a0cf5ee60dfe2815ccad44b06251cb3ca97708053504e946d9,122608,111764,10844,1610,photo 2026-09-30 + 16 fichiers de changements,750,2,2,,3.8,
2026-09-30T04:22:00+00:00,ok,github,9023316,718f8a66d2c0a618051fde984327b06130d8ef05c383cf3c16f68d8f127a1da0,122608,111764,10844,1602,photo 2026-09-30 + 17 fichiers de changements,848,2,2,,4.1,
2026-09-30T04:37:00+00:00,ok,github,9023454,fb2581980c109f32e96d517856c9b2f50da2e16a2ada4b218ab52a0aadc9a5fc,122608,111764,10844,1610,photo 2026-09-30 + 18 fichiers de changements,1002,2,2,,4.4,
2026-09-30T04:52:00+00:00,ok,github,9023496,eedda2f267cf1f1f0b59e49db018fb53ecd9e8639f4cb3af40404ab68e5e591a,122608,111764,10844,1611,photo 2026-09-30 + 19 fichiers de changements,1051,2,2,,4.1,
2026-09-30T05:07:00+00:00,ok,github,9023872,97ee57aea089f089c6496d1783540bdd64a6218e7ec3442a03528c46c2f998c8,122608,111764,10844,1607,photo 2026-09-30 + 20 fichiers de changements,1408,2,2,,4.2,
2026-09-30T05:22:00+00:00,ok,github,9023876,ddfc1bdcaebed49ae2dfd3ee92a3ed518e587c0247556499b3f15a0b00f42d23,122608,111764,10844,1608,photo 2026-09-30 + 21 fichiers de changements,1404,2,2,,4.5,
2026-09-30T05:37:00+00:00,ok,github,9022697,1a48c958e3263e2733ab6c7694002ddfa545e2516ab24100c3e77908fc435ea8,122591,111758,10833,1606,photo 2026-09-30 + 22 fichiers de changements,1611,3,9,,4.1,
2026-09-30T05:52:00+00:00,ok,github,9022629,0dc70587f9a55fe8625ca1458021809f189b086792bf732fbc623bbf5004f42f,122591,111758,10833,1608,photo 2026-09-30 + 23 fichiers de changements,1897,3,9,,4.7,
2026-09-30T06:02:00+00:00,ok,github,9023206,0145b7ff4aa97ea56ba7325f700f0c506801cf4a31921603e7f94544bc92ad90,122591,111758,10833,1619,photo 2026-09-30 + 24 fichiers de changements,1919,3,9,,4.4,
2026-09-30T06:02:38+00:00,ok,github,9023178,1f67d6cd86e9957dbbfd7970d9e84e0cb2b99a01c4fc0adc80f80dcc41b45d62,122591,111758,10833,1620,photo 2026-09-30 + 25 fichiers de changements,162,3,9,,5.3,
2026-09-30T08:21:41+00:00,ok,github,9027850,8a26057990818e948d07e08f06b185541cd018b982f4ce8722dd1bc7a637be32,122607,111774,10833,1678,photo 2026-09-30 + 26 fichiers de changements,9687,18,8,,4.6,
2026-09-30T08:22:00+00:00,ok,github,9027850,8a26057990818e948d07e08f06b185541cd018b982f4ce8722dd1bc7a637be32,122607,111774,10833,1678,photo 2026-09-30 + 27 fichiers de changements,0,18,8,,4.2,
2026-09-30T08:27:00+00:00,ok,github,9028199,082ea6ab7459b27a11ccfb6f84fd119070fbbe51a0c8f0131f2590c7719a9175,122607,111774,10833,1691,photo 2026-09-30 + 27 fichiers de changements,1055,18,8,,4.1,
2026-09-30T08:32:00+00:00,ok,github,9028192,e8937e11fc893c2e282709d3e74334f398087689d98ed8d8f35f834e061805ad,122607,111774,10833,1686,photo 2026-09-30 + 28 fichiers de changements,1181,18,8,,3.9,
2026-09-30T08:37:00+00:00,ok,github,9028174,54419ff6059c7a26ddc294cd2c60e14f07c9c5a08c8508b3b93167dbd4629470,122607,111774,10833,1690,photo 2026-09-30 + 29 fichiers de changements,1161,18,8,,4.3,
2026-09-30T08:42:00+00:00,ok,github,9028086,cdc0e956368b3ee19ffed04535004e37af3e15827ab2660fad76b307d8c8dc1f,122607,111774,10833,1693,photo 2026-09-30 + 30 fichiers de changements,1153,18,8,,5.1,
2026-09-30T08:47:00+00:00,ok,github,9028141,2a22fe285905955f1a4fbf34f27521c48cebfea4a22f932cdca85461ef5c59cf,122608,111775,10833,1697,photo 2026-09-30 + 31 fichiers de changements,1144,19,8,,4.0,
2026-09-30T08:52:00+00:00,ok,github,9028087,2f082b26e18c4e007c2559bb91843808e9b8782125aa47df106d914727a38839,122608,111775,10833,1695,photo 2026-09-30 + 32 fichiers de changements,1148,19,8,,4.3,
2026-09-30T08:57:00+00:00,ok,github,9028048,d5d8f9a9eaf75ba0d18249416245e6abd79f48289c18284ba356089402059164,122608,111775,10833,1688,photo 2026-09-30 + 33 fichiers de changements,1053,19,8,,4.5,
2026-09-30T09:02:00+00:00,ok,github,9028156,ebe59929b3a05b016d02a3981d948aabd8504aa607d343424deb23b3763c423a,122608,111775,10833,1660,photo 2026-09-30 + 34 fichiers de changements,1578,19,8,,4.2,
2026-09-30T09:07:00+00:00,ok,github,9028234,3b4a6ebdd502bf04a406d9a8da14fde2b557d7711fe99a65560e767cd9466bc1,122610,111777,10833,1651,photo 2026-09-30 + 35 fichiers de changements,1289,21,8,,4.7,
2026-09-30T09:12:00+00:00,ok,github,9028262,7bfda8194ceacc4336ba1cec94d910a1d2d7cef8ded27055f82ece8c23764f95,122610,111777,10833,1660,photo 2026-09-30 + 36 fichiers de changements,1342,21,8,,4.2,
2026-09-30T09:17:00+00:00,ok,github,9028284,6bc47e14d78d504a2b17b50086e28763a713960447e7a97e412ff0cefe3c27fc,122611,111778,10833,1660,photo 2026-09-30 + 37 fichiers de changements,1119,22,8,,4.7,
2026-09-30T09:22:00+00:00,ok,github,9028283,8d39eb0c191f2f2ba308f581512303d597858fc67ebb578bb9ea0772c295b700,122612,111779,10833,1662,photo 2026-09-30 + 38 fichiers de changements,1223,23,8,,4.3,
2026-09-30T09:27:00+00:00,ok,github,9028241,c3a13ef393e9fb809f02367e63dad890750414d60fcd4aae45efc67334877879,122612,111779,10833,1663,photo 2026-09-30 + 39 fichiers de changements,1257,23,8,,5.0,
2026-09-30T09:32:00+00:00,ok,github,9028419,fb9c9e0cd514a3138a5e4ae4fefc1acbfb4e17a8761baad032c74ba9938ddf8c,122613,111780,10833,1668,photo 2026-09-30 + 40 fichiers de changements,1300,24,8,,4.2,
2026-09-30T09:37:00+00:00,ok,github,9028067,0f4dda8c9d51f8f83df6b77e71b46db2a482307c8e674c7159d7d3161d055972,122613,111780,10833,1661,photo 2026-09-30 + 41 fichiers de changements,1198,24,8,,4.6,
2026-09-30T09:42:00+00:00,ok,github,9027896,1f428f760f5ebcb57dd79dd8a2984c397f9e440c0ee292eb9cfe70efcccaed18,122613,111780,10833,1655,photo 2026-09-30 + 42 fichiers de changements,1387,24,8,,4.9,
2026-09-30T09:47:00+00:00,ok,github,9027693,eeb23df3463f34d9f9a213e8684438f86e551ffbc2c7e4e506550df8dd1a4d31,122613,111780,10833,1668,photo 2026-09-30 + 43 fichiers de changements,1346,24,8,,4.4,
2026-09-30T09:52:00+00:00,ok,github,9027880,d9f0cf2c7a9eafa3424d2db030c1f5499132dd2740d96e16fb16d1af5aee9791,122614,111781,10833,1663,photo 2026-09-30 + 44 fichiers de changements,1323,25,8,,4.4,
2026-09-30T09:57:00+00:00,ok,github,9027657,fbea7d9dd1cbeb1f2669b88acbb065ae18a3d3c029e423a02209a3f367d81587,122614,111781,10833,1663,photo 2026-09-30 + 45 fichiers de changements,1245,25,8,,4.4,
2026-09-30T10:02:00+00:00,ok,github,9027680,1b46587dc90167a2f1dd626d0ee7604bf30a377f1dc3b54feb0531a22ea37f56,122615,111782,10833,1659,photo 2026-09-30 + 46 fichiers de changements,1627,26,8,,4.7,
2026-09-30T10:07:00+00:00,ok,github,9027693,a85a469de96a7086f505dfcf55a5183976d2efd81d53c6b03986c3134cee7889,122616,111783,10833,1658,photo 2026-09-30 + 47 fichiers de changements,1638,27,8,,4.9,
2026-09-30T10:12:00+00:00,ok,github,9028151,f6116d9aed8925dbee8d881b87763fac4cba5edad5bb99a0a4e5a839f51bc82f,122616,111783,10833,1663,photo 2026-09-30 + 48 fichiers de changements,1546,27,8,,4.6,
2026-09-30T10:17:00+00:00,ok,github,9028312,462bf801f08893f3498233daf971e9fe44b8418c16fef2a6f72456299c126c64,122617,111784,10833,1663,photo 2026-09-30 + 49 fichiers de changements,1506,28,8,,4.7,
2026-09-30T10:22:00+00:00,ok,github,9028383,116f1c5ed018e24b72783bd9c844b326c689bebe3d5de7298203cedaf6bc5c9e,122618,111785,10833,1666,photo 2026-09-30 + 50 fichiers de changements,1604,29,8,,4.7,
2026-09-30T10:27:00+00:00,ok,github,9028569,ac0feb40d2e5dc29811783b17675cdaf4ef9bc1b7ffbe451848584e8d7c47fe2,122619,111786,10833,1671,photo 2026-09-30 + 51 fichiers de changements,1557,30,8,,5.0,
2026-09-30T10:32:00+00:00,ok,github,9028733,f44bcb897735c8fe2a6678dc8f8ddb5501a438b2f2813e7bde11ca03c356f147,122620,111787,10833,1671,photo 2026-09-30 + 52 fichiers de changements,1419,31,8,,4.5,
2026-09-30T10:37:00+00:00,ok,github,9028856,96711f70ed456d1ea2ec4b67c76bca729ba2775551c384123c7bef092dd7b15d,122620,111787,10833,1676,photo 2026-09-30 + 53 fichiers de changements,1387,31,8,,5.0,
2026-09-30T10:42:00+00:00,ok,github,9029009,c0126ac3528202706a9b4f817bdc6eb0d8280fa9a0c8af7031fb073117bfabca,122621,111788,10833,1675,photo 2026-09-30 + 54 fichiers de changements,1480,32,8,,4.7,
2026-09-30T10:47:00+00:00,ok,github,9029009,3506fa072a83b9a98a9fddbc06d8efaabb4ac90a8b636854a3389cd48cb66102,122622,111789,10833,1672,photo 2026-09-30 + 55 fichiers de changements,1654,33,8,,4.6,
2026-09-30T10:52:00+00:00,ok,github,9029201,dfc29017a5c387b8d9330bd1d760e349adc821eac11ddeb916ff8602eda9dfd2,122622,111789,10833,1673,photo 2026-09-30 + 56 fichiers de changements,1463,33,8,,4.8,
2026-09-30T10:57:00+00:00,ok,github,9029446,ce7b27c58e8bee508583244c3a484ab3cf8316103de0da8744fc250c150bc50c,122624,111791,10833,1673,photo 2026-09-30 + 57 fichiers de changements,1330,35,8,,4.5,
2026-09-30T11:02:00+00:00,ok,github,9029458,f674f50750cd3e5cf43f80e57ce0604f5af1eb5d3008920b8d5db2237fab3133,122624,111791,10833,1656,photo 2026-09-30 + 58 fichiers de changements,1952,35,8,,5.9,
2026-09-30T11:07:00+00:00,ok,github,9029523,95abf9175e44cdedfdcf3074c67ce79bd78a9606874c322f1d332fdfbdb56744,122626,111793,10833,1652,photo 2026-09-30 + 59 fichiers de changements,1523,37,8,,5.5,
2026-09-30T11:12:00+00:00,ok,github,9029303,7d7d8e05e742330e9d2132df67b2a1bb3757c4f69471a7c3930525d4a758f045,122626,111793,10833,1653,photo 2026-09-30 + 60 fichiers de changements,1320,37,8,,4.9,
2026-09-30T11:17:00+00:00,ok,github,9029146,0934ffe5bb701188d486006884f1ef4efa3b65a6290e2761ad236a31572fd73d,122626,111793,10833,1657,photo 2026-09-30 + 61 fichiers de changements,1341,37,8,,5.8,
2026-09-30T11:22:00+00:00,ok,github,9029059,89e0efe1e7e617f7b0516a38751aaa00701a24fbfe05eb8eb2d902d8245e82ba,122626,111793,10833,1654,photo 2026-09-30 + 62 fichiers de changements,1579,37,8,,6.5,
2026-09-30T11:27:00+00:00,ok,github,9029103,e5156716c70d66ee50b50fa4975ad207a35f8f555df8010012f25bdbb3173318,122629,111796,10833,1651,photo 2026-09-30 + 63 fichiers de changements,1544,40,8,,5.3,
2026-09-30T11:32:00+00:00,ok,github,9028954,5c4a5656867eaeb9617a391c68bb16a5068d9eb8b3ce5ed425929b5330848df1,122629,111796,10833,1654,photo 2026-09-30 + 64 fichiers de changements,1303,40,8,,5.2,
2026-09-30T11:37:00+00:00,ok,github,9028932,ede804cfc3bf9f69a4c1976273e9a64a25fca26022733130e5881ae77f7a7135,122629,111796,10833,1660,photo 2026-09-30 + 65 fichiers de changements,1302,40,8,,5.1,
2026-09-30T11:42:00+00:00,ok,github,9029115,97f1fd5fc8aef5c92f7dc40a076d154967ad927865007c2fa611db5b4d5be268,122629,111796,10833,1656,photo 2026-09-30 + 66 fichiers de changements,1409,40,8,,5.4,
2026-09-30T11:47:00+00:00,ok,github,9029442,def41d01ad9d39b7f649d054a62e5a11f02621cdf6ac3e34e82c55d9929b1f08,122629,111796,10833,1650,photo 2026-09-30 + 67 fichiers de changements,1501,40,8,,5.4,
2026-09-30T11:52:00+00:00,ok,github,9028933,0e0aa2d554886bfdaa79c4077827aaaed7a93c2db85218008f7f953f86213b2b,122630,111797,10833,1650,photo 2026-09-30 + 68 fichiers de changements,1329,41,8,,5.1,
2026-09-30T11:57:00+00:00,ok,github,9028874,bc634d673dac9588b7fc0d3a7142a5bbaf0fdde5ab482b347260d55fba103f22,122631,111798,10833,1642,photo 2026-09-30 + 69 fichiers de changements,1334,42,8,,4.7,
2026-09-30T12:02:00+00:00,ok,github,9029069,ad1c5a820f16030489848f8a8a8a52f96429674483e2a1ccf7753b6ecd83232d,122631,111798,10833,1640,photo 2026-09-30 + 70 fichiers de changements,1846,42,8,,5.6,
2026-09-30T15:01:33+00:00,ok,github,9029317,3e4790ad645b7cd75353447b7394f8eb995baf71d4d177141b5fa4757273f20b,122646,111813,10833,1645,photo 2026-09-30 + 71 fichiers de changements,10734,57,8,,6.6,
2026-09-30T15:02:00+00:00,ok,github,9029389,a3cf96db3e6894ff00403d93a9623b2808220c2b02ca55bf84cba2671474c9e3,122646,111813,10833,1645,photo 2026-09-30 + 72 fichiers de changements,243,57,8,,6.2,
2026-09-30T15:07:00+00:00,ok,github,9029398,d94ee7e12e5ff044e38b1b00491271edd0dcf035dffaff8e7587c46a417edcd4,122646,111813,10833,1652,photo 2026-09-30 + 73 fichiers de changements,1450,57,8,,6.7,
2026-09-30T15:12:00+00:00,ok,github,9029583,4f9dea5b1964c29516cc1bf2e34bcf3979ed251804ef14684889f6464238905c,122648,111815,10833,1649,photo 2026-09-30 + 74 fichiers de changements,1511,59,8,,6.2,
2026-09-30T15:17:00+00:00,ok,github,9029622,c62c7403b8df3a897da8f2af4ed348d813c930e0dad507162f4fa51e6e091b28,122649,111816,10833,1649,photo 2026-09-30 + 75 fichiers de changements,1372,60,8,,6.0,
2026-09-30T15:22:00+00:00,ok,github,9029634,8b7e1b2a8864a8ca0ce6baad99a4ae806a8d31aeb8de0c0d8ec276b750967976,122649,111816,10833,1660,photo 2026-09-30 + 76 fichiers de changements,1489,60,8,,7.2,
2026-09-30T15:27:00+00:00,ok,github,9029407,1498a21eb68070fb4df930cbffb907c751b0d8f785db09feb1fd93e277ca1f62,122649,111816,10833,1656,photo 2026-09-30 + 77 fichiers de changements,1631,60,8,,6.5,
2026-09-30T15:32:00+00:00,ok,github,9029463,01500b685713e8cd0873b58548642fda8d3973c218d306edfd70d71e85b958db,122649,111816,10833,1656,photo 2026-09-30 + 78 fichiers de changements,1357,60,8,,5.8,
2026-09-30T15:37:00+00:00,ok,github,9029577,d5ea24ea24618c7393558beadc1813bca56957a8a41846bcf53c337422f2ef6d,122649,111816,10833,1651,photo 2026-09-30 + 79 fichiers de changements,1479,60,8,,7.0,
2026-09-30T15:42:00+00:00,ok,github,9029626,e7b7d63043b3e29ccca0fd1380d3261822c9647460f2109d20f3044d50666451,122650,111817,10833,1647,photo 2026-09-30 + 80 fichiers de changements,1600,61,8,,6.4,
2026-09-30T15:47:00+00:00,ok,github,9029781,e87d6a16c92ef48271c1b8c468baef01b2ac4256be8a3d70c9420c31a8915475,122650,111817,10833,1646,photo 2026-09-30 + 81 fichiers de changements,1446,61,8,,6.8,
2026-09-30T15:52:00+00:00,ok,github,9029951,ec927d881005ec29ce450a11c912135a3e5ebeceb98904667925eaa17409fbba,122650,111817,10833,1647,photo 2026-09-30 + 82 fichiers de changements,1574,61,8,,7.1,
2026-09-30T15:57:00+00:00,ok,github,9029835,6e3fd98b679ba9275d1ddaba73f7398cf8496d5944d8db7559637905a75d107d,122651,111818,10833,1650,photo 2026-09-30 + 83 fichiers de changements,1488,62,8,,6.7,
2026-09-30T16:02:00+00:00,ok,github,9029710,3e4d577f4c0cdf7e82c7af0787d6c00bcb8d13e3199fd5fb2b5e30ccce96d4ea,122651,111818,10833,1634,photo 2026-09-30 + 84 fichiers de changements,2042,62,8,,6.8,
2026-09-30T16:07:00+00:00,ok,github,9029936,1d25267444c3e4fc8595ce4b99a96e0b3508ff0ef230b24e8bff91c189ae5ce8,122654,111821,10833,1631,photo 2026-09-30 + 85 fichiers de changements,1588,65,8,,6.1,
2026-09-30T16:12:00+00:00,ok,github,9029874,2e4debfacffe244fc33b071d2249a2429147228dfb675f8d788cec9d776053d8,122654,111821,10833,1634,photo 2026-09-30 + 86 fichiers de changements,1605,65,8,,6.3,
2026-09-30T16:17:00+00:00,ok,github,9030116,073ec9391ff96fea0eeac2e0dc686ea8ae0393e38afbefa2ebfb0356b7ad80b3,122654,111821,10833,1633,photo 2026-09-30 + 87 fichiers de changements,1619,65,8,,6.6,
2026-09-30T16:22:00+00:00,ok,github,9029923,e047a301940b8d65c48d0555a8bdbf0f686be9c41be7f14ee994b50e745ca8ff,122655,111822,10833,1631,photo 2026-09-30 + 88 fichiers de changements,1463,66,8,,6.7,
2026-09-30T16:27:00+00:00,ok,github,9029855,3b23c72ef350b35da58bda886e94d06965ed70f71ee6fd5eb6277c70b6acf11b,122655,111822,10833,1628,photo 2026-09-30 + 89 fichiers de changements,1418,66,8,,6.4,
2026-09-30T16:32:00+00:00,ok,github,9029770,327fa448cc42588f87535a67442da3ee0e528149dcca840936a274f7c31925a1,122655,111822,10833,1625,photo 2026-09-30 + 90 fichiers de changements,1566,66,8,,6.9,
2026-09-30T16:37:00+00:00,ok,github,9029883,b1669d05b48b65f0e933220d766097e0f088b741c9f30568cb89c923637a8372,122656,111823,10833,1625,photo 2026-09-30 + 91 fichiers de changements,1516,67,8,,6.3,
2026-09-30T16:42:00+00:00,ok,github,9030072,d4ac2b737b61383e061f81ef9d23aa60999dd6d54b53d5de543b98cdddb8f480,122657,111824,10833,1623,photo 2026-09-30 + 92 fichiers de changements,1403,68,8,,6.5,
2026-09-30T16:47:00+00:00,ok,github,9029951,adcfb1fa233ccf89d138f3c6d256b07fdea2f922819a177480fc9e5c4d4b31de,122657,111824,10833,1614,photo 2026-09-30 + 93 fichiers de changements,1402,68,8,,6.0,
2026-09-30T16:52:00+00:00,ok,github,9029899,56cd38ffe872274406da757b7f2fbef3482da3d6c0a356fd3cd1957b104a9a4b,122657,111824,10833,1614,photo 2026-09-30 + 94 fichiers de changements,1561,68,8,,7.5,
2026-09-30T16:57:00+00:00,ok,github,9029882,8cbbe880dd831f33dd5b93eb08e07e64973f1908d06199f3d1c5445288d85863,122658,111825,10833,1617,photo 2026-09-30 + 95 fichiers de changements,1443,69,8,,6.9,
2026-09-30T17:02:00+00:00,ok,github,9029775,99159b79423bc6fce7f52ca17f139a56295937cefd58e2c5f157f2332744a49d,122658,111825,10833,1609,photo 2026-09-30 + 96 fichiers de changements,1897,69,8,,6.4,
2026-09-30T17:07:00+00:00,ok,github,9029569,ee39435bf21d9a9cb07c95444e46653b480fc74746388dea9f3977ccd39097b5,122658,111825,10833,1612,photo 2026-09-30 + 97 fichiers de changements,1408,69,8,,6.7,
2026-09-30T17:12:00+00:00,ok,github,9029377,b48d0a6208f9a16f8b9cc27f49a814909379737be060f477107d04fc7d9144d3,122658,111825,10833,1610,photo 2026-09-30 + 98 fichiers de changements,1424,69,8,,6.9,
2026-09-30T17:17:00+00:00,ok,github,9029252,e5517d6d27d275646897be472062c2aa2f46f60ffa842f34c846fc83353b0b20,122658,111825,10833,1610,photo 2026-09-30 + 99 fichiers de changements,1397,69,8,,6.3,
2026-09-30T17:22:00+00:00,ok,github,9029130,8cd5ff50fc59de82475b158c55232c793cd81c414710b5420f83d24b383a2b1c,122658,111825,10833,1609,photo 2026-09-30 + 100 fichiers de changements,1243,69,8,,6.2,
2026-09-30T17:27:00+00:00,ok,github,9029137,b15cec0f8f17fd322a6e83d7c8b17482844f151e72a42e82e00a7480f8bf022b,122660,111827,10833,1615,photo 2026-09-30 + 101 fichiers de changements,1116,71,8,,6.2,
2026-09-30T17:32:00+00:00,ok,github,9029242,52adb025ccb7c5a6cfe19f2417a5db1fbeb52a5e5e738d216ce78b76a5f6c7a3,122660,111827,10833,1620,photo 2026-09-30 + 102 fichiers de changements,1189,71,8,,7.1,
2026-09-30T17:37:00+00:00,ok,github,9029227,063708449787cec4da1604631ae9f17a563e9d35ded3a7e965ac9ffc78971f5f,122660,111827,10833,1618,photo 2026-09-30 + 103 fichiers de changements,1345,71,8,,7.0,
2026-09-30T17:42:00+00:00,ok,github,9029122,fba2f1d7efe035ac899655e8023688ee3e5c6523f593c935be079c5825d4a9f2,122660,111827,10833,1619,photo 2026-09-30 + 104 fichiers de changements,1060,71,8,,7.3,
2026-09-30T17:47:00+00:00,ok,github,9028937,c39dc043b06c0a915e515bd1f557bfc847b996decfade2703a421ea6155c99bc,122660,111827,10833,1622,photo 2026-09-30 + 105 fichiers de changements,1047,71,8,,6.7,
2026-09-30T17:52:00+00:00,ok,github,9029024,3844bb247225802ec7c6a1131dfb0ee82720115072d6a05e68d13e7968dcbfa3,122660,111827,10833,1622,photo 2026-09-30 + 106 fichiers de changements,1072,71,8,,7.5,
2026-09-30T17:57:00+00:00,ok,github,9028859,223c82a3d67674b0b628572346cd2eed1a8df1466e01d83e73fba71def8a421e,122660,111827,10833,1606,photo 2026-09-30 + 107 fichiers de changements,1083,71,8,,8.3,
2026-09-30T18:02:00+00:00,ok,github,9029056,41d3dd3dc83110715d0cf6c1b884ecb68dbae7a6a4d21c33a20598685c4c4a95,122660,111827,10833,1609,photo 2026-09-30 + 108 fichiers de changements,1304,71,8,,7.8,
2026-09-30T19:56:29+00:00,ok,github,9028056,4a2b9295ed89ea3f4246b1258af1b60508f276f939a4fe8a81373f8163fb3b21,122662,111829,10833,1613,photo 2026-09-30 + 109 fichiers de changements,6135,73,8,,6.1,
2026-09-30T19:57:00+00:00,ok,github,9028099,f6107fed6471a28f5d1765ed6df6dd2eef5ee270603b40c0d6e4d2561e70ac2b,122662,111829,10833,1614,photo 2026-09-30 + 110 fichiers de changements,58,73,8,,5.8,
2026-09-30T20:07:00+00:00,ok,github,9027856,3987f564d9ff29965c88efc1242fe415d6eab96a7bbbe8db597ff83fd45cc53d,122662,111829,10833,1616,photo 2026-09-30 + 111 fichiers de changements,1204,73,8,,6.1,
2026-09-30T20:22:00+00:00,ok,github,9027637,29df32522d4528f86f9f968a68242f03c9b55e49ee8c7d848b1af672407491df,122662,111829,10833,1616,photo 2026-09-30 + 112 fichiers de changements,1270,73,8,,6.0,
2026-09-30T20:37:00+00:00,ok,github,9027407,a5adf86de28e49be87171c5857a1fc45424dd882e0a0178adf00b6bc5765f180,122662,111829,10833,1618,photo 2026-09-30 + 113 fichiers de changements,1075,73,8,,6.3,
2026-09-30T20:52:00+00:00,ok,github,9027183,528a5710d5626461827783a47e17b9a3a5ad1ab8a8f17db56de0af0a0bc5e360,122662,111829,10833,1617,photo 2026-09-30 + 114 fichiers de changements,1026,73,8,,6.1,
2026-09-30T21:07:00+00:00,ok,github,9026962,9a7310a91792358968cba7abe9ef7ad02f20df58e669f50ad7a70d408a89e336,122663,111830,10833,1617,photo 2026-09-30 + 115 fichiers de changements,1237,74,8,,6.7,
2026-09-30T21:22:00+00:00,ok,github,9027174,2fc348b012dbc356d361a7425b226ea559b07e3aee7d052b7d7d38b71c30c4c3,122663,111830,10833,1617,photo 2026-09-30 + 116 fichiers de changements,945,74,8,,6.8,
2026-09-30T21:37:00+00:00,ok,github,9026855,436439507d191836f3bd21a759c6f3ea0c9df6221837a80bda94d86c292fea1c,122663,111830,10833,1614,photo 2026-09-30 + 117 fichiers de changements,811,74,8,,6.1,
2026-09-30T21:52:00+00:00,ok,github,9027055,8e4e3277249e84f4be379a8cc07666fe0d5c4a598b71f8be4ead6aba60f321b2,122665,111832,10833,1631,photo 2026-09-30 + 118 fichiers de changements,698,76,8,,6.6,
2026-09-30T22:07:00+00:00,ok,github,9027900,322db2a6f5ee15768f007e48ba65ea84edd5421746b239966da14162551ad98c,122665,111832,10833,1671,photo 2026-09-30 + 119 fichiers de changements,1147,76,8,,6.9,
2026-09-30T22:22:00+00:00,ok,github,9028835,c07cca7d2cb17e0117c2e67a8df9241579eec3af9edd8cb4bb3fed7e9fd02edc,122671,111838,10833,1669,photo 2026-09-30 + 120 fichiers de changements,1136,82,8,,7.6,
2026-09-30T22:37:00+00:00,ok,github,9028179,ef4df940d3d5813ac00b937d14d4abd83c38d012ed2f0f3997bfdb648a494d2c,122671,111838,10833,1628,photo 2026-09-30 + 121 fichiers de changements,890,82,8,,6.2,
2026-09-30T22:52:00+00:00,ok,github,9028275,933c59a3e765cd28991efc45cdc741d016bff9cb964b48c0574fac739edb7b24,122671,111838,10833,1626,photo 2026-09-30 + 122 fichiers de changements,628,82,8,,6.4,
2026-09-30T23:07:00+00:00,ok,github,9027825,567f2a7d55d328f2f0b6388c36c83065a40774220c3a745c8c8cd9a5d33c1f24,122671,111838,10833,1624,photo 2026-09-30 + 123 fichiers de changements,747,82,8,,8.8,
2026-09-30T23:22:00+00:00,ok,github,9027502,d0273c1975d49d54598942911492131754eb3a61a7ba0661fe2b76fd118e3cd0,122671,111838,10833,1630,photo 2026-09-30 + 124 fichiers de changements,520,82,8,,7.0,
2026-09-30T23:37:00+00:00,ok,github,9027416,d4e224ff3606b2f8e78f5eaa8f6abb79a72e21487e266cdbce53375f3f2323a9,122671,111838,10833,1632,photo 2026-09-30 + 125 fichiers de changements,417,82,8,,7.5,
2026-09-30T23:52:00+00:00,ok,github,9027484,add1d8a4515b083b9d0fd75b92300305d9cd5b0f6b1909f9e829b5cbdf76c8b5,122671,111838,10833,1631,photo 2026-09-30 + 126 fichiers de changements,412,82,8,,7.9,
2026-10-01T00:07:19+00:00,ok,github,9024931,7490a86cce8974ebcb49dd09151ce4affe3e5af076d705f0756ba82e8ac7d349,122626,111793,10833,1636,photo 2026-09-30 + 127 fichiers de changements,709,84,55,data/collecte/dynamique/instantanes/2026-10-01.csv.gz,8.7,
2026-10-01T00:22:00+00:00,ok,github,9025221,dad9fee2900bb921c8b6916ae81482f230ec2b909001f2b8e29952209362e5e1,122626,111793,10833,1633,photo 2026-10-01 + 1 fichiers de changements,840,0,0,,4.8,
2026-10-01T00:37:00+00:00,ok,github,9024659,f14414cc79b9d7076ec1d55c9c6bdce0d5eaf84d7869c094861adde7e1e4da2d,122626,111793,10833,1635,photo 2026-10-01 + 2 fichiers de changements,846,0,0,,5.2,
2026-10-01T00:52:00+00:00,ok,github,9024657,de0cbf0e9d60cda53d15407a79f2932881431004c2d8cdaaa9a66c92c13df2a7,122626,111793,10833,1641,photo 2026-10-01 + 3 fichiers de changements,548,0,0,,4.5,
2026-10-01T01:07:00+00:00,ok,github,9021632,a575fc11b64754b0715cf5199283fa7845c12d358b478c176bf265df73cc6e41,122571,111738,10833,1647,photo 2026-10-01 + 4 fichiers de changements,606,0,55,,5.1,
2026-10-01T01:22:00+00:00,ok,github,9021714,2f66fe0d000c179de06edd77f79b3a4eeb2cab9bdcdef351d06ec799e4f92ff9,122571,111738,10833,1637,photo 2026-10-01 + 5 fichiers de changements,593,0,55,,4.9,
2026-10-01T01:37:00+00:00,ok,github,9021514,14f35061d9f31286f54f97e40570bf22a1531e8e1225f318e6845d31bfa18213,122571,111738,10833,1645,photo 2026-10-01 + 6 fichiers de changements,469,0,55,,4.6,
2026-10-01T01:52:00+00:00,ok,github,9021394,451754f4ed1fb30c530ba778a1249fa5762162a1147505c075f9bb3ea55efde0,122571,111738,10833,1643,photo 2026-10-01 + 7 fichiers de changements,378,0,55,,4.8,
2026-10-01T02:07:00+00:00,ok,github,9021492,f9ef3516c5f16370a930b7b63624adcf49f37c796b04a4abfe69dec8ddb00907,122571,111738,10833,1637,photo 2026-10-01 + 8 fichiers de changements,434,0,55,,4.7,
2026-10-01T02:22:00+00:00,ok,github,9021312,622ff1f10a7eb61fd733552d566e546e613b703fdf3dd0ab5fbb43643ecd7bad,122571,111738,10833,1634,photo 2026-10-01 + 9 fichiers de changements,295,0,55,,4.8,
2026-10-01T02:37:00+00:00,ok,github,9021447,29a686f83b079e653f10445d634cfa928d637631a4347ce2ab3a58052ff70503,122571,111738,10833,1634,photo 2026-10-01 + 10 fichiers de changements,313,0,55,,5.2,
2026-10-01T02:52:00+00:00,ok,github,9021201,2378dc6557096f5443afefef68f01e6fa47f651363f6506d20d10b3d34275957,122571,111738,10833,1636,photo 2026-10-01 + 11 fichiers de changements,383,0,55,,4.6,
2026-10-01T03:07:00+00:00,ok,github,9021251,6fd4e8d5ebc78a21f60131038de855b68e9ef3ef10042252c99a20b346b2d2a0,122571,111738,10833,1640,photo 2026-10-01 + 12 fichiers de changements,418,0,55,,4.8,
2026-10-01T03:22:00+00:00,ok,github,9021260,bf625517b785287b3a8352eb87233b82d7f8c5297dfe5a0329b5f32e2bc05bed,122571,111738,10833,1638,photo 2026-10-01 + 13 fichiers de changements,368,0,55,,4.3,
2026-10-01T03:37:00+00:00,ok,github,9021321,b56d9b9a6bfd4f527214ddd9949eaa520388f969a1f54837002a899452f13446,122571,111738,10833,1638,photo 2026-10-01 + 14 fichiers de changements,496,0,55,,4.7,
2026-10-01T03:52:00+00:00,ok,github,9021311,30068151c3666307cde566b2521ff15d0a8c51f6c0447bb5aec482d3e6073f81,122571,111738,10833,1626,photo 2026-10-01 + 15 fichiers de changements,619,0,55,,5.3,
2026-10-01T04:07:00+00:00,ok,github,9021482,77ac252afdad6f11372e1a19835dc1b210d443d16d724aecd0b8c0bcd4887679,122571,111738,10833,1641,photo 2026-10-01 + 16 fichiers de changements,696,0,55,,4.9,
2026-10-01T04:22:00+00:00,ok,github,9021687,cd91623d11fbbf8071aa473a7fc1c9895859c67927200b54af0fa34411477540,122571,111738,10833,1636,photo 2026-10-01 + 17 fichiers de changements,739,0,55,,4.6,
2026-10-01T04:37:00+00:00,ok,github,9022124,cca2280730d304f43a832d3834ace2498ce874fcb4b9838c1e500a9ea87b9019,122571,111738,10833,1637,photo 2026-10-01 + 18 fichiers de changements,896,0,55,,4.8,
2026-10-01T04:52:00+00:00,ok,github,9022000,e82e788d9e1f0cebbcb617a2fcc16f7a260f95a6334c768c800ae22ada278e49,122571,111738,10833,1642,photo 2026-10-01 + 19 fichiers de changements,1069,0,55,,5.1,
2026-10-01T05:07:00+00:00,ok,github,9022187,374bc5f3f747c5deb297995e041993cf6c81876fa64e40b3949badb132b267c9,122571,111738,10833,1644,photo 2026-10-01 + 20 fichiers de changements,1341,0,55,,5.2,
2026-10-01T05:22:00+00:00,ok,github,9022153,cddfaf6ca48bc62d26c9b8befb88f2ff3d92287b0fdd0b3e819179797f01c4b4,122571,111738,10833,1637,photo 2026-10-01 + 21 fichiers de changements,1366,0,55,,5.2,
2026-10-01T05:37:00+00:00,ok,github,9022170,d479117a39a9c37ea88d4d1331e0355078bbe15bceb4afff960315ad748fdf47,122569,111736,10833,1641,photo 2026-10-01 + 22 fichiers de changements,1679,0,57,,5.3,
2026-10-01T05:52:00+00:00,ok,github,9022275,12d6dca89f1c865eb512643fe214017339904e4a21bfd9c11318b563dbd5e4df,122570,111737,10833,1639,photo 2026-10-01 + 23 fichiers de changements,1987,1,57,,5.5,
2026-10-01T06:02:00+00:00,ok,github,9022791,2cf0ab477f5e39e56c63134b5bc8ecf43cafd5f84043a0fe30f8fa167cc4b68a,122570,111737,10833,1628,photo 2026-10-01 + 24 fichiers de changements,1835,1,57,,4.9,
2026-10-01T06:02:39+00:00,ok,github,9022884,9ceb13bcb66763fe7d5dcd7e4005e13a07074e80d787d95ca5039dd8a3408ce5,122570,111737,10833,1628,photo 2026-10-01 + 25 fichiers de changements,216,1,57,,5.9,
2026-10-01T09:08:50+00:00,ok,github,9028724,c760c62b34788e88ab39b2e52a6fe7f07ebcdb31cd53605c140c3e837905ff51,122601,111768,10833,1624,photo 2026-10-01 + 26 fichiers de changements,10815,32,57,,6.2,
2026-10-01T09:12:00+00:00,ok,github,9028534,ca52b61579576ca55bbeb71b2d3d3d1e08c1137efff2e234c696a14a6925cd3d,122601,111768,10833,1624,photo 2026-10-01 + 27 fichiers de changements,825,32,57,,5.7,
2026-10-01T09:17:00+00:00,ok,github,9028708,2e9e579c1f3c2157f607f942a9f42950b3554dc2bd06e0d95690665615b4aa38,122601,111768,10833,1626,photo 2026-10-01 + 28 fichiers de changements,1367,32,57,,5.8,
2026-10-01T09:22:00+00:00,ok,github,9028799,60f449550a10a4bd032b9976a37c6d400a3c8716f14a6c65fba7b977f3e5fa75,122602,111769,10833,1632,photo 2026-10-01 + 29 fichiers de changements,1256,33,57,,6.3,
2026-10-01T09:27:00+00:00,ok,github,9029272,ce31656a0d9a165f27aaf3b617d671eb914ab0b3957d3fd3c0cbcc927678f5f6,122605,111772,10833,1637,photo 2026-10-01 + 30 fichiers de changements,1202,36,57,,5.9,
2026-10-01T09:32:00+00:00,ok,github,9029209,e2a149eb1a05edd99461f08929faf09cca530e2b2a9fbeb194d4c86d1c16188c,122605,111772,10833,1636,photo 2026-10-01 + 31 fichiers de changements,1340,36,57,,5.5,
2026-10-01T09:37:00+00:00,ok,github,9029000,cdabb1104f60bd54d732b63e516812a83667a14451e304c2019a211cd841159b,122605,111772,10833,1633,photo 2026-10-01 + 32 fichiers de changements,1466,36,57,,5.7,
2026-10-01T09:42:00+00:00,ok,github,9028938,b3d51e75bd20d8f8898c337e5790cd1aba532aaacfd5b827c0a0e5e06c00e063,122605,111772,10833,1626,photo 2026-10-01 + 33 fichiers de changements,1284,36,57,,5.5,
2026-10-01T09:47:00+00:00,ok,github,9028918,37c2dfa2b45337ac08d10da77e023e73766ef689930715b29448bb61eb144219,122606,111773,10833,1626,photo 2026-10-01 + 34 fichiers de changements,1232,37,57,,5.7,
2026-10-01T09:52:00+00:00,ok,github,9028926,bf9aab423efc00e55e7c2862a7f763f94c1744a2eee961a81c6fbbc8e66dd98f,122606,111773,10833,1625,photo 2026-10-01 + 35 fichiers de changements,1492,37,57,,5.4,
2026-10-01T09:57:00+00:00,ok,github,9028909,18c8139cfd4ed33118f1260ed381ec82364c3fd29ba8ff581a688f3105fc7e95,122606,111773,10833,1624,photo 2026-10-01 + 36 fichiers de changements,1715,37,57,,46.5,
2026-10-01T10:02:00+00:00,ok,github,9028815,8462bba6c4f0c848d111291720b9cede30579bb667e3297c1f5c75852cda4a8b,122606,111773,10833,1633,photo 2026-10-01 + 37 fichiers de changements,1567,37,57,,5.1,
2026-10-01T10:07:00+00:00,ok,github,9029031,5e89cb2fb1284afe16d2a6f3d278f7e84636877ad1b738826858ca860cf8efc7,122607,111774,10833,1629,photo 2026-10-01 + 38 fichiers de changements,1556,38,57,,6.9,
2026-10-01T10:12:00+00:00,ok,github,9028905,b0a37f90856484ce891370e55b749f42a4928ce182aae9e70d61b6d263ec7b3d,122607,111774,10833,1633,photo 2026-10-01 + 39 fichiers de changements,1590,38,57,,5.5,
2026-10-01T10:17:00+00:00,ok,github,9029311,c54caccc37c397fa45122184d23eac40caa0a726ec8055d9ef253c793fa18e55,122611,111778,10833,1634,photo 2026-10-01 + 40 fichiers de changements,1610,42,57,,7.2,
2026-10-01T10:22:00+00:00,ok,github,9029568,142b5d3e2854eae5e432c3e68904fcb84ec23f1959aa975149b595d859bace36,122612,111779,10833,1631,photo 2026-10-01 + 41 fichiers de changements,1585,43,57,,7.1,
2026-10-01T10:27:00+00:00,ok,github,9029548,955337e8ee3486413e2d9a3021fee26caca47d1fab111c0f18f493fce205d490,122613,111780,10833,1634,photo 2026-10-01 + 42 fichiers de changements,1498,44,57,,26.7,
2026-10-01T10:32:00+00:00,ok,github,9029706,49f229568e394c57c1a0f61c4464cdc1994f3e07af1c8f68628184714d0ec145,122613,111780,10833,1629,photo 2026-10-01 + 43 fichiers de changements,1573,44,57,,5.4,
2026-10-01T10:37:00+00:00,ok,github,9029918,3706c10441a58a3c4339bc58dbb2e9ef28e73705b719655a60de72953f687449,122614,111781,10833,1626,photo 2026-10-01 + 44 fichiers de changements,1711,45,57,,26.6,
2026-10-01T10:42:00+00:00,ok,github,9029938,bcc2381c5ae9652c43341a84ec5e10596d98e5eb90b21f926fada8251f4d0589,122614,111781,10833,1630,photo 2026-10-01 + 45 fichiers de changements,1663,45,57,,5.5,
2026-10-01T10:47:00+00:00,ok,github,9030230,f31a3641563f3c7ab66395f3a4c112af64387f589d9b93e03e1b6795e80085f0,122616,111783,10833,1638,photo 2026-10-01 + 46 fichiers de changements,1588,47,57,,6.9,
2026-10-01T10:52:00+00:00,ok,github,9030384,3a86429ef2ebcf8f79c1548ebd6e316bfce314764ee564e236a63c71f550623a,122617,111784,10833,1632,photo 2026-10-01 + 47 fichiers de changements,1589,48,57,,5.9,
2026-10-01T10:57:00+00:00,ok,github,9030576,f3af46bac4b794985278f41819bc8e717e671ad0e875f6358f8f8d1033adfb20,122617,111784,10833,1633,photo 2026-10-01 + 48 fichiers de changements,1664,48,57,,6.5,
2026-10-01T11:02:00+00:00,ok,github,9030188,56712b279711116479e903312c5bf3ef77d297333fe2e36916f524ae0ea46df8,122618,111785,10833,1614,photo 2026-10-01 + 49 fichiers de changements,2111,49,57,,27.4,
2026-10-01T11:07:00+00:00,ok,github,9030281,fbecc577624699324abd87f6589900edb5e739faf1d85ecaca1f1f2b26bb887e,122618,111785,10833,1616,photo 2026-10-01 + 50 fichiers de changements,1528,49,57,,5.9,
2026-10-01T11:12:00+00:00,ok,github,9030224,ba31d695aa76f7417ca4ac1b76a7436ce269228c65684174fbf7bfd23cf3edbe,122618,111785,10833,1614,photo 2026-10-01 + 51 fichiers de changements,1559,49,57,,5.5,
2026-10-01T11:17:00+00:00,ok,github,9030019,bf230aaa52f6d061959f2d38c5059eaff66ac8f60342bef5b4e266c09291539d,122618,111785,10833,1613,photo 2026-10-01 + 52 fichiers de changements,1769,49,57,,13.2,
2026-10-01T11:22:00+00:00,ok,github,9030008,4bd29c0b077fda24cf55d057fe815462e73e615d7614f139b88b62202fd13bdb,122618,111785,10833,1615,photo 2026-10-01 + 53 fichiers de changements,1587,49,57,,5.9,
2026-10-01T11:27:00+00:00,ok,github,9029982,b57ef2020b0841ee25aacb66dd9153b66fb51bc2c185f550bd484bda561b2fef,122618,111785,10833,1614,photo 2026-10-01 + 54 fichiers de changements,1486,49,57,,27.0,
2026-10-01T11:32:00+00:00,ok,github,9030158,567503bf72afbf86147e759b098772e8089c06bca84a9867b3c1ebecfe5f4734,122618,111785,10833,1621,photo 2026-10-01 + 55 fichiers de changements,1562,49,57,,26.7,
2026-10-01T11:37:00+00:00,ok,github,9029806,f36f503c6471fc9fc393d43d48194ca9e6594f3eb23721e94b5edd93bfffedf5,122618,111785,10833,1625,photo 2026-10-01 + 56 fichiers de changements,1616,49,57,,6.4,
2026-10-01T11:42:00+00:00,ok,github,9029794,5aa0c7d47f2fcbb0421e2ed93ef560587d677fba3ffa9f43465553db29f2525b,122619,111786,10833,1617,photo 2026-10-01 + 57 fichiers de changements,1487,50,57,,6.0,
2026-10-01T11:47:00+00:00,ok,github,9029799,8fcf2698bd675170f7dcb2c3b08811824c1d873caba21f931ab65330558520ee,122619,111786,10833,1614,photo 2026-10-01 + 58 fichiers de changements,1601,50,57,,7.6,
2026-10-01T11:52:00+00:00,ok,github,9029569,e2db69e9fb3fff81d53fb86a382b19d698d8682f5a6e537107c78d2410482091,122619,111786,10833,1618,photo 2026-10-01 + 59 fichiers de changements,1505,50,57,,5.8,
2026-10-01T11:57:00+00:00,ok,github,9029492,703f63a8350aab2dd6fce1760b4a4120f60f1e5824ce7b468138639033928547,122619,111786,10833,1615,photo 2026-10-01 + 60 fichiers de changements,1636,50,57,,27.9,
2026-10-01T12:02:00+00:00,ok,github,9029375,6bb26b127753b02d7dd2ed9a0b5bbdb4c782ed7a18a222ca7430e7f93299c0ab,122619,111786,10833,1625,photo 2026-10-01 + 61 fichiers de changements,1767,50,57,,6.8,
2026-10-01T16:25:38+00:00,ok,github,9030036,912c244725fb3d5db8c46eedcfdcd65bafe513ff989e73892057027070017667,122640,111807,10833,1638,photo 2026-10-01 + 62 fichiers de changements,12940,71,57,,5.0,
2026-10-01T16:27:00+00:00,ok,github,9029919,670da7646bee5924279b1bf7a51dfd682ccc520760ad14615b42e39b8b4eaf36,122640,111807,10833,1634,photo 2026-10-01 + 63 fichiers de changements,381,71,57,,4.8,
2026-10-01T16:32:00+00:00,ok,github,9030075,a9259cc62108e43cd1224dc3d74f94bcc9c41a1f8134a954e7a862a9c3100ad8,122640,111807,10833,1638,photo 2026-10-01 + 64 fichiers de changements,1622,71,57,,4.6,
2026-10-01T16:37:00+00:00,ok,github,9030183,82abd2fd765aa8adc9c8f97c1e6b062b51a0c80658fbe3fc75e3ca1d7e2713af,122640,111807,10833,1634,photo 2026-10-01 + 65 fichiers de changements,1779,71,57,,5.1,
2026-10-01T16:42:00+00:00,ok,github,9030087,a2214d2143760ebe091881e97cfc8a5157069226fb15577414c87fe360809332,122640,111807,10833,1635,photo 2026-10-01 + 66 fichiers de changements,1689,71,57,,5.0,
2026-10-01T16:47:00+00:00,ok,github,9030156,6d0ad46e42acf84d63ffc99f4c53d8015b69192569183e8784fe53e8373a628d,122640,111807,10833,1635,photo 2026-10-01 + 67 fichiers de changements,1545,71,57,,5.3,
2026-10-01T16:52:00+00:00,ok,github,9030167,407ecb591b8ecb06fec0fef5c0c43f15e6cfd26b0bfc96940b3c062a8f8eb917,122641,111808,10833,1631,photo 2026-10-01 + 68 fichiers de changements,1516,72,57,,4.6,
2026-10-01T16:57:00+00:00,ok,github,9030248,b8fa4a9e7058ab65c5c403d9a1c347f99bab69e9dba129c0171cbe1586cbcee1,122641,111808,10833,1621,photo 2026-10-01 + 69 fichiers de changements,1762,72,57,,4.7,
2026-10-01T17:02:00+00:00,ok,github,9030145,bb34da01900ff2567f9f1165df0caf636ee97ac4131532c18ee05a286abaa3b6,122644,111811,10833,1607,photo 2026-10-01 + 70 fichiers de changements,1994,75,57,,5.0,
2026-10-01T17:07:00+00:00,ok,github,9030084,da49bd38cfeb7d19e50230d6f546a9454170ca4a0e23efe96b9c52cf9ce9440d,122644,111811,10833,1603,photo 2026-10-01 + 71 fichiers de changements,1408,75,57,,4.4,
2026-10-01T17:12:01+00:00,ok,github,9030133,b2f646786b6fdabb329b7a695168c1d0c463506c5eadf048ebc36c25b1df5c99,122644,111811,10833,1607,photo 2026-10-01 + 72 fichiers de changements,1517,75,57,,5.0,
2026-10-01T17:17:00+00:00,ok,github,9029857,068563102bec6ea6abdb678d3aefd1a4ab47994ddce541d37b5c2def9e6110da,122644,111811,10833,1607,photo 2026-10-01 + 73 fichiers de changements,1557,75,57,,4.6,
2026-10-01T17:22:00+00:00,ok,github,9029878,c14075f3dc1de46f2bc17d9335e7a114c4b3a3371b8db47f43ff95199bb98c60,122644,111811,10833,1614,photo 2026-10-01 + 74 fichiers de changements,1417,75,57,,5.0,
2026-10-01T17:27:00+00:00,ok,github,9029787,57807c5d4d1341fd5f360f7775b55db638ea572d2b24089b3d8cecccde1d7b4e,122644,111811,10833,1612,photo 2026-10-01 + 75 fichiers de changements,1375,75,57,,4.8,
2026-10-01T17:32:00+00:00,ok,github,9030022,ad00611006e7ccd090a0d7c0ef282c3c2d17f67ceafc8edd34a8caf22eb2deec,122646,111813,10833,1618,photo 2026-10-01 + 76 fichiers de changements,1423,77,57,,5.7,
2026-10-01T17:37:00+00:00,ok,github,9029946,a2289ea45c54c7fe27ac4d037bc62f3b47e00b3875698f8ed4d1c5a1dbf31168,122646,111813,10833,1616,photo 2026-10-01 + 77 fichiers de changements,1249,77,57,,6.1,
2026-10-01T17:42:00+00:00,ok,github,9029834,4f29b319e0bf78489383896b83f1beae5512d256f798f751cff9da16eaf48fd7,122646,111813,10833,1612,photo 2026-10-01 + 78 fichiers de changements,1174,77,57,,6.4,
2026-10-01T17:47:00+00:00,ok,github,9029642,4c1e02ed68abb9f0e52713d18180f0408eb8732b820820772138509450a21619,122646,111813,10833,1613,photo 2026-10-01 + 79 fichiers de changements,1298,77,57,,4.8,
2026-10-01T17:52:00+00:00,ok,github,9029489,e91e573d41ddaaff0f579aa8a5454016b0e12924f2465c1410f03de0e40a3160,122646,111813,10833,1616,photo 2026-10-01 + 80 fichiers de changements,1106,77,57,,6.1,
2026-10-01T17:57:00+00:00,ok,github,9029399,bdeced36ea9fd69e09de711f0fa543d110e49053a27bf0f8934bd41ebf0762a4,122646,111813,10833,1620,photo 2026-10-01 + 81 fichiers de changements,1090,77,57,,5.3,
2026-10-01T18:02:00+00:00,ok,github,9029385,3444dd44d2d15fe238ac55dc352eabed4948afb2866ac44d5ca7e7c4aa780bd2,122646,111813,10833,1615,photo 2026-10-01 + 82 fichiers de changements,1504,77,57,,5.9,
2026-10-01T21:11:49+00:00,ok,github,9028212,b227457c5e7508c899a9aa6f9615ebc18ff9e9864ce0fd6d4c83daa521f55860,122653,111820,10833,1615,photo 2026-10-01 + 83 fichiers de changements,7406,85,58,,6.4,
2026-10-01T21:22:00+00:00,ok,github,9028144,283bca3898c0ad8af7033fa03af63eb830da64b7f12d5a238df08bf365492e26,122654,111821,10833,1617,photo 2026-10-01 + 84 fichiers de changements,721,86,58,,6.9,
2026-10-01T21:37:00+00:00,ok,github,9028078,0a84a67f3bc156acc354af5e9b4523976eac9e9dcbde4c063cc44253c4ab4a41,122654,111821,10833,1621,photo 2026-10-01 + 85 fichiers de changements,931,86,58,,6.5,
2026-10-01T21:52:00+00:00,ok,github,9028383,a2b4f36f0ccd08d3cd695504bde8849458f8f7a0a2b175561bd02f8d57bc7bcf,122654,111821,10833,1627,photo 2026-10-01 + 86 fichiers de changements,869,86,58,,6.8,
2026-10-01T22:07:00+00:00,ok,github,9028239,3128b746a0faea8166b81fb3a9a71e6e2abce8dae3be3ca986cbc2432924497c,122656,111823,10833,1628,photo 2026-10-01 + 87 fichiers de changements,998,88,58,,7.0,
2026-10-01T22:22:00+00:00,ok,github,9028285,3e7daa275064a64283dea6c734802c71f350e9bf793e4bfa98b02f0d23c7f46f,122656,111823,10833,1621,photo 2026-10-01 + 88 fichiers de changements,785,88,58,,6.9,
2026-10-01T22:37:00+00:00,ok,github,9028160,0c203347f85ca6418748d2110aba0f755d97230552ea747ef716c21c530fc156,122656,111823,10833,1621,photo 2026-10-01 + 89 fichiers de changements,732,88,58,,7.0,
2026-10-01T22:52:00+00:00,ok,github,9028000,c9bf9d6674cfeb2bd5583622961b3bc395b2bd6ba3327a99aedde545f23d7cf1,122656,111823,10833,1618,photo 2026-10-01 + 90 fichiers de changements,619,88,58,,7.3,
2026-10-01T23:07:00+00:00,ok,github,9027947,08ac592920c6535be2e1feaf2c0940c40bdef00c8925a729f9b81923b046d3b8,122656,111823,10833,1619,photo 2026-10-01 + 91 fichiers de changements,703,88,58,,8.4,
2026-10-01T23:22:00+00:00,ok,github,9027727,5aa1b546865db45ee0a162cd5ffe95f49dee75975dccc8d0856727c9354ac095,122656,111823,10833,1617,photo 2026-10-01 + 92 fichiers de changements,500,88,58,,8.0,
2026-10-01T23:37:00+00:00,ok,github,9027873,5d2682c8c5284f5cdeb39f4784bcf927b4e87b8b0d1ec05fbfb58c5c342ff25c,122658,111825,10833,1618,photo 2026-10-01 + 93 fichiers de changements,492,90,58,,6.9,
2026-10-01T23:52:00+00:00,ok,github,9027819,e4f274520787dda36203ddadf756b40c27ce76de89fa03c6f6fe2446822b3d34,122658,111825,10833,1618,photo 2026-10-01 + 94 fichiers de changements,439,90,58,,6.7,
2026-10-02T00:48:25+00:00,ok,github,9028149,722369349616a7536059b74adf7700440bf917984f0e1406dc84d3988fecdaf5,122658,111825,10833,1622,photo 2026-10-01 + 95 fichiers de changements,885,90,58,data/collecte/dynamique/instantanes/2026-10-02.csv.gz,6.6,
2026-10-02T00:52:00+00:00,ok,github,9028331,6bbb7685ab1d18f236ee3df82aaada5628fe574f6b6a86e29648f2a22b2ad905,122658,111825,10833,1623,photo 2026-10-02 + 1 fichiers de changements,152,0,0,,3.4,
2026-10-02T01:07:00+00:00,ok,github,9028289,e86095deb592aea2e9a225031f7eeebe9059a1380da5d807e372436ebb64495d,122651,111818,10833,1642,photo 2026-10-02 + 2 fichiers de changements,501,0,7,,4.0,
2026-10-02T01:22:00+00:00,ok,github,9028089,6c3dba7b09d2a8a2d0434baf43a8564731ce3b7e8518ef7016e57daeedb84f78,122651,111818,10833,1638,photo 2026-10-02 + 3 fichiers de changements,462,0,7,,4.1,
2026-10-02T01:37:00+00:00,ok,github,9028002,970f5b3fe85e98cde390b2026085d5b58685cc73eab5b9599c91ea93ad7de0ee,122651,111818,10833,1636,photo 2026-10-02 + 4 fichiers de changements,349,0,7,,4.2,
2026-10-02T01:52:00+00:00,ok,github,9027935,693bf9b2b7d3f1fb2197ef23d47b12706ec6b51ef4a8a907a5f46ddcf5314d6c,122651,111818,10833,1640,photo 2026-10-02 + 5 fichiers de changements,372,0,7,,4.2,
2026-10-02T02:07:00+00:00,ok,github,9027975,b19fd7b1bd974e8c37320934ab916dc799b380196bdb6fa722784b19a37de552,122652,111819,10833,1625,photo 2026-10-02 + 6 fichiers de changements,403,1,7,,4.2,
2026-10-02T02:22:00+00:00,ok,github,9027346,a98ec498192e552ca71eadf5006c9eab7a712b64cc0d65fdc924e8964424bef1,122653,111820,10833,1625,photo 2026-10-02 + 7 fichiers de changements,611,2,7,,4.0,
2026-10-02T02:37:00+00:00,ok,github,9028085,9f2cee8182063c1e25066393a095455c2b70591c6e0f3fd18dc85f9939764405,122653,111820,10833,1626,photo 2026-10-02 + 8 fichiers de changements,510,2,7,,4.0,
2026-10-02T06:19:43+00:00,ok,github,9029114,6743ff1dc7578d55bb9bf6f2afc2fdc836d1f3f73f3a61549d498de77b6f20b8,122627,111805,10822,1608,photo 2026-10-02 + 9 fichiers de changements,7009,5,25,,3.9,
2026-10-02T06:22:00+00:00,ok,github,9029391,61c733afc89cb508e8b0707a28f97ddea8e2d4d4edf1d6d94bfaf7ed280c5793,122628,111806,10822,1611,photo 2026-10-02 + 10 fichiers de changements,582,6,25,,4.1,
2026-10-02T06:27:00+00:00,ok,github,9029480,a6e897c9449727daab8a297567047775620b73253e2e2c6cb2907a66c2b82d9d,122628,111806,10822,1613,photo 2026-10-02 + 11 fichiers de changements,1057,6,25,,4.0,
2026-10-02T06:32:00+00:00,ok,github,9029359,010b17b206181240895cc4f2b7198b6bfc2d650c8bfc458b02d542eea08a8776,122628,111806,10822,1618,photo 2026-10-02 + 12 fichiers de changements,1141,6,25,,4.2,
2026-10-02T06:37:00+00:00,ok,github,9029640,d2819df5a0b0d7fd473fc4d72a65ee55203d1055e525ad1f58c7addd568697f9,122629,111807,10822,1609,photo 2026-10-02 + 13 fichiers de changements,1239,7,25,,3.9,
2026-10-02T06:42:00+00:00,ok,github,9029922,d438dea5e5a186e130b4993b987a4b27c6ef85789af7004fbec16f6e640d787b,122629,111807,10822,1612,photo 2026-10-02 + 14 fichiers de changements,1324,7,25,,4.3,
2026-10-02T06:47:00+00:00,ok,github,9030119,3731dcec4e0855c042c9a9bf80cae5227ce53f5dd6c1cd592f921e7c9dd981f2,122629,111807,10822,1615,photo 2026-10-02 + 15 fichiers de changements,1157,7,25,,4.0,
2026-10-02T06:52:00+00:00,ok,github,9030465,2fe7fe6dfb3a5b04fcebb24effe61d546e49b58943ad23b56abcaa511835a474,122629,111807,10822,1614,photo 2026-10-02 + 16 fichiers de changements,1261,7,25,,3.9,
2026-10-02T06:57:00+00:00,ok,github,9030699,211285eeb21caebe071a24db666d92effb4e3d3cf89825ada3fc7ed06742b791,122630,111808,10822,1611,photo 2026-10-02 + 17 fichiers de changements,1242,8,25,,4.5,
2026-10-02T07:02:00+00:00,ok,github,9031210,49ecb3c19cca462fbbe8b872d636dbe5d6276381fc1868bf10a00534b3d4fd3d,122630,111808,10822,1655,photo 2026-10-02 + 18 fichiers de changements,2131,8,25,,4.2,
2026-10-02T07:07:00+00:00,ok,github,9031306,c9944fec46f83fc260d3e960ac761ab051bd7193f60c5fe67c44912d566ad468,122630,111808,10822,1657,photo 2026-10-02 + 19 fichiers de changements,1188,8,25,,4.4,
2026-10-02T07:12:00+00:00,ok,github,9030979,a5c47795a50e40331a8e6b5d9fe2ce53d25bfdca43b85523714f824a9affbde5,122630,111808,10822,1649,photo 2026-10-02 + 20 fichiers de changements,1205,8,25,,3.9,
2026-10-02T07:17:00+00:00,ok,github,9031237,77aed8750b387962e94cac0f6799b88af781c079e0036de8313feb8cd7b0902d,122630,111808,10822,1649,photo 2026-10-02 + 21 fichiers de changements,1185,8,25,,4.7,
2026-10-02T07:22:00+00:00,ok,github,9031439,f69359e4f3d6b215b88902a96c386fab4332a05237ea5f557e8adab72d8a901c,122632,111810,10822,1645,photo 2026-10-02 + 22 fichiers de changements,1296,10,25,,4.4,
2026-10-02T07:27:00+00:00,ok,github,9031700,07ecb4deefce67fb5b1d68b7dd4313eabf328305b5c232a941f89d1816326ed3,122634,111812,10822,1648,photo 2026-10-02 + 23 fichiers de changements,1243,12,25,,4.4,
2026-10-02T07:32:00+00:00,ok,github,9031745,9095ae5c1ad3939a5adce46729d111225905aa3505aa223292c8c321d745d8a6,122634,111812,10822,1653,photo 2026-10-02 + 24 fichiers de changements,1198,12,25,,4.6,
2026-10-02T07:37:00+00:00,ok,github,9031627,be96d10e3cd9f2dc15499a27421489a73d5a4e715f5a11ba665a01f27188fe6e,122635,111813,10822,1642,photo 2026-10-02 + 25 fichiers de changements,1183,13,25,,4.4,
2026-10-02T07:42:00+00:00,ok,github,9031849,2f5c0121229c2149ade788f2e1487fd0885ff522f874b6a6d62d7dd44705dc13,122635,111813,10822,1637,photo 2026-10-02 + 26 fichiers de changements,1183,13,25,,5.0,
2026-10-02T07:47:00+00:00,ok,github,9031931,db7811bd06f32a613b8f5d81ab1945960b58d1151cdcfd809d2ba1353cd29b10,122636,111814,10822,1638,photo 2026-10-02 + 27 fichiers de changements,1428,14,25,,4.1,
2026-10-02T07:52:00+00:00,ok,github,9032069,727c50cd5e3dd6d77cb2103f0a865215e060d2369b6b3af247e5c9a4e99dbcae,122636,111814,10822,1635,photo 2026-10-02 + 28 fichiers de changements,1260,14,25,,4.1,
2026-10-02T07:57:00+00:00,ok,github,9031913,9a3bd9c3ddd7dd6b451d2d3ff0a6c4cbcbe0fe8357ff3744e25cafec35d0eb9e,122637,111815,10822,1646,photo 2026-10-02 + 29 fichiers de changements,1265,15,25,,3.9,
2026-10-02T08:02:00+00:00,ok,github,9032104,9910cea96f37abd36f4123966b0c22779b34c2f410e6f2efb44e195a42260c0e,122638,111816,10822,1640,photo 2026-10-02 + 30 fichiers de changements,1694,16,25,,4.4,
2026-10-02T08:07:00+00:00,ok,github,9032143,f5cc45bf8707e8af8146893ac97513cdeb95a57d0468152317f2f89036e592a0,122641,111819,10822,1639,photo 2026-10-02 + 31 fichiers de changements,1354,19,25,,4.2,
2026-10-02T08:12:00+00:00,ok,github,9032351,bd68ebd4571984002c7f5c0a8a10b0c921e0da0e42ba7d4514c00dd358383bd3,122641,111819,10822,1637,photo 2026-10-02 + 32 fichiers de changements,1223,19,25,,4.7,
2026-10-02T08:17:00+00:00,ok,github,9032426,e40822a6521097b365a46bd73dc6469ed4dfd3fc26cd44422000507e37dd04ff,122642,111820,10822,1641,photo 2026-10-02 + 33 fichiers de changements,1237,20,25,,4.0,
2026-10-02T08:22:00+00:00,ok,github,9032324,7fe559996f0f05b0cd3e6316cebe8bca03aebf5bee02898a6f8759ef197585e7,122642,111820,10822,1645,photo 2026-10-02 + 34 fichiers de changements,1393,20,25,,4.2,
2026-10-02T08:27:00+00:00,ok,github,9032338,c5d3eef8b359b4d7437f1997840139572bb5e8e343474840089fd7cde07e60cd,122642,111820,10822,1646,photo 2026-10-02 + 35 fichiers de changements,1508,20,25,,4.0,
2026-10-02T08:32:00+00:00,ok,github,9032189,150510bcf25671465b5c7f398877be9c527a31075cbae7c883abcce4fdc78f3b,122642,111820,10822,1647,photo 2026-10-02 + 36 fichiers de changements,1277,20,25,,4.4,
2026-10-02T08:37:00+00:00,ok,github,9032409,5d1578ff903ca0595cb9edd76b07d7ced988253d68e41bb2bf97471c3907a8cd,122642,111820,10822,1646,photo 2026-10-02 + 37 fichiers de changements,1302,20,25,,4.2,
2026-10-02T08:42:00+00:00,ok,github,9032358,9c2090b10e0260e2b69358cdae8a6a4ae76b04bfaf659349ce3574788f8971dc,122642,111820,10822,1648,photo 2026-10-02 + 38 fichiers de changements,1530,20,25,,4.7,
2026-10-02T08:47:00+00:00,ok,github,9032443,c31b018f443f8f7c38c5772d368e64777df5acaab803f765c96d03bbbf8e8607,122642,111820,10822,1651,photo 2026-10-02 + 39 fichiers de changements,1502,20,25,,4.7,
2026-10-02T08:52:00+00:00,ok,github,9032655,ec738713e4101ba673b98e6c4c11a12c477d3fc41502d0c2e4c10c89ab585758,122643,111821,10822,1651,photo 2026-10-02 + 40 fichiers de changements,1331,21,25,,4.8,
2026-10-02T08:57:00+00:00,ok,github,9032568,ab34f7ced6cbba2dbdeec8848aed8c2b328d9bb761ad417556c843dc0f02d287,122643,111821,10822,1654,photo 2026-10-02 + 41 fichiers de changements,1399,21,25,,4.9,
2026-10-02T09:02:00+00:00,ok,github,9032694,72c5b972a240be004f54b5b31a57717a04e21c44fad631c4c847fee259f851de,122643,111821,10822,1647,photo 2026-10-02 + 42 fichiers de changements,1753,21,25,,4.4,
2026-10-02T09:07:00+00:00,ok,github,9032923,2deb9d2011483c2976ea48ff8274c42c7bc2843cafe746c6ea97c36264441f27,122645,111823,10822,1646,photo 2026-10-02 + 43 fichiers de changements,1523,23,25,,5.1,
2026-10-02T09:12:00+00:00,ok,github,9033508,c91129ff0783fd1c38e4e878577444e79f511c3bacf656ae1845b9a81665e8c4,122645,111823,10822,1651,photo 2026-10-02 + 44 fichiers de changements,1441,23,25,,5.1,
2026-10-02T09:17:00+00:00,ok,github,9033588,c0f0d78742e1f1efda13dfd263a77e8f83608608951388672aa390a456a9e565,122645,111823,10822,1650,photo 2026-10-02 + 45 fichiers de changements,1343,23,25,,4.7,
2026-10-02T09:22:00+00:00,ok,github,9033998,b64955822c7ba41949326bc5aa1f83890c5cf862d4214ed2731d71c741c40aa6,122646,111824,10822,1652,photo 2026-10-02 + 46 fichiers de changements,1533,24,25,,4.9,
2026-10-02T09:27:00+00:00,ok,github,9034370,ad828f34019de6984362146cbbb1545987183cec9b1a5fae08299b9beab7ff9d,122646,111824,10822,1658,photo 2026-10-02 + 47 fichiers de changements,1421,24,25,,5.7,
2026-10-02T09:32:00+00:00,ok,github,9034495,353389a74cd79c21a9ace5d1fae378b1b619fc3e31057de2dcc81f316ddd04ee,122646,111824,10822,1661,photo 2026-10-02 + 48 fichiers de changements,1477,24,25,,5.1,
2026-10-02T09:37:00+00:00,ok,github,9034677,4e4cbfc2e623e3915814962f8ba80afda9af7521b1fd0b968717f7723decb358,122647,111825,10822,1650,photo 2026-10-02 + 49 fichiers de changements,1659,25,25,,5.0,
2026-10-02T09:42:00+00:00,ok,github,9034932,9520e2317922fad530a6992ec4410b41887d52c31f6b579e458f1bc46d2dd805,122647,111825,10822,1655,photo 2026-10-02 + 50 fichiers de changements,1551,25,25,,4.4,
2026-10-02T09:47:00+00:00,ok,github,9035332,0a672a945c5ce2fd41eeddd1d6cfdcfc7fda448ad858826754c034f55a580899,122651,111829,10822,1655,photo 2026-10-02 + 51 fichiers de changements,1448,29,25,,5.1,
2026-10-02T09:52:00+00:00,ok,github,9035403,47e19f0e48a2dcac8c0ce510a4447c10daf87e4dffefa2dc3a43c26f9b30d03f,122653,111831,10822,1658,photo 2026-10-02 + 52 fichiers de changements,1643,31,25,,5.0,
2026-10-02T09:57:00+00:00,ok,github,9035488,63f18d31169feebe796fad49f19a259e6329306f94b74b0b8fbb156696b67edc,122653,111831,10822,1659,photo 2026-10-02 + 53 fichiers de changements,1666,31,25,,4.6,
2026-10-02T10:02:00+00:00,ok,github,9035449,bb838b205f669a2ed523501ccdc1b57463a2cc95bebac85357e7cde94348ba0c,122653,111831,10822,1659,photo 2026-10-02 + 54 fichiers de changements,1993,31,25,,5.1,
2026-10-02T10:07:00+00:00,ok,github,9035775,a1d310a0c54eac20b7b3e8b2b7371d156692905d40f33067ebaf51d8a7175391,122653,111831,10822,1698,photo 2026-10-02 + 55 fichiers de changements,1735,31,25,,4.5,
2026-10-02T10:12:00+00:00,ok,github,9036160,51e78ebb5a01f9706c11a57035f5d506dc4a1bfd951049e49cc4fcf86aff4b7b,122655,111833,10822,1696,photo 2026-10-02 + 56 fichiers de changements,1777,33,25,,4.9,
2026-10-02T10:17:00+00:00,ok,github,9035983,3c18c36b7f29a6d23e94f942078f1b51ed3a5c67b2b986d1b180292583e936fe,122655,111833,10822,1700,photo 2026-10-02 + 57 fichiers de changements,2000,33,25,,4.6,
2026-10-02T10:22:00+00:00,ok,github,9036276,bb8db89b49c6750050079767a4970f6cbe1a60c5bb6945c42140b40b5d0b1067,122656,111834,10822,1660,photo 2026-10-02 + 58 fichiers de changements,1767,34,25,,5.2,
2026-10-02T10:27:00+00:00,ok,github,9036249,a863fe74f1a2fa2b583351321da59f12bf7e4903540edb664a0730671d882342,122656,111834,10822,1652,photo 2026-10-02 + 59 fichiers de changements,1757,34,25,,4.9,
2026-10-02T10:32:00+00:00,ok,github,9035967,1c2516c09aa0005b35801d9509debe32ab2058477a23fb55d7c3e4ce31c3d673,122656,111834,10822,1655,photo 2026-10-02 + 60 fichiers de changements,1879,34,25,,4.8,
2026-10-02T10:37:00+00:00,ok,github,9035991,93ff41a2cbf51f2aaf92feb3cff0b9893ab4826f1c0985bf52decbe5d87932e3,122656,111834,10822,1660,photo 2026-10-02 + 61 fichiers de changements,1844,34,25,,5.6,
2026-10-02T10:42:00+00:00,ok,github,9035691,48f4d084ba9040f1952f0acfa6674eafeaf9cca27ee8e25d7ee0e65198e5eb83,122656,111834,10822,1661,photo 2026-10-02 + 62 fichiers de changements,1748,34,25,,5.5,
2026-10-02T10:47:00+00:00,ok,github,9035777,c4b1ac2239d4828ea00d1d6657139422d5eb5dc40f2cf94fdb77a2b2a4b8fe91,122656,111834,10822,1660,photo 2026-10-02 + 63 fichiers de changements,1684,34,25,,6.2,
2026-10-02T10:52:00+00:00,ok,github,9036464,da9bf7c6a07146a9deacb7a6d72c70daf13c411213b06dc489a800338b437074,122664,111842,10822,1657,photo 2026-10-02 + 64 fichiers de changements,1857,42,25,,5.6,
2026-10-02T10:57:00+00:00,ok,github,9036266,34a8df6b76ff21eb0f7252ed9f281196aa084201e0e015d40d9630ac5767ae91,122664,111842,10822,1659,photo 2026-10-02 + 65 fichiers de changements,1847,42,25,,6.0,
2026-10-02T11:02:00+00:00,ok,github,9036026,0a2280586ded2ac7da2049c26179e007d015fe549bc900f7962a200832deec05,122665,111843,10822,1635,photo 2026-10-02 + 66 fichiers de changements,2202,43,25,,6.1,
2026-10-02T11:07:00+00:00,ok,github,9035905,5d790ad92cd904657df12ca27889e113260f3f8507ba2588b1267c4851a147c1,122668,111846,10822,1634,photo 2026-10-02 + 67 fichiers de changements,1638,46,25,,5.8,
2026-10-02T11:12:00+00:00,ok,github,9035743,dfe6061a08ddd40ca99468f5d8f308733d2b89d5e04d834a81f0103dee95b40d,122670,111848,10822,1635,photo 2026-10-02 + 68 fichiers de changements,1857,48,25,,6.2,
2026-10-02T11:17:00+00:00,ok,github,9035499,213e97ffb83a6f50d6a0d35c7a1c4783f01398ee1bbccd97003e7dc481aa1cd6,122670,111848,10822,1632,photo 2026-10-02 + 69 fichiers de changements,1926,48,25,,5.9,
2026-10-02T11:22:00+00:00,ok,github,9035577,375e110ea4a5f93e84be1c5935247d27a27bf6ff556a8bf3fddd9d883e48aae7,122671,111849,10822,1638,photo 2026-10-02 + 70 fichiers de changements,1686,49,25,,6.0,
2026-10-02T11:27:00+00:00,ok,github,9035655,3580ccd585667bd8ed74018077510e301b1bd5ba4aae36a7ed45b3d3374e73e3,122674,111852,10822,1637,photo 2026-10-02 + 71 fichiers de changements,1725,52,25,,6.4,
2026-10-02T11:32:00+00:00,ok,github,9035627,7366df0587d4983ef65ae9c0b61c8dfa9fc27d6bd9205fce0da0699583f9224d,122674,111852,10822,1633,photo 2026-10-02 + 72 fichiers de changements,1850,52,25,,6.1,
2026-10-02T11:37:00+00:00,ok,github,9035412,a263381cbc9aa44884afaeb6929d676989095b84b437a6f121b5e380b7b2c88e,122674,111852,10822,1642,photo 2026-10-02 + 73 fichiers de changements,1842,52,25,,4.9,
2026-10-02T11:42:00+00:00,ok,github,9035230,eafbb901e3cc6d0e2dc58b21b78d6c3c301a8e13cfbc04cdff9470982184ac67,122674,111852,10822,1639,photo 2026-10-02 + 74 fichiers de changements,1725,52,25,,5.2,
2026-10-02T11:47:00+00:00,ok,github,9035139,231b63f36bd0ff1ce512388ab7c49b972a971ba29c9a26d1bb220dc8a089dc2d,122674,111852,10822,1651,photo 2026-10-02 + 75 fichiers de changements,1687,52,25,,6.7,
2026-10-02T11:52:00+00:00,ok,github,9035041,737d84d603ac1643bd422520f40b6b567b4ac23eb5a2ed83c7ecfb771c4a6461,122675,111853,10822,1647,photo 2026-10-02 + 76 fichiers de changements,1696,53,25,,5.6,
2026-10-02T11:57:00+00:00,ok,github,9035064,d57d250e94d6a65ac12a6149ebcd675915a963aae5c58ccd78e3310d7358aa13,122675,111853,10822,1646,photo 2026-10-02 + 77 fichiers de changements,1794,53,25,,5.3,
2026-10-02T12:02:00+00:00,ok,github,9034736,02d1bf2a51df8b02fbe971f37e14a80746599771266cad62ee1b49b9035ad2c0,122675,111853,10822,1651,photo 2026-10-02 + 78 fichiers de changements,2150,53,25,,6.0,
2026-10-02T12:52:32+00:00,ok,github,9036399,f6b02c7be1be070e627dd2ac161ae7ea10bb01390a3299a4ff56102e69ef6779,122684,111862,10822,1642,photo 2026-10-02 + 79 fichiers de changements,8586,62,25,,7.4,
2026-10-02T12:57:00+00:00,ok,github,9036303,6e6e104601b93357c1a75aa0e9f628bc48e857b152f851771193494e9f204413,122685,111863,10822,1647,photo 2026-10-02 + 80 fichiers de changements,1636,63,25,,8.2,
2026-10-02T13:02:00+00:00,ok,github,9036379,1f1a3d8d400b769fb3c3e2b947316ba711dbff4eed942c6e3a5ee795fb29ff0a,122687,111865,10822,1659,photo 2026-10-02 + 81 fichiers de changements,2034,65,25,,8.1,
2026-10-02T13:07:00+00:00,ok,github,9036419,6b0d988b55cda31d5ef6521e578db82edc890c6aafb0ccf0cfb4565829474271,122688,111866,10822,1659,photo 2026-10-02 + 82 fichiers de changements,1558,66,25,,7.7,
2026-10-02T13:12:00+00:00,ok,github,9036118,cf36a19c4f1224ccb52b04b14d67ae359806838a1ecb4885d107dad8039801c1,122688,111866,10822,1659,photo 2026-10-02 + 83 fichiers de changements,1657,66,25,,6.7,
2026-10-02T13:17:00+00:00,ok,github,9036049,9f09ef920ffa0dc0417929375af9b3d9c2e3cd7cd4fa52ce52849523f43d631b,122688,111866,10822,1655,photo 2026-10-02 + 84 fichiers de changements,1815,66,25,,6.1,
2026-10-02T13:22:00+00:00,ok,github,9035741,433326a1a7252fb65375c13e01c488ebb2e8040ccd1770458f58fc5687116fbd,122688,111866,10822,1650,photo 2026-10-02 + 85 fichiers de changements,1543,66,25,,6.1,
2026-10-02T13:27:00+00:00,ok,github,9035695,7ee142f362b9d5a0538e18d551d0f97767d61f5dc214a9c17a12a96dbff3a2b3,122688,111866,10822,1650,photo 2026-10-02 + 86 fichiers de changements,1647,66,25,,6.0,
2026-10-02T13:32:00+00:00,ok,github,9035903,5e8d2cfce7a4d51dfc82f5a95b140c86f1d25d851d20419fb123bdd5e23d6da1,122690,111868,10822,1651,photo 2026-10-02 + 87 fichiers de changements,1742,68,25,,5.4,
2026-10-02T13:37:00+00:00,ok,github,9035835,16a041cb81bc5eee639a7ba7720d6c692f99af0b00c6b45dfb781c329f4d2de3,122690,111868,10822,1653,photo 2026-10-02 + 88 fichiers de changements,1797,68,25,,5.9,
2026-10-02T13:42:00+00:00,ok,github,9036017,e86ab77f27de11d4ea406595fab319ec698ae1551b9a8fede182fe569ea101d2,122691,111869,10822,1657,photo 2026-10-02 + 89 fichiers de changements,1686,69,25,,6.2,
2026-10-02T13:47:00+00:00,ok,github,9036147,7c9330643b391e8af71b8a63c5f91f92607e9a26e4d9f4b227592cf4899f03e1,122694,111872,10822,1653,photo 2026-10-02 + 90 fichiers de changements,1681,72,25,,6.5,
2026-10-02T13:52:00+00:00,ok,github,9036017,9231c22ff979afc96991b997125b2f529c5b6ccf41998dc6545a2d806490cff9,122694,111872,10822,1646,photo 2026-10-02 + 91 fichiers de changements,1686,72,25,,6.1,
2026-10-02T13:57:00+00:00,ok,github,9036199,db48409d50c59c54a8c1f98cc115478a260b64df489c7aaa8d86d257cbf20f5c,122697,111875,10822,1647,photo 2026-10-02 + 92 fichiers de changements,1909,75,25,,6.0,
2026-10-02T14:02:00+00:00,ok,github,9036054,08a31e462fd6076a09b0d87b58563927134803df66d465fbf1a4864e915072da,122697,111875,10822,1638,photo 2026-10-02 + 93 fichiers de changements,2187,75,25,,6.4,
2026-10-02T14:07:00+00:00,ok,github,9036119,1cc902f29e8b6d4427046e992e21ed5f9c0da34a7979ebe8942cf4ec87291af0,122697,111875,10822,1638,photo 2026-10-02 + 94 fichiers de changements,1710,75,25,,6.0,
2026-10-02T14:12:00+00:00,ok,github,9035859,107d421fa207282e19f06f44ec2810403fee70984a9b0971ed5c827e611e8e4d,122697,111875,10822,1639,photo 2026-10-02 + 95 fichiers de changements,1638,75,25,,6.2,
2026-10-02T14:17:00+00:00,ok,github,9035952,cd055e7050856eae3e77acd897c8d3a5d88f76aabe2a0cabf012904343f667e7,122698,111876,10822,1643,photo 2026-10-02 + 96 fichiers de changements,1894,76,25,,6.0,
2026-10-02T14:22:00+00:00,ok,github,9036195,7299ab5da3f59d3673ba06a40a8195d636c46e67176aad52815ae76530192298,122698,111876,10822,1683,photo 2026-10-02 + 97 fichiers de changements,1823,76,25,,6.9,
2026-10-02T14:27:00+00:00,ok,github,9036313,45a02dbde8f941ec32792b602fb67f1f9fe29584b69cf39503f611993c4dbaa6,122699,111877,10822,1687,photo 2026-10-02 + 98 fichiers de changements,1743,77,25,,7.0,
2026-10-02T14:32:00+00:00,ok,github,9036021,4cc7da7788863adad57ce26c083e46cf685061fa94d663cd1859fb8df874a315,122699,111877,10822,1684,photo 2026-10-02 + 99 fichiers de changements,1885,77,25,,5.6,
2026-10-02T14:37:00+00:00,ok,github,9035877,fce0f1aa3a04313797288299d181706763ba775a42b75095ed3c1905593d5208,122699,111877,10822,1641,photo 2026-10-02 + 100 fichiers de changements,1758,77,25,,6.4,
2026-10-02T14:42:00+00:00,ok,github,9036096,6995be87c4adf6eead3f13d07e5aea6d1a82a5746b4f976536c2496652a41962,122699,111877,10822,1639,photo 2026-10-02 + 101 fichiers de changements,1837,77,25,,5.9,
2026-10-02T14:47:00+00:00,ok,github,9035979,29384332ade3ff001440282c8ac83d459a3272ebfefc5f5b9661706f5a022867,122699,111877,10822,1632,photo 2026-10-02 + 102 fichiers de changements,1914,77,25,,6.4,
2026-10-02T14:52:00+00:00,ok,github,9036165,c6c7fc58117a4ee04fa779a0dace324669e568a0793b4f109219650a128370d8,122699,111877,10822,1628,photo 2026-10-02 + 103 fichiers de changements,1732,77,25,,6.5,
2026-10-02T14:57:00+00:00,ok,github,9036071,0a1208d0bb4f74fa6ae06628a77b9e04aaabf6fb267028b4562c849327971063,122699,111877,10822,1634,photo 2026-10-02 + 104 fichiers de changements,1731,77,25,,6.5,
2026-10-02T15:02:00+00:00,ok,github,9036387,72cccb056ffc4e5901cd52c1cf06894a5a53b82b24c06b3556aacb9eb720b709,122699,111877,10822,1637,photo 2026-10-02 + 105 fichiers de changements,2403,77,25,,8.7,
2026-10-02T15:07:00+00:00,ok,github,9036684,a23749d02757d584c92482a6bb1d8f7bfd6ac9592c7f5b9081840b817bd971e4,122699,111877,10822,1626,photo 2026-10-02 + 106 fichiers de changements,2036,77,25,,6.0,
2026-10-02T15:12:00+00:00,ok,github,9036670,d9907dae9302bdc089c3e16e31ddec02102994b27a54d22d2026567385fa6bbf,122699,111877,10822,1635,photo 2026-10-02 + 107 fichiers de changements,1835,77,25,,6.4,
2026-10-02T15:17:00+00:00,ok,github,9036708,cd1d562b5a4ddd358332306302967a6d0a613a7d0e837e95a75fc4783c8a31dd,122699,111877,10822,1639,photo 2026-10-02 + 108 fichiers de changements,1821,77,25,,6.0,
2026-10-02T15:22:00+00:00,ok,github,9037069,2684ed5e7aec3300c0b61cb9f0a079613c60557cfc6855e4f596922217e72aa4,122699,111877,10822,1656,photo 2026-10-02 + 109 fichiers de changements,2000,77,25,,6.5,
2026-10-02T15:27:00+00:00,ok,github,9036955,8960d42d7f587b2c9c8dd8e2784a6974cee337becde5e2318f02e5fb416b4ba9,122699,111877,10822,1646,photo 2026-10-02 + 110 fichiers de changements,2010,77,25,,6.6,
2026-10-02T15:32:00+00:00,ok,github,9036661,2e0cc847a1c33389a4b4dad1d65713f29e57cd58ca139683edf4f8a83582ab84,122699,111877,10822,1647,photo 2026-10-02 + 111 fichiers de changements,1960,77,25,,6.5,
2026-10-02T15:37:00+00:00,ok,github,9036324,ab6186177ec1b75e777724ff5f3d62cce073d39311093f4e4ae587d9c661d9ed,122699,111877,10822,1647,photo 2026-10-02 + 112 fichiers de changements,1925,77,25,,6.7,
2026-10-02T15:42:00+00:00,ok,github,9036063,51237f7bbdc81801f51719640a8c1cba7aee76fa4e43f190e6ff3616c8492d8b,122699,111877,10822,1640,photo 2026-10-02 + 113 fichiers de changements,1949,77,25,,6.8,
2026-10-02T15:47:00+00:00,ok,github,9035947,2c11bb0815ce677d152806284cc45f6357d683a6130b5074d5fbb0f659518b7e,122699,111877,10822,1642,photo 2026-10-02 + 114 fichiers de changements,1792,77,25,,6.3,
2026-10-02T15:52:00+00:00,ok,github,9035941,45040191389d8d67da9e29bc89017f02a802e0860710d76636e4b5632d636d30,122701,111879,10822,1641,photo 2026-10-02 + 115 fichiers de changements,1924,79,25,,6.6,
2026-10-02T15:57:00+00:00,ok,github,9035875,05a7c60975139186092a989cfcfa3bf045c9c72b97a919be39c3faae632f4654,122701,111879,10822,1643,photo 2026-10-02 + 116 fichiers de changements,2034,79,25,,6.2,
2026-10-02T16:02:00+00:00,ok,github,9035543,0774f8fd9d862d91f75db3f6b9980aae546eb82da6df189bce55eb1217746681,122702,111880,10822,1624,photo 2026-10-02 + 117 fichiers de changements,2445,80,25,,6.7,
2026-10-02T16:07:00+00:00,ok,github,9035745,5203b7d1f6bdaa1940e3eacc3a81eda083d5e28fbca2ac2fca9374acb98184f2,122702,111880,10822,1621,photo 2026-10-02 + 118 fichiers de changements,1810,80,25,,6.5,
2026-10-02T16:12:00+00:00,ok,github,9035856,137917822ad38e198b7512cc83ee33386f37925599ff806f6da0285b756e1dc5,122702,111880,10822,1628,photo 2026-10-02 + 119 fichiers de changements,1988,80,25,,6.8,
2026-10-02T16:17:00+00:00,ok,github,9035697,3de84c3cea1749d7a18866264606000ea35d03a1ee65dd72ea0ee7211f6289e5,122702,111880,10822,1626,photo 2026-10-02 + 120 fichiers de changements,2134,80,25,,6.4,
2026-10-02T16:22:00+00:00,ok,github,9035660,80879224a4f1b692538b3dcfd2190fc38a70bd7baaa0b2063f551f2db118add7,122703,111881,10822,1621,photo 2026-10-02 + 121 fichiers de changements,1947,81,25,,6.8,
2026-10-02T16:27:00+00:00,ok,github,9035799,8d89e33d951e753ffed8e2ce19644692539b484d0fc49562d5fe865b6e4fd82b,122703,111881,10822,1622,photo 2026-10-02 + 122 fichiers de changements,1845,81,25,,6.7,
2026-10-02T16:32:00+00:00,ok,github,9035806,3eab3151e80cb99e7982e216c5be23620e8b9132a0b03369eddb898e4e7dab26,122704,111882,10822,1627,photo 2026-10-02 + 123 fichiers de changements,1965,82,25,,6.3,
2026-10-02T16:37:00+00:00,ok,github,9035511,6d8181c72c7769bb74a3f4afd9882bcbc878d3aa4cfedb4b0747520760a45279,122704,111882,10822,1627,photo 2026-10-02 + 124 fichiers de changements,1754,82,25,,7.1,
2026-10-02T16:42:00+00:00,ok,github,9035446,0702008f41e6fc1a518e877f166e6f7b058fd65b288bc49f3839058135e0167a,122704,111882,10822,1625,photo 2026-10-02 + 125 fichiers de changements,1951,82,25,,6.4,
2026-10-02T16:47:00+00:00,ok,github,9035565,b91a84753c116b7f9945f6693db66aed0b9fd878526b3d3fb65c22d3e6339080,122704,111882,10822,1633,photo 2026-10-02 + 126 fichiers de changements,2052,82,25,,6.6,
2026-10-02T16:52:00+00:00,ok,github,9035492,3acc2f2c97cfd169ca80aff992c98324063a4502238c4c9873e2f76f4aea3e9e,122704,111882,10822,1638,photo 2026-10-02 + 127 fichiers de changements,1874,82,25,,6.3,
2026-10-02T16:57:00+00:00,ok,github,9035411,f7fa7991bca0e1e9a6ef0118eb54bd0f77642c80b455fcdceb2db578cca76407,122704,111882,10822,1634,photo 2026-10-02 + 128 fichiers de changements,1724,82,25,,6.7,
2026-10-02T17:02:00+00:00,ok,github,9035355,c2111eb851506bd7099c14481b074690bfb7dff35e0545ae7dca171ab8afa6e4,122704,111882,10822,1621,photo 2026-10-02 + 129 fichiers de changements,2235,82,25,,6.8,
2026-10-02T17:07:00+00:00,ok,github,9035334,36c4bbadc0354da0a479a5521e8a8068764a2715d9d88f4c4ed2126a186a8a1e,122704,111882,10822,1622,photo 2026-10-02 + 130 fichiers de changements,1885,82,25,,6.6,
2026-10-02T17:12:00+00:00,ok,github,9035233,364c18feee4bd9f3b5c5e7886bceaed198da6ae8df9958e2e73c19ea9cd0b9c4,122704,111882,10822,1619,photo 2026-10-02 + 131 fichiers de changements,1876,82,25,,6.9,
2026-10-02T17:17:00+00:00,ok,github,9035275,743885a9e2167ac2f1f5e191896e76f204bb1a95e3bb6ff05ecbdb4fd3dd3f1a,122704,111882,10822,1621,photo 2026-10-02 + 132 fichiers de changements,1755,82,25,,6.7,
2026-10-02T17:22:00+00:00,ok,github,9035218,43f7afd75231d0ebf6b0fe02c48da178cc2c4da1a3f3e5f0bface3fc59628737,122704,111882,10822,1618,photo 2026-10-02 + 133 fichiers de changements,1596,82,25,,6.9,
2026-10-02T17:27:00+00:00,ok,github,9035065,6de057ff71c59f1afd4df506ce34ede9b16b89ebe624ad5674c09b91274290e1,122704,111882,10822,1619,photo 2026-10-02 + 134 fichiers de changements,1598,82,25,,6.5,
2026-10-02T17:32:00+00:00,ok,github,9035203,14c9e50d55c039859c6c4e690fdaceedbfd8f9cf5c15e29ecd1391df956285f3,122704,111882,10822,1613,photo 2026-10-02 + 135 fichiers de changements,1641,82,25,,7.1,
2026-10-02T17:37:00+00:00,ok,github,9035234,721f404d2076cbf4892bd2f6d478b3a0d6c5645a1deb56966ef807069edb0b4d,122704,111882,10822,1613,photo 2026-10-02 + 136 fichiers de changements,1710,82,25,,6.8,
2026-10-02T17:42:00+00:00,ok,github,9035104,cdf34d35a24a27b26eff2a9e045c5d6ed9806f103831b04b18dea831617ea8b6,122704,111882,10822,1611,photo 2026-10-02 + 137 fichiers de changements,1455,82,25,,7.2,
2026-10-02T17:47:00+00:00,ok,github,9035080,238a9ddce30c1e79635063d842397fdd48ad36c86f8efee311588625a355623e,122704,111882,10822,1617,photo 2026-10-02 + 138 fichiers de changements,1458,82,25,,6.7,
2026-10-02T17:52:00+00:00,ok,github,9035075,ffae5ef15bae627b421f793651eddcdc5fb8c032d4ec305bfc1379ae6ac90549,122704,111882,10822,1613,photo 2026-10-02 + 139 fichiers de changements,1420,82,25,,7.0,
2026-10-02T17:57:00+00:00,ok,github,9035039,19c36b4c299eed210f9e180dc161b281a561c48fb38d8db19e88874002e0200f,122704,111882,10822,1615,photo 2026-10-02 + 140 fichiers de changements,1586,82,25,,6.7,
2026-10-02T18:02:00+00:00,ok,github,9035238,ca1fdd74739e83efa74c5d4ca211e1d404093aa925cfde58e8720b0669f10467,122704,111882,10822,1614,photo 2026-10-02 + 141 fichiers de changements,1847,82,25,,7.9,
2026-10-02T18:07:50+00:00,ok,github,9035111,83229efc610a81fcb08ffe0440e544ae8d5482d71a669d878266699f7448e1e9,122704,111882,10822,1612,photo 2026-10-02 + 142 fichiers de changements,1537,82,25,,10.0,
2026-10-02T18:12:00+00:00,ok,github,9035130,dc17aab8d24904c3368249cde715d205e7bd03b80ed65d68cee65584f7114659,122704,111882,10822,1609,photo 2026-10-02 + 143 fichiers de changements,1208,82,25,,9.3,
2026-10-02T18:17:00+00:00,ok,github,9035044,17d86c005d61564a4fb88410b1604f2f7ed865bfb871b8cfb2bb7f46e45945af,122704,111882,10822,1615,photo 2026-10-02 + 144 fichiers de changements,1253,82,25,,8.4,
2026-10-02T18:22:00+00:00,ok,github,9034836,44e1b5eea5d7d3f018f86b2eacfe40693ad736b1afa68e095bdce2adf26fd323,122704,111882,10822,1617,photo 2026-10-02 + 145 fichiers de changements,1172,82,25,,9.4,
2026-10-02T18:27:00+00:00,ok,github,9034804,467d37f0b3ba0c45ec87ead426ff67e71d5570750a06038a60b4a45e369e8f7e,122704,111882,10822,1613,photo 2026-10-02 + 146 fichiers de changements,1272,82,25,,9.2,
2026-10-02T18:32:00+00:00,ok,github,9034700,68785e9a0de5a8e79d5bde91929afd4b239a9af3fb3cfc235f9c34dc78202646,122704,111882,10822,1613,photo 2026-10-02 + 147 fichiers de changements,1090,82,25,,7.8,
2026-10-02T18:37:00+00:00,ok,github,9034604,7139a912ea6a2d5262b365201afe6be7fde3818236d49c36e606a0ef0ddb5432,122704,111882,10822,1612,photo 2026-10-02 + 148 fichiers de changements,1035,82,25,,8.2,
2026-10-02T18:42:00+00:00,ok,github,9034661,699f7a90a7e494758b7e73d2b1a96dc08db4f700a455712f90059da0cc1848b3,122704,111882,10822,1614,photo 2026-10-02 + 149 fichiers de changements,1071,82,25,,8.2,
2026-10-02T18:47:00+00:00,ok,github,9034849,118aed44ec96b449ba8dd75d66ce506b7294ccc8e6ac06c3d4ab605f0c8ea0cb,122704,111882,10822,1615,photo 2026-10-02 + 150 fichiers de changements,1145,82,25,,9.2,
2026-10-02T18:52:00+00:00,ok,github,9034919,d98d38dd10cd5193bbeea72dc9bcc66b8dc4c7f89cb089473441a4e25ae7d4f2,122704,111882,10822,1607,photo 2026-10-02 + 151 fichiers de changements,1110,82,25,,8.9,
2026-10-02T18:57:00+00:00,ok,github,9034663,f7c89d1c3b2443d7db8c4f6d457d839c3e16eef5b4762d1341c86d7b5d676768,122704,111882,10822,1607,photo 2026-10-02 + 152 fichiers de changements,962,82,25,,12.7,
2026-10-02T19:02:00+00:00,ok,github,9034750,70f7bab00cc1f06053a6e33efaee6a919e369cc5bf7b904e1a79f6e9962e8c81,122704,111882,10822,1606,photo 2026-10-02 + 153 fichiers de changements,1368,82,25,,9.0,
2026-10-02T19:07:00+00:00,ok,github,9034508,0e9ef2a74c461aaf2c6af8a232511b9bbe3e3f20da650f77fa7e178e71049f10,122705,111883,10822,1610,photo 2026-10-02 + 154 fichiers de changements,1142,83,25,,9.0,
2026-10-02T19:12:00+00:00,ok,github,9034380,4703fef91e5ffb27866d1261051df5f84c0a614bff26ed060de1fc6c7a826761,122705,111883,10822,1611,photo 2026-10-02 + 155 fichiers de changements,870,83,25,,11.3,
2026-10-02T19:17:00+00:00,ok,github,9034330,fcd4dacac7f9cce383c54e162b311690e2f3eb0ef91f6027f196c0ed94724476,122705,111883,10822,1609,photo 2026-10-02 + 156 fichiers de changements,885,83,25,,9.8,
2026-10-02T19:22:00+00:00,ok,github,9034084,89d49630322f4a59470b2bf52110bd4bb8dbc00be2cadf14c6735726ebc04e8a,122706,111884,10822,1604,photo 2026-10-02 + 157 fichiers de changements,938,84,25,,9.1,
2026-10-02T19:27:00+00:00,ok,github,9033962,ab5c06f2cf92366da90766f2435bc64c3f993ebf2db768f4c948423bd6b621c9,122706,111884,10822,1605,photo 2026-10-02 + 158 fichiers de changements,931,84,25,,8.6,
2026-10-02T19:32:00+00:00,ok,github,9033928,89e0e015d6fc90c940fd7b17568879903409b26d41d5b3cf9193379ec965b0fe,122706,111884,10822,1608,photo 2026-10-02 + 159 fichiers de changements,853,84,25,,10.7,
2026-10-02T19:37:00+00:00,ok,github,9033968,ea9bab7b936d4ee6db1f7792aa3b2d6b5c224d661b5d96462ce258c9c8e6acee,122706,111884,10822,1606,photo 2026-10-02 + 160 fichiers de changements,867,84,25,,10.7,
2026-10-02T19:42:00+00:00,ok,github,9033662,f263f8b0304d449b7eeb3ed45d1aa8c45989c341d5d0884b1a9c5929bc753ba0,122706,111884,10822,1606,photo 2026-10-02 + 161 fichiers de changements,867,84,25,,9.7,
2026-10-02T19:47:00+00:00,ok,github,9033463,0c5a68a1f92ad1434bc9f41cd2cd13c73a68ca36e50ad39c7823334e7f9442b6,122706,111884,10822,1604,photo 2026-10-02 + 162 fichiers de changements,856,84,25,,11.3,
2026-10-02T19:52:00+00:00,ok,github,9033390,7f3e5331b7e1a7f2dffac3c18376d3662c975a935eb89421336d42340f2ac8e2,122706,111884,10822,1600,photo 2026-10-02 + 163 fichiers de changements,734,84,25,,9.1,
2026-10-02T19:57:00+00:00,ok,github,9033276,03767cb4e71c181f6344536b1e3d86ebd31f090a327c0a2b900253fdf2b05d81,122706,111884,10822,1600,photo 2026-10-02 + 164 fichiers de changements,701,84,25,,10.8,
2026-10-02T20:07:00+00:00,ok,github,9033101,6d9c1cc5551c63d19fbeb0954671c36860bfad25d9d3fcdc5491a4bfddc178b6,122705,111883,10822,1604,photo 2026-10-02 + 165 fichiers de changements,1639,85,27,,11.9,
2026-10-02T20:22:00+00:00,ok,github,9033013,d854c78963504692fc2e369cefa73a896a3a204756a374de4ab07b6d7380a6a4,122705,111883,10822,1606,photo 2026-10-02 + 166 fichiers de changements,1797,85,27,,8.6,
2026-10-02T20:37:00+00:00,ok,github,9032880,7eecf8ee9a4f4de12503c32836696a11ea12e1c892138f558a717d2354eb0c92,122705,111883,10822,1615,photo 2026-10-02 + 167 fichiers de changements,1701,85,27,,9.1,
2026-10-02T20:52:00+00:00,ok,github,9032468,7968d7fa253c58a6865072512bc165c4211a7d6af0c16aed6197384a01a4f96d,122705,111883,10822,1610,photo 2026-10-02 + 168 fichiers de changements,1530,85,27,,8.5,
2026-10-02T21:07:00+00:00,ok,github,9032547,65fddf63c2fe14aaf390eb7faa9d33e1c5ff1baa539ff0839a23cf72ab8ab5e2,122705,111883,10822,1611,photo 2026-10-02 + 169 fichiers de changements,1712,85,27,,9.3,
2026-10-02T21:22:00+00:00,ok,github,9032287,7606e01733ab22b2159935418dc6ab4445e11b7e14a595abd0cdc6e6f175c62d,122705,111883,10822,1606,photo 2026-10-02 + 170 fichiers de changements,1405,85,27,,10.9,
2026-10-02T21:37:00+00:00,ok,github,9032148,a4a32d77f57887593b7b989ef19e2c9386bd6f76be409d1e69347c3a9ba19a5e,122705,111883,10822,1603,photo 2026-10-02 + 171 fichiers de changements,1284,85,27,,8.6,
2026-10-02T21:52:00+00:00,ok,github,9032127,f258617a0b423ea0a79a1d229ade71987279fe1a4305f018b2d2dc73ddb97739,122705,111883,10822,1606,photo 2026-10-02 + 172 fichiers de changements,1088,85,27,,8.6,
2026-10-02T22:07:00+00:00,ok,github,9032005,02e0e0dc8433b3676f3697437502fa469437a3de89bf026ff2f9b32a6ce6e8ae,122705,111883,10822,1599,photo 2026-10-02 + 173 fichiers de changements,1217,87,29,,9.0,
2026-10-02T22:22:00+00:00,ok,github,9031979,33c86945fbf8889b8a9e5c4e67fd0f2dcd3e72523ea2c2205f929ab9298414ff,122705,111883,10822,1598,photo 2026-10-02 + 174 fichiers de changements,1007,87,29,,10.6,
2026-10-02T22:37:00+00:00,ok,github,9031998,a9ade557116db9aa32c70ea324da08f9134d46d37be31e3b405586f33c8be5a9,122705,111883,10822,1598,photo 2026-10-02 + 175 fichiers de changements,946,87,29,,12.0,
2026-10-02T22:52:00+00:00,ok,github,9032217,f0122118932724143e1d7e3128518cac7cf2bf45e83a7d19e4e314b9a833a2f2,122707,111885,10822,1604,photo 2026-10-02 + 176 fichiers de changements,885,89,29,,11.2,
2026-10-02T23:07:00+00:00,ok,github,9032405,cbf862f92a0d04fff8d3bfd6683cb3a016ee1c5e7735ef563f3f1296dc9a935e,122712,111890,10822,1604,photo 2026-10-02 + 177 fichiers de changements,855,95,30,,8.8,
2026-10-02T23:22:00+00:00,ok,github,9032260,1433a1f7ee75557e9972be6e2e709ea6f0a15f70d0d7d12b117a63e156ddb0fc,122712,111890,10822,1603,photo 2026-10-02 + 178 fichiers de changements,659,95,30,,8.4,
2026-10-02T23:37:00+00:00,ok,github,9032300,a20ea59c7ed23c1ca092a32481ba15f345fcd3e52ad98898ffd1c609bdccbbcc,122712,111890,10822,1603,photo 2026-10-02 + 179 fichiers de changements,662,95,30,,8.5,
2026-10-02T23:52:00+00:00,ok,github,9032290,ffbd2b0ce40ff69d7cf63c929dcb35ccffcb87448cbdec6a81e4b18fddc21aed,122712,111890,10822,1602,photo 2026-10-02 + 180 fichiers de changements,601,95,30,,8.0,
2026-10-03T00:03:25+00:00,ok,github,9032316,d1b64936e422359f71cbe733740c002785ccc7eda8a7527d02672ec907e0b257,122710,111888,10822,1607,photo 2026-10-02 + 181 fichiers de changements,487,96,33,data/collecte/dynamique/instantanes/2026-10-03.csv.gz,8.6,
2026-10-03T01:12:14+00:00,ok,github,9032640,9d4dd9cff7a304ab30f43708b82b22c9e9cca41bb936347283f83302d10c1858,122708,111884,10824,1605,photo 2026-10-03 + 1 fichiers de changements,1283,0,4,,5.5,
2026-10-03T01:22:00+00:00,ok,github,9032269,502f03619a88416fcd5dbf0164324490133046e8bc365d2adf1494e96f31a0cb,122708,111884,10824,1604,photo 2026-10-03 + 2 fichiers de changements,400,0,4,,5.0,
2026-10-03T01:37:00+00:00,ok,github,9032149,6ce06bc1c64f5e3b7fa287af73d2cad81fd4575131e95751bf77e85e45c5cc75,122708,111884,10824,1606,photo 2026-10-03 + 3 fichiers de changements,439,0,4,,5.1,
2026-10-03T01:52:00+00:00,ok,github,9032373,b832f49b129d463876d17434394bd7013166c7c92941bde58fbf02dc81f1f02a,122708,111884,10824,1606,photo 2026-10-03 + 4 fichiers de changements,478,0,4,,6.3,
2026-10-03T02:07:00+00:00,ok,github,9032211,776a049c77e5d41154574e4eeae2bfb91ae1402826317287c96bc08e91f04b24,122709,111885,10824,1600,photo 2026-10-03 + 5 fichiers de changements,477,1,4,,5.5,
2026-10-03T02:22:00+00:00,ok,github,9032061,67ad745562c479d31872f84f67a6530c4e00ef94c72eac58aff8fb815ddfddd0,122709,111885,10824,1603,photo 2026-10-03 + 6 fichiers de changements,399,1,4,,6.2,
2026-10-03T02:37:00+00:00,ok,github,9032005,cbf36f26bca566b4e2b7937f10a7a6a5fd207151ff4c1dc23b241f0ba881af0d,122709,111885,10824,1605,photo 2026-10-03 + 7 fichiers de changements,323,1,4,,5.6,
2026-10-03T02:52:00+00:00,ok,github,9031909,89a00d2843e1ccb4e76e70925229211484764ac32de428a0f29e70ddde722434,122709,111885,10824,1602,photo 2026-10-03 + 8 fichiers de changements,406,1,4,,5.0,
2026-10-03T03:07:00+00:00,ok,github,9032091,433981a8c81458179a65e0f74cc59f365d442c53a2601f076936bfb7a7318674,122709,111885,10824,1611,photo 2026-10-03 + 9 fichiers de changements,438,1,4,,5.4,
2026-10-03T03:22:00+00:00,ok,github,9031919,d8c68149d27683eab20b21b107c0f6da453d35b3a3ee79598855001d23dd08e3,122709,111885,10824,1608,photo 2026-10-03 + 10 fichiers de changements,402,1,4,,6.1,
2026-10-03T03:37:00+00:00,ok,github,9032058,8c81c6725521619e379646e4f6bd6d9ed3ad619ff2077647b2e5c4acbf6f6742,122709,111885,10824,1610,photo 2026-10-03 + 11 fichiers de changements,411,1,4,,5.8,
2026-10-03T03:52:00+00:00,ok,github,9031970,85d83d76e6a73c9ca2394ec588ba9462047045863231fa76ebedda8c6546bdd7,122709,111885,10824,1606,photo 2026-10-03 + 12 fichiers de changements,431,1,4,,5.1,
2026-10-03T04:07:00+00:00,ok,github,9032014,3b15192ae650c865f87a974aad2e86a6c8e6f3455c8a7d5b6b22073e1352d998,122709,111885,10824,1609,photo 2026-10-03 + 13 fichiers de changements,613,1,4,,5.2,
2026-10-03T04:22:00+00:00,ok,github,9032144,2fcd0d1b004ec04f52f1b927660c66e08ed11b13531aa70f6e887be01da86fb1,122709,111885,10824,1603,photo 2026-10-03 + 14 fichiers de changements,657,1,4,,5.7,
2026-10-03T04:37:00+00:00,ok,github,9032218,ca9015954a969afedc24733c2caeae58951ee38fe40997133a63270b9342a8c5,122709,111885,10824,1601,photo 2026-10-03 + 15 fichiers de changements,672,1,4,,5.1,
2026-10-03T04:52:00+00:00,ok,github,9032228,f6ffa290ee7ba5dd84976e43108a01532678d3c9fab4f4c4f69b311bd4abece1,122709,111885,10824,1600,photo 2026-10-03 + 16 fichiers de changements,694,1,4,,6.1,
2026-10-03T05:07:00+00:00,ok,github,9032099,5c166f5ef4bac668dfa5bf19a25227e679d38fac3eeef46dc59786bd033e5582,122709,111885,10824,1604,photo 2026-10-03 + 17 fichiers de changements,844,1,4,,5.3,
2026-10-03T05:22:00+00:00,ok,github,9032332,1afc0b323cf037dae23ffcf3f7dddbd17edc1569b70c8cb8d675bbafe9e47b9b,122709,111885,10824,1606,photo 2026-10-03 + 18 fichiers de changements,854,1,4,,5.5,
2026-10-03T05:37:00+00:00,ok,github,9032339,cd6aeda6761024386bc755edb65e5b9069907f2214a09b004f4160fb28cacbc3,122708,111884,10824,1611,photo 2026-10-03 + 19 fichiers de changements,970,1,5,,6.0,
2026-10-03T05:52:00+00:00,ok,github,9032675,ead9b81b48770048604766b31388eee45a74607578ce7d497b0c66dd5a1db7c4,122708,111884,10824,1609,photo 2026-10-03 + 20 fichiers de changements,1205,1,5,,12.3,
2026-10-03T06:02:00+00:00,ok,github,9032782,0211c0cb7289f37c9c08a84062f433d1ccc83c357a01c2e41cf7e6dbe32ea7c5,122708,111884,10824,1617,photo 2026-10-03 + 21 fichiers de changements,1144,1,5,,5.6,
2026-10-03T06:34:50+00:00,ok,github,9033391,4bf6c76940be0d85040bc92aac14756b957e4101d5e7d333360f082f054be168,122708,111884,10824,1618,photo 2026-10-03 + 22 fichiers de changements,3645,1,5,,5.2,
2026-10-03T06:37:00+00:00,ok,github,9033455,9b46a4d13c3d9019f6bab5666aefbfd946401b5327e0549e7c89bda49008e504,122709,111885,10824,1625,photo 2026-10-03 + 23 fichiers de changements,410,2,5,,5.2,
2026-10-03T06:42:00+00:00,ok,github,9033529,3f03fddc70889cd5f94b6ed4c56987f4ab88a2c9f423615890a4e039505467ad,122709,111885,10824,1623,photo 2026-10-03 + 24 fichiers de changements,813,2,5,,5.1,
2026-10-03T06:47:00+00:00,ok,github,9033738,1158d127565bcd09ac35739781a0196c7231724971e067268f9f2d2450e2aad0,122709,111885,10824,1622,photo 2026-10-03 + 25 fichiers de changements,881,2,5,,12.1,
2026-10-03T06:52:00+00:00,ok,github,9033879,45fc2a454b803843b9d20a62ccfa2fe974ae674cc7f6244fa73d703996b6acc9,122709,111885,10824,1624,photo 2026-10-03 + 26 fichiers de changements,791,2,5,,5.4,
2026-10-03T06:57:00+00:00,ok,github,9034017,627f0cba2325b488ae3f35d356800fd71ae8c22208555fe2fa2ab5c82aa81f40,122709,111885,10824,1625,photo 2026-10-03 + 27 fichiers de changements,901,2,5,,4.9,
2026-10-03T07:02:00+00:00,ok,github,9034126,abf09b41d33dab4827624b97364a1cc01f0af14130666c182323da6349da3565,122709,111885,10824,1637,photo 2026-10-03 + 28 fichiers de changements,1127,2,5,,4.9,
2026-10-03T07:07:00+00:00,ok,github,9034322,9942636a8948012d483df7f26ffe6a63e66c8c3b9539a42f7c1e7d3acbca9d16,122709,111885,10824,1639,photo 2026-10-03 + 29 fichiers de changements,977,2,5,,5.5,
2026-10-03T07:12:00+00:00,ok,github,9034343,42a1307df4b6085b85dc05ce7b30de941eae1429d7309e5ee4cbb4acf2cdb106,122709,111885,10824,1635,photo 2026-10-03 + 30 fichiers de changements,1005,2,5,,5.4,
2026-10-03T07:17:00+00:00,ok,github,9034334,b796bdb9e84e9baeb8e7d7b6400ab0741a223899e7b0821377eb9d9f4a07d72e,122709,111885,10824,1635,photo 2026-10-03 + 31 fichiers de changements,1101,2,5,,5.6,
2026-10-03T07:22:00+00:00,ok,github,9034437,aa457c29c268c18bc7a854925a78afddb0fbbcd521ed8d9050f87895ef49c90f,122710,111886,10824,1633,photo 2026-10-03 + 32 fichiers de changements,1049,3,5,,5.3,
2026-10-03T07:27:00+00:00,ok,github,9034499,dd65e3e6bb076bb5386b7d898bdf2cc7e1e4caf0690105dccc405ee1bf69cdc7,122710,111886,10824,1634,photo 2026-10-03 + 33 fichiers de changements,1053,3,5,,5.8,
2026-10-03T07:32:00+00:00,ok,github,9034451,e9c678e3082d0cbe342d420da74555af740a37a47325300fe6c85e357ae9740d,122710,111886,10824,1639,photo 2026-10-03 + 34 fichiers de changements,1229,3,5,,5.3,
2026-10-03T07:37:00+00:00,ok,github,9034758,d3153930a0ac67ca0d8c8fb0aab47ee73220c061ba20c8083ba905dd4bf9ba28,122711,111887,10824,1636,photo 2026-10-03 + 35 fichiers de changements,1238,4,5,,5.4,
2026-10-03T07:42:00+00:00,ok,github,9035060,c97b09c10beed2a326f26a276d0e23f2f32543855fe7723f6721568439c95873,122711,111887,10824,1638,photo 2026-10-03 + 36 fichiers de changements,1168,4,5,,6.1,
2026-10-03T07:47:00+00:00,ok,github,9035063,ae4acc8881e4dbbb4c889ab354c5103f66a21b37700b73adeaeb442f7c65ca5b,122711,111887,10824,1638,photo 2026-10-03 + 37 fichiers de changements,1270,4,5,,5.8,
2026-10-03T07:52:00+00:00,ok,github,9035295,e5a885470d76f99e3f5190d3dfac32af90c835b932411db19dd018eabd250c24,122711,111887,10824,1646,photo 2026-10-03 + 38 fichiers de changements,1484,4,5,,5.4,
2026-10-03T07:57:00+00:00,ok,github,9035290,641c4e3bfeed469a6ec733d09ccccf90e1344dab68aa4600f1f2b76ca0a567e3,122711,111887,10824,1641,photo 2026-10-03 + 39 fichiers de changements,1357,4,5,,6.0,
2026-10-03T08:02:00+00:00,ok,github,9035891,b227991c5fd397924297a6a627a8370492f78d6debaf64291b8a80efbd0f0160,122717,111893,10824,1634,photo 2026-10-03 + 40 fichiers de changements,1581,10,5,,5.5,
2026-10-03T08:07:00+00:00,ok,github,9035826,058e75301b20eec054f62417f1f70907d62c89458354c8d3a31147013b3cd47e,122717,111893,10824,1634,photo 2026-10-03 + 41 fichiers de changements,1340,10,5,,5.6,
2026-10-03T08:12:00+00:00,ok,github,9036109,9b525ab7cc3ebc022967151b71134426841b13fc6c376e5b63c61289da335bcb,122717,111893,10824,1639,photo 2026-10-03 + 42 fichiers de changements,1391,10,5,,5.7,
2026-10-03T08:17:00+00:00,ok,github,9036322,b1d0a84593b108adb7f93dd5d5d7771bcd906f7038392f09f771e9faec44dcd9,122718,111894,10824,1636,photo 2026-10-03 + 43 fichiers de changements,1634,11,5,,5.8,
2026-10-03T08:22:00+00:00,ok,github,9036424,5072c2de74ec067083ae76d43b5813b41be684dae7db45f0c78944a868a0eb48,122718,111894,10824,1635,photo 2026-10-03 + 44 fichiers de changements,1532,11,5,,5.5,
2026-10-03T08:27:00+00:00,ok,github,9036777,24f379a7beac03a4e3976c00c7a1e1e1fc6145abfb84e61584978db5a31f0c78,122720,111896,10824,1634,photo 2026-10-03 + 45 fichiers de changements,1547,13,5,,5.6,
2026-10-03T08:32:00+00:00,ok,github,9036988,7359a53679ecb3c97780fb45580eae5df096f93ae2c2d1c43e04ed2333b48ee2,122720,111896,10824,1627,photo 2026-10-03 + 46 fichiers de changements,1622,13,5,,6.1,
2026-10-03T08:37:00+00:00,ok,github,9036859,20d803d34d94975e446f73f423fc03599d9d1d901428f23b752d83569213351e,122720,111896,10824,1629,photo 2026-10-03 + 47 fichiers de changements,1522,13,5,,6.1,
2026-10-03T08:42:00+00:00,ok,github,9037057,fc75e93f4d94a906bd528af58b2348a1a64769b4c990d7a8284083fc17a34231,122720,111896,10824,1632,photo 2026-10-03 + 48 fichiers de changements,1615,13,5,,5.7,
2026-10-03T08:47:00+00:00,ok,github,9037165,c408c3b7406b0ac05d5d3aea8ad16b7c80a05cd48be3de8c31e0ec6ab786e0e9,122720,111896,10824,1634,photo 2026-10-03 + 49 fichiers de changements,1862,13,5,,5.8,
2026-10-03T08:52:00+00:00,ok,github,9037198,4a99ea0f3257196cf2bb894d6143a0460db653b82132015e4b80260ab75a7212,122720,111896,10824,1628,photo 2026-10-03 + 50 fichiers de changements,1667,13,5,,5.9,
2026-10-03T08:57:00+00:00,ok,github,9037349,bf321bd3012227332dee6dabe3def8fa0cb8d3895aa1640c8b6e0ddfbf78d853,122720,111896,10824,1625,photo 2026-10-03 + 51 fichiers de changements,1710,13,5,,5.5,
2026-10-03T09:02:00+00:00,ok,github,9037560,dd95194cb4cbc1c65d1a1057fa1c3194d542e0cded768a3c65947ca87550e1a0,122720,111896,10824,1623,photo 2026-10-03 + 52 fichiers de changements,2176,13,5,,6.5,
2026-10-03T09:07:00+00:00,ok,github,9037528,0af2866b31a83fd74cabd18c0698e8e218a53f78fa5bd1cc987ffddfc001177e,122720,111896,10824,1630,photo 2026-10-03 + 53 fichiers de changements,1719,13,5,,5.8,
2026-10-03T09:12:00+00:00,ok,github,9037626,dd37c5caf4a95d1c0b11a25ced786d61a17676a73451d3dc75136fda66d5d45a,122722,111898,10824,1633,photo 2026-10-03 + 54 fichiers de changements,1933,15,5,,6.6,
2026-10-03T09:17:00+00:00,ok,github,9037777,952150cc616450c9629f758f8d7788b10f45984337b4acd6d0066540433c1838,122722,111898,10824,1628,photo 2026-10-03 + 55 fichiers de changements,1940,15,5,,5.6,
2026-10-03T09:22:00+00:00,ok,github,9037815,40d8665c5c34ed1ad30a5d941e5bdaf82ac783d9d016b57852876b39079a372f,122722,111898,10824,1631,photo 2026-10-03 + 56 fichiers de changements,1792,15,5,,6.0,
2026-10-03T09:27:00+00:00,ok,github,9037881,4483c743582be54d3214cb2121ae51b169cfe699664afe2020065505a46a9e87,122722,111898,10824,1632,photo 2026-10-03 + 57 fichiers de changements,1795,15,5,,6.3,
2026-10-03T09:32:00+00:00,ok,github,9037952,fd47e6433d65df6d6e5524bf27c3a923b0365f2582bdacd29196477b10d876c9,122723,111899,10824,1634,photo 2026-10-03 + 58 fichiers de changements,1924,16,5,,6.1,
2026-10-03T09:37:00+00:00,ok,github,9037919,adeff0f8267a6f100b87517d80b8ff5c74e9ed5f5fe80677e3b9a4ce27d18184,122724,111900,10824,1641,photo 2026-10-03 + 59 fichiers de changements,2021,17,5,,5.5,
2026-10-03T09:42:00+00:00,ok,github,9038165,48be75b2d7c82efca1c3c626fa91fb805cf25c2340e4f9043ae5e2f4a48f11d8,122726,111902,10824,1640,photo 2026-10-03 + 60 fichiers de changements,1770,19,5,,6.1,
2026-10-03T09:47:00+00:00,ok,github,9038319,00432ebda3f481ec8198f69dbbba2e4f3475f9299ccdf4fa2d918d83098e63ea,122726,111902,10824,1640,photo 2026-10-03 + 61 fichiers de changements,1816,19,5,,5.8,
2026-10-03T09:52:00+00:00,ok,github,9038327,80065906a8239212915c89e8061c758e7cb54c17bf9602522b1da0d3e8bda877,122726,111902,10824,1638,photo 2026-10-03 + 62 fichiers de changements,1796,19,5,,6.5,
2026-10-03T09:57:00+00:00,ok,github,9038095,cb07ebec8d515bb168d7daf6333dea549579ff80148492b282b5d4174d2e4463,122726,111902,10824,1640,photo 2026-10-03 + 63 fichiers de changements,2073,19,5,,6.3,
2026-10-03T10:02:00+00:00,ok,github,9038247,746a91efd2065310e76bba8a9a635c28ec4efe61287df6a6fb88546f3d318863,122726,111902,10824,1645,photo 2026-10-03 + 64 fichiers de changements,2118,19,5,,6.7,
2026-10-03T10:07:00+00:00,ok,github,9038216,23bff2f95145cd8634539b7f1ccfda0941200469f868cad4bdac843a37c3944f,122727,111903,10824,1640,photo 2026-10-03 + 65 fichiers de changements,1850,20,5,,6.1,
2026-10-03T10:12:00+00:00,ok,github,9038234,49a00be648de23a031064c7f025eaf3b0decb8bea84ad686c64dffa09a34353f,122727,111903,10824,1639,photo 2026-10-03 + 66 fichiers de changements,1945,20,5,,6.1,
2026-10-03T10:17:00+00:00,ok,github,9038333,a91546dd1afe6b40e22cac7ef332ba3ae1587dc3a70b8320441e765a940dfc93,122727,111903,10824,1640,photo 2026-10-03 + 67 fichiers de changements,1953,20,5,,6.3,
2026-10-03T10:22:00+00:00,ok,github,9038181,62851a6f89a658fe2be49021f07caebf5a33735c7e25666212fa3aaeaa1838f1,122727,111903,10824,1637,photo 2026-10-03 + 68 fichiers de changements,1819,20,5,,6.0,
2026-10-03T10:27:00+00:00,ok,github,9038159,4c3fe65bb9f250fdd12db9742af10c09983a17050e3441b611c4cd36a7a8a290,122727,111903,10824,1638,photo 2026-10-03 + 69 fichiers de changements,1707,20,5,,6.3,
2026-10-03T10:32:00+00:00,ok,github,9038352,712709a4c31052f35f8b3df20563fa03cb2a01e356494955c9c5ccd4825b2e56,122727,111903,10824,1639,photo 2026-10-03 + 70 fichiers de changements,1783,20,5,,6.1,
2026-10-03T10:37:00+00:00,ok,github,9038281,f4a25abfd5eec4d13f3e963611bb07c0f9d6d6bab926980af544c2d51db376ea,122728,111904,10824,1641,photo 2026-10-03 + 71 fichiers de changements,1857,21,5,,6.4,
2026-10-03T10:42:00+00:00,ok,github,9038587,13f9fcabf417844626ac1a9703a39d12269cb4381bc1a9c6f64b53a4b3c91fbd,122730,111906,10824,1648,photo 2026-10-03 + 72 fichiers de changements,1646,23,5,,5.9,
2026-10-03T10:47:00+00:00,ok,github,9038387,2f8da77a3b3b516b7e47b939d241ee965a458c935ec778bc3cbd425768f026bd,122731,111907,10824,1644,photo 2026-10-03 + 73 fichiers de changements,1654,24,5,,8.0,
2026-10-03T10:52:00+00:00,ok,github,9038664,1c4221c33d772e6f48ba09f91f5492caea2d8e1b3252b2a615de7a75a456c33a,122731,111907,10824,1651,photo 2026-10-03 + 74 fichiers de changements,1660,24,5,,6.2,
2026-10-03T10:57:00+00:00,ok,github,9038581,859f81fe327d624d7c6f1d22224338c799d014d2338cf7e1bcc05c0309369671,122731,111907,10824,1649,photo 2026-10-03 + 75 fichiers de changements,1764,24,5,,6.9,
2026-10-03T11:02:00+00:00,ok,github,9038505,68d4d0056b8f8398b819dc07c171389cc0f80e5b5901ede8f874bcd924e4ffec,122731,111907,10824,1645,photo 2026-10-03 + 76 fichiers de changements,1963,24,5,,6.1,
2026-10-03T11:07:00+00:00,ok,github,9038477,2778a29d3018ecbfcb465ac1ba99bc96c34a6d6ae06d57cf06a7950fb4c77bbf,122731,111907,10824,1649,photo 2026-10-03 + 77 fichiers de changements,1503,24,5,,7.3,
2026-10-03T11:12:00+00:00,ok,github,9038267,c0dc50377f306595eef9a3c3476c3aa11f8512f2f2e428c3e4a0696bab3f2948,122731,111907,10824,1640,photo 2026-10-03 + 78 fichiers de changements,1699,24,5,,6.2,
2026-10-03T11:17:00+00:00,ok,github,9038238,4fe81208eece4129facbc539884425226c13d83a1afeb2b304885f7868f078c1,122731,111907,10824,1633,photo 2026-10-03 + 79 fichiers de changements,1619,24,5,,6.1,
2026-10-03T11:22:00+00:00,ok,github,9038150,01b69631926e5f2bacdd8de1776e9479206ef90a9f51a7feb720d91ae6cbbabb,122731,111907,10824,1636,photo 2026-10-03 + 80 fichiers de changements,1489,24,5,,6.3,
2026-10-03T11:27:00+00:00,ok,github,9038265,e8b1e98ccfcd2590658603f90c191b84e0ec838c894d1a3fa009765d955715d0,122731,111907,10824,1634,photo 2026-10-03 + 81 fichiers de changements,1463,24,5,,7.2,
2026-10-03T11:32:00+00:00,ok,github,9038466,eea6f33694202fc7563e89c5152f6ccdc3f24a28514879232acab764dbbf0084,122731,111907,10824,1632,photo 2026-10-03 + 82 fichiers de changements,1574,24,5,,6.1,
2026-10-03T11:37:00+00:00,ok,github,9038232,bcdc024fd6760bf5d13fe56214881150625a44f78525ab58b02bfd4114e7e0cc,122731,111907,10824,1625,photo 2026-10-03 + 83 fichiers de changements,1553,24,5,,6.8,
